EmployeeID,Department,JobRole,JobLevel,Age,Gender,SystemName,AccessLevel,JML_Status,Attrition,YearsAtCompany,YearsInCurrentRole,YearsSinceLastPromotion,YearsWithCurrManager,BusinessTravel,OverTime,PerformanceRating,TotalWorkingYears,TrainingTimesLastYear,RiskScore,RiskLevel
EMP0001,Sales,Sales Executive,2,41,Female,Active Directory,Write,Leaver,Yes,6,4,0,5,Travel_Rarely,Yes,3,8,0,80,Critical
EMP0001,Sales,Sales Executive,2,41,Female,Salesforce,Write,Leaver,Yes,6,4,0,5,Travel_Rarely,Yes,3,8,0,80,Critical
EMP0001,Sales,Sales Executive,2,41,Female,SharePoint,Write,Leaver,Yes,6,4,0,5,Travel_Rarely,Yes,3,8,0,80,Critical
EMP0001,Sales,Sales Executive,2,41,Female,ServiceNow,Write,Leaver,Yes,6,4,0,5,Travel_Rarely,Yes,3,8,0,80,Critical
EMP0001,Sales,Sales Executive,2,41,Female,CRM Portal,Write,Leaver,Yes,6,4,0,5,Travel_Rarely,Yes,3,8,0,80,Critical
EMP0002,Research & Development,Research Scientist,2,49,Male,Active Directory,Write,Stable,No,10,7,1,7,Travel_Frequently,No,4,10,3,35,Medium
EMP0002,Research & Development,Research Scientist,2,49,Male,SAP,Write,Stable,No,10,7,1,7,Travel_Frequently,No,4,10,3,35,Medium
EMP0002,Research & Development,Research Scientist,2,49,Male,SharePoint,Write,Stable,No,10,7,1,7,Travel_Frequently,No,4,10,3,35,Medium
EMP0002,Research & Development,Research Scientist,2,49,Male,ServiceNow,Write,Stable,No,10,7,1,7,Travel_Frequently,No,4,10,3,35,Medium
EMP0002,Research & Development,Research Scientist,2,49,Male,Lab Systems,Write,Stable,No,10,7,1,7,Travel_Frequently,No,4,10,3,35,Medium
EMP0004,Research & Development,Laboratory Technician,1,37,Male,Active Directory,Read,Leaver,Yes,0,0,0,0,Travel_Rarely,Yes,3,7,3,70,Critical
EMP0004,Research & Development,Laboratory Technician,1,37,Male,SAP,Read,Leaver,Yes,0,0,0,0,Travel_Rarely,Yes,3,7,3,70,Critical
EMP0004,Research & Development,Laboratory Technician,1,37,Male,SharePoint,Read,Leaver,Yes,0,0,0,0,Travel_Rarely,Yes,3,7,3,70,Critical
EMP0004,Research & Development,Laboratory Technician,1,37,Male,ServiceNow,Read,Leaver,Yes,0,0,0,0,Travel_Rarely,Yes,3,7,3,70,Critical
EMP0004,Research & Development,Laboratory Technician,1,37,Male,Lab Systems,Read,Leaver,Yes,0,0,0,0,Travel_Rarely,Yes,3,7,3,70,Critical
EMP0005,Research & Development,Research Scientist,1,33,Female,Active Directory,Write,Stable,No,8,7,3,0,Travel_Frequently,Yes,3,8,3,55,High
EMP0005,Research & Development,Research Scientist,1,33,Female,SAP,Write,Stable,No,8,7,3,0,Travel_Frequently,Yes,3,8,3,55,High
EMP0005,Research & Development,Research Scientist,1,33,Female,SharePoint,Write,Stable,No,8,7,3,0,Travel_Frequently,Yes,3,8,3,55,High
EMP0005,Research & Development,Research Scientist,1,33,Female,ServiceNow,Write,Stable,No,8,7,3,0,Travel_Frequently,Yes,3,8,3,55,High
EMP0005,Research & Development,Research Scientist,1,33,Female,Lab Systems,Write,Stable,No,8,7,3,0,Travel_Frequently,Yes,3,8,3,55,High
EMP0007,Research & Development,Laboratory Technician,1,27,Male,Active Directory,Read,Stable,No,2,2,2,2,Travel_Rarely,No,3,6,3,10,Low
EMP0007,Research & Development,Laboratory Technician,1,27,Male,SAP,Read,Stable,No,2,2,2,2,Travel_Rarely,No,3,6,3,10,Low
EMP0007,Research & Development,Laboratory Technician,1,27,Male,SharePoint,Read,Stable,No,2,2,2,2,Travel_Rarely,No,3,6,3,10,Low
EMP0007,Research & Development,Laboratory Technician,1,27,Male,ServiceNow,Read,Stable,No,2,2,2,2,Travel_Rarely,No,3,6,3,10,Low
EMP0007,Research & Development,Laboratory Technician,1,27,Male,Lab Systems,Read,Stable,No,2,2,2,2,Travel_Rarely,No,3,6,3,10,Low
EMP0008,Research & Development,Laboratory Technician,1,32,Male,Active Directory,Read,Stable,No,7,7,3,6,Travel_Frequently,No,3,8,2,25,Low
EMP0008,Research & Development,Laboratory Technician,1,32,Male,SAP,Read,Stable,No,7,7,3,6,Travel_Frequently,No,3,8,2,25,Low
EMP0008,Research & Development,Laboratory Technician,1,32,Male,SharePoint,Read,Stable,No,7,7,3,6,Travel_Frequently,No,3,8,2,25,Low
EMP0008,Research & Development,Laboratory Technician,1,32,Male,ServiceNow,Read,Stable,No,7,7,3,6,Travel_Frequently,No,3,8,2,25,Low
EMP0008,Research & Development,Laboratory Technician,1,32,Male,Lab Systems,Read,Stable,No,7,7,3,6,Travel_Frequently,No,3,8,2,25,Low
EMP0010,Research & Development,Laboratory Technician,1,59,Female,Active Directory,Read,Mover,No,1,0,0,0,Travel_Rarely,Yes,4,12,3,50,High
EMP0010,Research & Development,Laboratory Technician,1,59,Female,SAP,Read,Mover,No,1,0,0,0,Travel_Rarely,Yes,4,12,3,50,High
EMP0010,Research & Development,Laboratory Technician,1,59,Female,SharePoint,Read,Mover,No,1,0,0,0,Travel_Rarely,Yes,4,12,3,50,High
EMP0010,Research & Development,Laboratory Technician,1,59,Female,ServiceNow,Read,Mover,No,1,0,0,0,Travel_Rarely,Yes,4,12,3,50,High
EMP0010,Research & Development,Laboratory Technician,1,59,Female,Lab Systems,Read,Mover,No,1,0,0,0,Travel_Rarely,Yes,4,12,3,50,High
EMP0011,Research & Development,Laboratory Technician,1,30,Male,Active Directory,Read,Mover,No,1,0,0,0,Travel_Rarely,No,4,1,2,40,Medium
EMP0011,Research & Development,Laboratory Technician,1,30,Male,SAP,Read,Mover,No,1,0,0,0,Travel_Rarely,No,4,1,2,40,Medium
EMP0011,Research & Development,Laboratory Technician,1,30,Male,SharePoint,Read,Mover,No,1,0,0,0,Travel_Rarely,No,4,1,2,40,Medium
EMP0011,Research & Development,Laboratory Technician,1,30,Male,ServiceNow,Read,Mover,No,1,0,0,0,Travel_Rarely,No,4,1,2,40,Medium
EMP0011,Research & Development,Laboratory Technician,1,30,Male,Lab Systems,Read,Mover,No,1,0,0,0,Travel_Rarely,No,4,1,2,40,Medium
EMP0012,Research & Development,Manufacturing Director,3,38,Male,Active Directory,Write,Stable,No,9,7,1,8,Travel_Frequently,No,4,10,2,35,Medium
EMP0012,Research & Development,Manufacturing Director,3,38,Male,SAP,Write,Stable,No,9,7,1,8,Travel_Frequently,No,4,10,2,35,Medium
EMP0012,Research & Development,Manufacturing Director,3,38,Male,SharePoint,Write,Stable,No,9,7,1,8,Travel_Frequently,No,4,10,2,35,Medium
EMP0012,Research & Development,Manufacturing Director,3,38,Male,ServiceNow,Write,Stable,No,9,7,1,8,Travel_Frequently,No,4,10,2,35,Medium
EMP0012,Research & Development,Manufacturing Director,3,38,Male,Lab Systems,Write,Stable,No,9,7,1,8,Travel_Frequently,No,4,10,2,35,Medium
EMP0013,Research & Development,Healthcare Representative,2,36,Male,Active Directory,Read,Stable,No,7,7,7,7,Travel_Rarely,No,3,17,3,20,Low
EMP0013,Research & Development,Healthcare Representative,2,36,Male,SAP,Read,Stable,No,7,7,7,7,Travel_Rarely,No,3,17,3,20,Low
EMP0013,Research & Development,Healthcare Representative,2,36,Male,SharePoint,Read,Stable,No,7,7,7,7,Travel_Rarely,No,3,17,3,20,Low
EMP0013,Research & Development,Healthcare Representative,2,36,Male,ServiceNow,Read,Stable,No,7,7,7,7,Travel_Rarely,No,3,17,3,20,Low
EMP0013,Research & Development,Healthcare Representative,2,36,Male,Lab Systems,Read,Stable,No,7,7,7,7,Travel_Rarely,No,3,17,3,20,Low
EMP0014,Research & Development,Laboratory Technician,1,35,Male,Active Directory,Read,Stable,No,5,4,0,3,Travel_Rarely,No,3,6,5,10,Low
EMP0014,Research & Development,Laboratory Technician,1,35,Male,SAP,Read,Stable,No,5,4,0,3,Travel_Rarely,No,3,6,5,10,Low
EMP0014,Research & Development,Laboratory Technician,1,35,Male,SharePoint,Read,Stable,No,5,4,0,3,Travel_Rarely,No,3,6,5,10,Low
EMP0014,Research & Development,Laboratory Technician,1,35,Male,ServiceNow,Read,Stable,No,5,4,0,3,Travel_Rarely,No,3,6,5,10,Low
EMP0014,Research & Development,Laboratory Technician,1,35,Male,Lab Systems,Read,Stable,No,5,4,0,3,Travel_Rarely,No,3,6,5,10,Low
EMP0015,Research & Development,Laboratory Technician,2,29,Female,Active Directory,Read,Stable,No,9,5,0,8,Travel_Rarely,Yes,3,10,3,30,Medium
EMP0015,Research & Development,Laboratory Technician,2,29,Female,SAP,Read,Stable,No,9,5,0,8,Travel_Rarely,Yes,3,10,3,30,Medium
EMP0015,Research & Development,Laboratory Technician,2,29,Female,SharePoint,Read,Stable,No,9,5,0,8,Travel_Rarely,Yes,3,10,3,30,Medium
EMP0015,Research & Development,Laboratory Technician,2,29,Female,ServiceNow,Read,Stable,No,9,5,0,8,Travel_Rarely,Yes,3,10,3,30,Medium
EMP0015,Research & Development,Laboratory Technician,2,29,Female,Lab Systems,Read,Stable,No,9,5,0,8,Travel_Rarely,Yes,3,10,3,30,Medium
EMP0016,Research & Development,Research Scientist,1,31,Male,Active Directory,Write,Stable,No,5,2,4,3,Travel_Rarely,No,3,5,1,20,Low
EMP0016,Research & Development,Research Scientist,1,31,Male,SAP,Write,Stable,No,5,2,4,3,Travel_Rarely,No,3,5,1,20,Low
EMP0016,Research & Development,Research Scientist,1,31,Male,SharePoint,Write,Stable,No,5,2,4,3,Travel_Rarely,No,3,5,1,20,Low
EMP0016,Research & Development,Research Scientist,1,31,Male,ServiceNow,Write,Stable,No,5,2,4,3,Travel_Rarely,No,3,5,1,20,Low
EMP0016,Research & Development,Research Scientist,1,31,Male,Lab Systems,Write,Stable,No,5,2,4,3,Travel_Rarely,No,3,5,1,20,Low
EMP0018,Research & Development,Laboratory Technician,1,34,Male,Active Directory,Read,Stable,No,2,2,1,2,Travel_Rarely,No,3,3,2,10,Low
EMP0018,Research & Development,Laboratory Technician,1,34,Male,SAP,Read,Stable,No,2,2,1,2,Travel_Rarely,No,3,3,2,10,Low
EMP0018,Research & Development,Laboratory Technician,1,34,Male,SharePoint,Read,Stable,No,2,2,1,2,Travel_Rarely,No,3,3,2,10,Low
EMP0018,Research & Development,Laboratory Technician,1,34,Male,ServiceNow,Read,Stable,No,2,2,1,2,Travel_Rarely,No,3,3,2,10,Low
EMP0018,Research & Development,Laboratory Technician,1,34,Male,Lab Systems,Read,Stable,No,2,2,1,2,Travel_Rarely,No,3,3,2,10,Low
EMP0019,Research & Development,Laboratory Technician,1,28,Male,Active Directory,Read,Leaver,Yes,4,2,0,3,Travel_Rarely,Yes,3,6,4,60,High
EMP0019,Research & Development,Laboratory Technician,1,28,Male,SAP,Read,Leaver,Yes,4,2,0,3,Travel_Rarely,Yes,3,6,4,60,High
EMP0019,Research & Development,Laboratory Technician,1,28,Male,SharePoint,Read,Leaver,Yes,4,2,0,3,Travel_Rarely,Yes,3,6,4,60,High
EMP0019,Research & Development,Laboratory Technician,1,28,Male,ServiceNow,Read,Leaver,Yes,4,2,0,3,Travel_Rarely,Yes,3,6,4,60,High
EMP0019,Research & Development,Laboratory Technician,1,28,Male,Lab Systems,Read,Leaver,Yes,4,2,0,3,Travel_Rarely,Yes,3,6,4,60,High
EMP0020,Research & Development,Manufacturing Director,3,29,Female,Active Directory,Write,Stable,No,10,9,8,8,Travel_Rarely,No,3,10,1,30,Medium
EMP0020,Research & Development,Manufacturing Director,3,29,Female,SAP,Write,Stable,No,10,9,8,8,Travel_Rarely,No,3,10,1,30,Medium
EMP0020,Research & Development,Manufacturing Director,3,29,Female,SharePoint,Write,Stable,No,10,9,8,8,Travel_Rarely,No,3,10,1,30,Medium
EMP0020,Research & Development,Manufacturing Director,3,29,Female,ServiceNow,Write,Stable,No,10,9,8,8,Travel_Rarely,No,3,10,1,30,Medium
EMP0020,Research & Development,Manufacturing Director,3,29,Female,Lab Systems,Write,Stable,No,10,9,8,8,Travel_Rarely,No,3,10,1,30,Medium
EMP0021,Research & Development,Research Scientist,1,32,Male,Active Directory,Write,Stable,No,6,2,0,5,Travel_Rarely,Yes,3,7,5,40,Medium
EMP0021,Research & Development,Research Scientist,1,32,Male,SAP,Write,Stable,No,6,2,0,5,Travel_Rarely,Yes,3,7,5,40,Medium
EMP0021,Research & Development,Research Scientist,1,32,Male,SharePoint,Write,Stable,No,6,2,0,5,Travel_Rarely,Yes,3,7,5,40,Medium
EMP0021,Research & Development,Research Scientist,1,32,Male,ServiceNow,Write,Stable,No,6,2,0,5,Travel_Rarely,Yes,3,7,5,40,Medium
EMP0021,Research & Development,Research Scientist,1,32,Male,Lab Systems,Write,Stable,No,6,2,0,5,Travel_Rarely,Yes,3,7,5,40,Medium
EMP0022,Research & Development,Laboratory Technician,1,22,Male,Active Directory,Read,Mover,No,1,0,0,0,Non-Travel,Yes,3,1,2,45,Medium
EMP0022,Research & Development,Laboratory Technician,1,22,Male,SAP,Read,Mover,No,1,0,0,0,Non-Travel,Yes,3,1,2,45,Medium
EMP0022,Research & Development,Laboratory Technician,1,22,Male,SharePoint,Read,Mover,No,1,0,0,0,Non-Travel,Yes,3,1,2,45,Medium
EMP0022,Research & Development,Laboratory Technician,1,22,Male,ServiceNow,Read,Mover,No,1,0,0,0,Non-Travel,Yes,3,1,2,45,Medium
EMP0022,Research & Development,Laboratory Technician,1,22,Male,Lab Systems,Read,Mover,No,1,0,0,0,Non-Travel,Yes,3,1,2,45,Medium
EMP0023,Sales,Manager,4,53,Female,Active Directory,Write,Stable,No,25,8,3,7,Travel_Rarely,No,3,31,3,35,Medium
EMP0023,Sales,Manager,4,53,Female,Salesforce,Write,Stable,No,25,8,3,7,Travel_Rarely,No,3,31,3,35,Medium
EMP0023,Sales,Manager,4,53,Female,SharePoint,Write,Stable,No,25,8,3,7,Travel_Rarely,No,3,31,3,35,Medium
EMP0023,Sales,Manager,4,53,Female,ServiceNow,Write,Stable,No,25,8,3,7,Travel_Rarely,No,3,31,3,35,Medium
EMP0023,Sales,Manager,4,53,Female,CRM Portal,Write,Stable,No,25,8,3,7,Travel_Rarely,No,3,31,3,35,Medium
EMP0024,Research & Development,Research Scientist,1,38,Male,Active Directory,Write,Stable,No,3,2,1,2,Travel_Rarely,Yes,3,6,3,30,Medium
EMP0024,Research & Development,Research Scientist,1,38,Male,SAP,Write,Stable,No,3,2,1,2,Travel_Rarely,Yes,3,6,3,30,Medium
EMP0024,Research & Development,Research Scientist,1,38,Male,SharePoint,Write,Stable,No,3,2,1,2,Travel_Rarely,Yes,3,6,3,30,Medium
EMP0024,Research & Development,Research Scientist,1,38,Male,ServiceNow,Write,Stable,No,3,2,1,2,Travel_Rarely,Yes,3,6,3,30,Medium
EMP0024,Research & Development,Research Scientist,1,38,Male,Lab Systems,Write,Stable,No,3,2,1,2,Travel_Rarely,Yes,3,6,3,30,Medium
EMP0026,Research & Development,Manufacturing Director,2,24,Female,Active Directory,Write,Stable,No,4,2,1,3,Non-Travel,No,3,5,5,15,Low
EMP0026,Research & Development,Manufacturing Director,2,24,Female,SAP,Write,Stable,No,4,2,1,3,Non-Travel,No,3,5,5,15,Low
EMP0026,Research & Development,Manufacturing Director,2,24,Female,SharePoint,Write,Stable,No,4,2,1,3,Non-Travel,No,3,5,5,15,Low
EMP0026,Research & Development,Manufacturing Director,2,24,Female,ServiceNow,Write,Stable,No,4,2,1,3,Non-Travel,No,3,5,5,15,Low
EMP0026,Research & Development,Manufacturing Director,2,24,Female,Lab Systems,Write,Stable,No,4,2,1,3,Non-Travel,No,3,5,5,15,Low
EMP0027,Sales,Sales Representative,1,36,Male,Active Directory,Read,Leaver,Yes,5,3,0,3,Travel_Rarely,No,4,10,4,50,High
EMP0027,Sales,Sales Representative,1,36,Male,Salesforce,Read,Leaver,Yes,5,3,0,3,Travel_Rarely,No,4,10,4,50,High
EMP0027,Sales,Sales Representative,1,36,Male,SharePoint,Read,Leaver,Yes,5,3,0,3,Travel_Rarely,No,4,10,4,50,High
EMP0027,Sales,Sales Representative,1,36,Male,ServiceNow,Read,Leaver,Yes,5,3,0,3,Travel_Rarely,No,4,10,4,50,High
EMP0027,Sales,Sales Representative,1,36,Male,CRM Portal,Read,Leaver,Yes,5,3,0,3,Travel_Rarely,No,4,10,4,50,High
EMP0028,Research & Development,Research Director,3,34,Female,Active Directory,Admin,Stable,No,12,6,2,11,Travel_Rarely,No,3,13,4,50,High
EMP0028,Research & Development,Research Director,3,34,Female,SAP,Admin,Stable,No,12,6,2,11,Travel_Rarely,No,3,13,4,50,High
EMP0028,Research & Development,Research Director,3,34,Female,SharePoint,Admin,Stable,No,12,6,2,11,Travel_Rarely,No,3,13,4,50,High
EMP0028,Research & Development,Research Director,3,34,Female,ServiceNow,Admin,Stable,No,12,6,2,11,Travel_Rarely,No,3,13,4,50,High
EMP0028,Research & Development,Research Director,3,34,Female,Lab Systems,Admin,Stable,No,12,6,2,11,Travel_Rarely,No,3,13,4,50,High
EMP0030,Research & Development,Research Scientist,1,21,Male,Active Directory,Write,Mover,No,0,0,0,0,Travel_Rarely,No,3,0,6,50,High
EMP0030,Research & Development,Research Scientist,1,21,Male,SAP,Write,Mover,No,0,0,0,0,Travel_Rarely,No,3,0,6,50,High
EMP0030,Research & Development,Research Scientist,1,21,Male,SharePoint,Write,Mover,No,0,0,0,0,Travel_Rarely,No,3,0,6,50,High
EMP0030,Research & Development,Research Scientist,1,21,Male,ServiceNow,Write,Mover,No,0,0,0,0,Travel_Rarely,No,3,0,6,50,High
EMP0030,Research & Development,Research Scientist,1,21,Male,Lab Systems,Write,Mover,No,0,0,0,0,Travel_Rarely,No,3,0,6,50,High
EMP0031,Research & Development,Research Scientist,1,34,Male,Active Directory,Write,Leaver,Yes,4,2,1,3,Travel_Rarely,No,3,8,2,60,High
EMP0031,Research & Development,Research Scientist,1,34,Male,SAP,Write,Leaver,Yes,4,2,1,3,Travel_Rarely,No,3,8,2,60,High
EMP0031,Research & Development,Research Scientist,1,34,Male,SharePoint,Write,Leaver,Yes,4,2,1,3,Travel_Rarely,No,3,8,2,60,High
EMP0031,Research & Development,Research Scientist,1,34,Male,ServiceNow,Write,Leaver,Yes,4,2,1,3,Travel_Rarely,No,3,8,2,60,High
EMP0031,Research & Development,Research Scientist,1,34,Male,Lab Systems,Write,Leaver,Yes,4,2,1,3,Travel_Rarely,No,3,8,2,60,High
EMP0032,Research & Development,Manager,5,53,Female,Active Directory,Write,Stable,No,14,13,4,8,Travel_Rarely,No,3,26,3,35,Medium
EMP0032,Research & Development,Manager,5,53,Female,SAP,Write,Stable,No,14,13,4,8,Travel_Rarely,No,3,26,3,35,Medium
EMP0032,Research & Development,Manager,5,53,Female,SharePoint,Write,Stable,No,14,13,4,8,Travel_Rarely,No,3,26,3,35,Medium
EMP0032,Research & Development,Manager,5,53,Female,ServiceNow,Write,Stable,No,14,13,4,8,Travel_Rarely,No,3,26,3,35,Medium
EMP0032,Research & Development,Manager,5,53,Female,Lab Systems,Write,Stable,No,14,13,4,8,Travel_Rarely,No,3,26,3,35,Medium
EMP0033,Research & Development,Research Scientist,1,32,Female,Active Directory,Write,Leaver,Yes,10,2,6,7,Travel_Frequently,Yes,4,10,5,85,Critical
EMP0033,Research & Development,Research Scientist,1,32,Female,SAP,Write,Leaver,Yes,10,2,6,7,Travel_Frequently,Yes,4,10,5,85,Critical
EMP0033,Research & Development,Research Scientist,1,32,Female,SharePoint,Write,Leaver,Yes,10,2,6,7,Travel_Frequently,Yes,4,10,5,85,Critical
EMP0033,Research & Development,Research Scientist,1,32,Female,ServiceNow,Write,Leaver,Yes,10,2,6,7,Travel_Frequently,Yes,4,10,5,85,Critical
EMP0033,Research & Development,Research Scientist,1,32,Female,Lab Systems,Write,Leaver,Yes,10,2,6,7,Travel_Frequently,Yes,4,10,5,85,Critical
EMP0035,Sales,Sales Executive,2,42,Male,Active Directory,Write,Stable,No,9,7,4,2,Travel_Rarely,No,3,10,2,30,Medium
EMP0035,Sales,Sales Executive,2,42,Male,Salesforce,Write,Stable,No,9,7,4,2,Travel_Rarely,No,3,10,2,30,Medium
EMP0035,Sales,Sales Executive,2,42,Male,SharePoint,Write,Stable,No,9,7,4,2,Travel_Rarely,No,3,10,2,30,Medium
EMP0035,Sales,Sales Executive,2,42,Male,ServiceNow,Write,Stable,No,9,7,4,2,Travel_Rarely,No,3,10,2,30,Medium
EMP0035,Sales,Sales Executive,2,42,Male,CRM Portal,Write,Stable,No,9,7,4,2,Travel_Rarely,No,3,10,2,30,Medium
EMP0036,Research & Development,Healthcare Representative,3,44,Female,Active Directory,Read,Stable,No,22,6,5,17,Travel_Rarely,No,3,24,4,25,Low
EMP0036,Research & Development,Healthcare Representative,3,44,Female,SAP,Read,Stable,No,22,6,5,17,Travel_Rarely,No,3,24,4,25,Low
EMP0036,Research & Development,Healthcare Representative,3,44,Female,SharePoint,Read,Stable,No,22,6,5,17,Travel_Rarely,No,3,24,4,25,Low
EMP0036,Research & Development,Healthcare Representative,3,44,Female,ServiceNow,Read,Stable,No,22,6,5,17,Travel_Rarely,No,3,24,4,25,Low
EMP0036,Research & Development,Healthcare Representative,3,44,Female,Lab Systems,Read,Stable,No,22,6,5,17,Travel_Rarely,No,3,24,4,25,Low
EMP0038,Sales,Manager,5,46,Female,Active Directory,Write,Stable,No,2,2,2,1,Travel_Rarely,No,3,22,2,30,Medium
EMP0038,Sales,Manager,5,46,Female,Salesforce,Write,Stable,No,2,2,2,1,Travel_Rarely,No,3,22,2,30,Medium
EMP0038,Sales,Manager,5,46,Female,SharePoint,Write,Stable,No,2,2,2,1,Travel_Rarely,No,3,22,2,30,Medium
EMP0038,Sales,Manager,5,46,Female,ServiceNow,Write,Stable,No,2,2,2,1,Travel_Rarely,No,3,22,2,30,Medium
EMP0038,Sales,Manager,5,46,Female,CRM Portal,Write,Stable,No,2,2,2,1,Travel_Rarely,No,3,22,2,30,Medium
EMP0039,Research & Development,Laboratory Technician,1,33,Male,Active Directory,Read,Mover,No,1,1,0,0,Travel_Rarely,No,3,7,3,40,Medium
EMP0039,Research & Development,Laboratory Technician,1,33,Male,SAP,Read,Mover,No,1,1,0,0,Travel_Rarely,No,3,7,3,40,Medium
EMP0039,Research & Development,Laboratory Technician,1,33,Male,SharePoint,Read,Mover,No,1,1,0,0,Travel_Rarely,No,3,7,3,40,Medium
EMP0039,Research & Development,Laboratory Technician,1,33,Male,ServiceNow,Read,Mover,No,1,1,0,0,Travel_Rarely,No,3,7,3,40,Medium
EMP0039,Research & Development,Laboratory Technician,1,33,Male,Lab Systems,Read,Mover,No,1,1,0,0,Travel_Rarely,No,3,7,3,40,Medium
EMP0040,Research & Development,Healthcare Representative,2,44,Male,Active Directory,Read,Stable,No,4,2,1,3,Travel_Rarely,Yes,3,9,5,20,Low
EMP0040,Research & Development,Healthcare Representative,2,44,Male,SAP,Read,Stable,No,4,2,1,3,Travel_Rarely,Yes,3,9,5,20,Low
EMP0040,Research & Development,Healthcare Representative,2,44,Male,SharePoint,Read,Stable,No,4,2,1,3,Travel_Rarely,Yes,3,9,5,20,Low
EMP0040,Research & Development,Healthcare Representative,2,44,Male,ServiceNow,Read,Stable,No,4,2,1,3,Travel_Rarely,Yes,3,9,5,20,Low
EMP0040,Research & Development,Healthcare Representative,2,44,Male,Lab Systems,Read,Stable,No,4,2,1,3,Travel_Rarely,Yes,3,9,5,20,Low
EMP0041,Research & Development,Laboratory Technician,1,30,Male,Active Directory,Read,Mover,No,10,0,1,8,Travel_Rarely,No,3,10,5,40,Medium
EMP0041,Research & Development,Laboratory Technician,1,30,Male,SAP,Read,Mover,No,10,0,1,8,Travel_Rarely,No,3,10,5,40,Medium
EMP0041,Research & Development,Laboratory Technician,1,30,Male,SharePoint,Read,Mover,No,10,0,1,8,Travel_Rarely,No,3,10,5,40,Medium
EMP0041,Research & Development,Laboratory Technician,1,30,Male,ServiceNow,Read,Mover,No,10,0,1,8,Travel_Rarely,No,3,10,5,40,Medium
EMP0041,Research & Development,Laboratory Technician,1,30,Male,Lab Systems,Read,Mover,No,10,0,1,8,Travel_Rarely,No,3,10,5,40,Medium
EMP0042,Sales,Sales Representative,2,39,Male,Active Directory,Read,Leaver,Yes,1,0,0,0,Travel_Rarely,No,3,19,6,60,High
EMP0042,Sales,Sales Representative,2,39,Male,Salesforce,Read,Leaver,Yes,1,0,0,0,Travel_Rarely,No,3,19,6,60,High
EMP0042,Sales,Sales Representative,2,39,Male,SharePoint,Read,Leaver,Yes,1,0,0,0,Travel_Rarely,No,3,19,6,60,High
EMP0042,Sales,Sales Representative,2,39,Male,ServiceNow,Read,Leaver,Yes,1,0,0,0,Travel_Rarely,No,3,19,6,60,High
EMP0042,Sales,Sales Representative,2,39,Male,CRM Portal,Read,Leaver,Yes,1,0,0,0,Travel_Rarely,No,3,19,6,60,High
EMP0045,Research & Development,Research Scientist,1,24,Male,Active Directory,Write,Leaver,Yes,2,0,2,0,Travel_Rarely,Yes,3,6,2,80,Critical
EMP0045,Research & Development,Research Scientist,1,24,Male,SAP,Write,Leaver,Yes,2,0,2,0,Travel_Rarely,Yes,3,6,2,80,Critical
EMP0045,Research & Development,Research Scientist,1,24,Male,SharePoint,Write,Leaver,Yes,2,0,2,0,Travel_Rarely,Yes,3,6,2,80,Critical
EMP0045,Research & Development,Research Scientist,1,24,Male,ServiceNow,Write,Leaver,Yes,2,0,2,0,Travel_Rarely,Yes,3,6,2,80,Critical
EMP0045,Research & Development,Research Scientist,1,24,Male,Lab Systems,Write,Leaver,Yes,2,0,2,0,Travel_Rarely,Yes,3,6,2,80,Critical
EMP0046,Research & Development,Research Scientist,1,43,Female,Active Directory,Write,Stable,No,5,3,1,4,Travel_Rarely,No,3,6,3,20,Low
EMP0046,Research & Development,Research Scientist,1,43,Female,SAP,Write,Stable,No,5,3,1,4,Travel_Rarely,No,3,6,3,20,Low
EMP0046,Research & Development,Research Scientist,1,43,Female,SharePoint,Write,Stable,No,5,3,1,4,Travel_Rarely,No,3,6,3,20,Low
EMP0046,Research & Development,Research Scientist,1,43,Female,ServiceNow,Write,Stable,No,5,3,1,4,Travel_Rarely,No,3,6,3,20,Low
EMP0046,Research & Development,Research Scientist,1,43,Female,Lab Systems,Write,Stable,No,5,3,1,4,Travel_Rarely,No,3,6,3,20,Low
EMP0047,Sales,Sales Representative,1,50,Male,Active Directory,Read,Leaver,Yes,3,2,0,2,Travel_Rarely,Yes,3,3,2,60,High
EMP0047,Sales,Sales Representative,1,50,Male,Salesforce,Read,Leaver,Yes,3,2,0,2,Travel_Rarely,Yes,3,3,2,60,High
EMP0047,Sales,Sales Representative,1,50,Male,SharePoint,Read,Leaver,Yes,3,2,0,2,Travel_Rarely,Yes,3,3,2,60,High
EMP0047,Sales,Sales Representative,1,50,Male,ServiceNow,Read,Leaver,Yes,3,2,0,2,Travel_Rarely,Yes,3,3,2,60,High
EMP0047,Sales,Sales Representative,1,50,Male,CRM Portal,Read,Leaver,Yes,3,2,0,2,Travel_Rarely,Yes,3,3,2,60,High
EMP0049,Sales,Sales Representative,1,35,Female,Active Directory,Read,Stable,No,2,2,2,2,Travel_Rarely,No,3,2,3,10,Low
EMP0049,Sales,Sales Representative,1,35,Female,Salesforce,Read,Stable,No,2,2,2,2,Travel_Rarely,No,3,2,3,10,Low
EMP0049,Sales,Sales Representative,1,35,Female,SharePoint,Read,Stable,No,2,2,2,2,Travel_Rarely,No,3,2,3,10,Low
EMP0049,Sales,Sales Representative,1,35,Female,ServiceNow,Read,Stable,No,2,2,2,2,Travel_Rarely,No,3,2,3,10,Low
EMP0049,Sales,Sales Representative,1,35,Female,CRM Portal,Read,Stable,No,2,2,2,2,Travel_Rarely,No,3,2,3,10,Low
EMP0051,Research & Development,Research Scientist,1,36,Female,Active Directory,Write,Mover,No,1,1,0,0,Travel_Rarely,Yes,3,6,3,60,High
EMP0051,Research & Development,Research Scientist,1,36,Female,SAP,Write,Mover,No,1,1,0,0,Travel_Rarely,Yes,3,6,3,60,High
EMP0051,Research & Development,Research Scientist,1,36,Female,SharePoint,Write,Mover,No,1,1,0,0,Travel_Rarely,Yes,3,6,3,60,High
EMP0051,Research & Development,Research Scientist,1,36,Female,ServiceNow,Write,Mover,No,1,1,0,0,Travel_Rarely,Yes,3,6,3,60,High
EMP0051,Research & Development,Research Scientist,1,36,Female,Lab Systems,Write,Mover,No,1,1,0,0,Travel_Rarely,Yes,3,6,3,60,High
EMP0052,Sales,Sales Executive,2,33,Female,Active Directory,Write,Stable,No,5,3,1,3,Travel_Frequently,No,3,10,3,25,Low
EMP0052,Sales,Sales Executive,2,33,Female,Salesforce,Write,Stable,No,5,3,1,3,Travel_Frequently,No,3,10,3,25,Low
EMP0052,Sales,Sales Executive,2,33,Female,SharePoint,Write,Stable,No,5,3,1,3,Travel_Frequently,No,3,10,3,25,Low
EMP0052,Sales,Sales Executive,2,33,Female,ServiceNow,Write,Stable,No,5,3,1,3,Travel_Frequently,No,3,10,3,25,Low
EMP0052,Sales,Sales Executive,2,33,Female,CRM Portal,Write,Stable,No,5,3,1,3,Travel_Frequently,No,3,10,3,25,Low
EMP0053,Research & Development,Laboratory Technician,1,35,Male,Active Directory,Read,Mover,No,1,0,0,0,Travel_Rarely,No,3,1,3,40,Medium
EMP0053,Research & Development,Laboratory Technician,1,35,Male,SAP,Read,Mover,No,1,0,0,0,Travel_Rarely,No,3,1,3,40,Medium
EMP0053,Research & Development,Laboratory Technician,1,35,Male,SharePoint,Read,Mover,No,1,0,0,0,Travel_Rarely,No,3,1,3,40,Medium
EMP0053,Research & Development,Laboratory Technician,1,35,Male,ServiceNow,Read,Mover,No,1,0,0,0,Travel_Rarely,No,3,1,3,40,Medium
EMP0053,Research & Development,Laboratory Technician,1,35,Male,Lab Systems,Read,Mover,No,1,0,0,0,Travel_Rarely,No,3,1,3,40,Medium
EMP0054,Research & Development,Laboratory Technician,1,27,Female,Active Directory,Read,Mover,No,1,0,0,0,Travel_Rarely,No,3,1,6,40,Medium
EMP0054,Research & Development,Laboratory Technician,1,27,Female,SAP,Read,Mover,No,1,0,0,0,Travel_Rarely,No,3,1,6,40,Medium
EMP0054,Research & Development,Laboratory Technician,1,27,Female,SharePoint,Read,Mover,No,1,0,0,0,Travel_Rarely,No,3,1,6,40,Medium
EMP0054,Research & Development,Laboratory Technician,1,27,Female,ServiceNow,Read,Mover,No,1,0,0,0,Travel_Rarely,No,3,1,6,40,Medium
EMP0054,Research & Development,Laboratory Technician,1,27,Female,Lab Systems,Read,Mover,No,1,0,0,0,Travel_Rarely,No,3,1,6,40,Medium
EMP0055,Research & Development,Laboratory Technician,1,26,Male,Active Directory,Read,Leaver,Yes,1,0,0,1,Travel_Rarely,No,3,1,2,60,High
EMP0055,Research & Development,Laboratory Technician,1,26,Male,SAP,Read,Leaver,Yes,1,0,0,1,Travel_Rarely,No,3,1,2,60,High
EMP0055,Research & Development,Laboratory Technician,1,26,Male,SharePoint,Read,Leaver,Yes,1,0,0,1,Travel_Rarely,No,3,1,2,60,High
EMP0055,Research & Development,Laboratory Technician,1,26,Male,ServiceNow,Read,Leaver,Yes,1,0,0,1,Travel_Rarely,No,3,1,2,60,High
EMP0055,Research & Development,Laboratory Technician,1,26,Male,Lab Systems,Read,Leaver,Yes,1,0,0,1,Travel_Rarely,No,3,1,2,60,High
EMP0056,Sales,Sales Executive,3,27,Male,Active Directory,Write,Stable,No,9,8,1,7,Travel_Frequently,No,3,9,0,35,Medium
EMP0056,Sales,Sales Executive,3,27,Male,Salesforce,Write,Stable,No,9,8,1,7,Travel_Frequently,No,3,9,0,35,Medium
EMP0056,Sales,Sales Executive,3,27,Male,SharePoint,Write,Stable,No,9,8,1,7,Travel_Frequently,No,3,9,0,35,Medium
EMP0056,Sales,Sales Executive,3,27,Male,ServiceNow,Write,Stable,No,9,8,1,7,Travel_Frequently,No,3,9,0,35,Medium
EMP0056,Sales,Sales Executive,3,27,Male,CRM Portal,Write,Stable,No,9,8,1,7,Travel_Frequently,No,3,9,0,35,Medium
EMP0057,Research & Development,Laboratory Technician,2,30,Female,Active Directory,Read,Stable,No,12,8,3,7,Travel_Frequently,No,4,12,2,30,Medium
EMP0057,Research & Development,Laboratory Technician,2,30,Female,SAP,Read,Stable,No,12,8,3,7,Travel_Frequently,No,4,12,2,30,Medium
EMP0057,Research & Development,Laboratory Technician,2,30,Female,SharePoint,Read,Stable,No,12,8,3,7,Travel_Frequently,No,4,12,2,30,Medium
EMP0057,Research & Development,Laboratory Technician,2,30,Female,ServiceNow,Read,Stable,No,12,8,3,7,Travel_Frequently,No,4,12,2,30,Medium
EMP0057,Research & Development,Laboratory Technician,2,30,Female,Lab Systems,Read,Stable,No,12,8,3,7,Travel_Frequently,No,4,12,2,30,Medium
EMP0058,Research & Development,Research Director,5,41,Female,Active Directory,Admin,Leaver,Yes,22,15,15,8,Travel_Rarely,No,3,23,0,90,Critical
EMP0058,Research & Development,Research Director,5,41,Female,SAP,Admin,Leaver,Yes,22,15,15,8,Travel_Rarely,No,3,23,0,90,Critical
EMP0058,Research & Development,Research Director,5,41,Female,SharePoint,Admin,Leaver,Yes,22,15,15,8,Travel_Rarely,No,3,23,0,90,Critical
EMP0058,Research & Development,Research Director,5,41,Female,ServiceNow,Admin,Leaver,Yes,22,15,15,8,Travel_Rarely,No,3,23,0,90,Critical
EMP0058,Research & Development,Research Director,5,41,Female,Lab Systems,Admin,Leaver,Yes,22,15,15,8,Travel_Rarely,No,3,23,0,90,Critical
EMP0060,Sales,Sales Executive,2,34,Male,Active Directory,Write,Stable,No,9,5,8,7,Non-Travel,No,4,10,2,25,Low
EMP0060,Sales,Sales Executive,2,34,Male,Salesforce,Write,Stable,No,9,5,8,7,Non-Travel,No,4,10,2,25,Low
EMP0060,Sales,Sales Executive,2,34,Male,SharePoint,Write,Stable,No,9,5,8,7,Non-Travel,No,4,10,2,25,Low
EMP0060,Sales,Sales Executive,2,34,Male,ServiceNow,Write,Stable,No,9,5,8,7,Non-Travel,No,4,10,2,25,Low
EMP0060,Sales,Sales Executive,2,34,Male,CRM Portal,Write,Stable,No,9,5,8,7,Non-Travel,No,4,10,2,25,Low
EMP0061,Research & Development,Research Scientist,1,37,Male,Active Directory,Write,Mover,No,1,0,0,0,Travel_Rarely,No,4,8,1,50,High
EMP0061,Research & Development,Research Scientist,1,37,Male,SAP,Write,Mover,No,1,0,0,0,Travel_Rarely,No,4,8,1,50,High
EMP0061,Research & Development,Research Scientist,1,37,Male,SharePoint,Write,Mover,No,1,0,0,0,Travel_Rarely,No,4,8,1,50,High
EMP0061,Research & Development,Research Scientist,1,37,Male,ServiceNow,Write,Mover,No,1,0,0,0,Travel_Rarely,No,4,8,1,50,High
EMP0061,Research & Development,Research Scientist,1,37,Male,Lab Systems,Write,Mover,No,1,0,0,0,Travel_Rarely,No,4,8,1,50,High
EMP0062,Sales,Sales Executive,2,46,Male,Active Directory,Write,Stable,No,9,6,0,8,Travel_Frequently,Yes,4,14,4,45,Medium
EMP0062,Sales,Sales Executive,2,46,Male,Salesforce,Write,Stable,No,9,6,0,8,Travel_Frequently,Yes,4,14,4,45,Medium
EMP0062,Sales,Sales Executive,2,46,Male,SharePoint,Write,Stable,No,9,6,0,8,Travel_Frequently,Yes,4,14,4,45,Medium
EMP0062,Sales,Sales Executive,2,46,Male,ServiceNow,Write,Stable,No,9,6,0,8,Travel_Frequently,Yes,4,14,4,45,Medium
EMP0062,Sales,Sales Executive,2,46,Male,CRM Portal,Write,Stable,No,9,6,0,8,Travel_Frequently,Yes,4,14,4,45,Medium
EMP0063,Research & Development,Laboratory Technician,1,35,Male,Active Directory,Read,Mover,No,1,0,0,1,Travel_Rarely,No,3,1,2,40,Medium
EMP0063,Research & Development,Laboratory Technician,1,35,Male,SAP,Read,Mover,No,1,0,0,1,Travel_Rarely,No,3,1,2,40,Medium
EMP0063,Research & Development,Laboratory Technician,1,35,Male,SharePoint,Read,Mover,No,1,0,0,1,Travel_Rarely,No,3,1,2,40,Medium
EMP0063,Research & Development,Laboratory Technician,1,35,Male,ServiceNow,Read,Mover,No,1,0,0,1,Travel_Rarely,No,3,1,2,40,Medium
EMP0063,Research & Development,Laboratory Technician,1,35,Male,Lab Systems,Read,Mover,No,1,0,0,1,Travel_Rarely,No,3,1,2,40,Medium
EMP0064,Research & Development,Laboratory Technician,3,48,Male,Active Directory,Read,Leaver,Yes,1,0,0,0,Travel_Rarely,Yes,3,23,2,70,Critical
EMP0064,Research & Development,Laboratory Technician,3,48,Male,SAP,Read,Leaver,Yes,1,0,0,0,Travel_Rarely,Yes,3,23,2,70,Critical
EMP0064,Research & Development,Laboratory Technician,3,48,Male,SharePoint,Read,Leaver,Yes,1,0,0,0,Travel_Rarely,Yes,3,23,2,70,Critical
EMP0064,Research & Development,Laboratory Technician,3,48,Male,ServiceNow,Read,Leaver,Yes,1,0,0,0,Travel_Rarely,Yes,3,23,2,70,Critical
EMP0064,Research & Development,Laboratory Technician,3,48,Male,Lab Systems,Read,Leaver,Yes,1,0,0,0,Travel_Rarely,Yes,3,23,2,70,Critical
EMP0065,Research & Development,Laboratory Technician,1,28,Male,Active Directory,Read,Leaver,Yes,2,2,2,2,Travel_Rarely,Yes,3,2,3,60,High
EMP0065,Research & Development,Laboratory Technician,1,28,Male,SAP,Read,Leaver,Yes,2,2,2,2,Travel_Rarely,Yes,3,2,3,60,High
EMP0065,Research & Development,Laboratory Technician,1,28,Male,SharePoint,Read,Leaver,Yes,2,2,2,2,Travel_Rarely,Yes,3,2,3,60,High
EMP0065,Research & Development,Laboratory Technician,1,28,Male,ServiceNow,Read,Leaver,Yes,2,2,2,2,Travel_Rarely,Yes,3,2,3,60,High
EMP0065,Research & Development,Laboratory Technician,1,28,Male,Lab Systems,Read,Leaver,Yes,2,2,2,2,Travel_Rarely,Yes,3,2,3,60,High
EMP0068,Sales,Sales Executive,2,44,Female,Active Directory,Write,Stable,No,4,3,1,3,Travel_Rarely,Yes,4,9,2,30,Medium
EMP0068,Sales,Sales Executive,2,44,Female,Salesforce,Write,Stable,No,4,3,1,3,Travel_Rarely,Yes,4,9,2,30,Medium
EMP0068,Sales,Sales Executive,2,44,Female,SharePoint,Write,Stable,No,4,3,1,3,Travel_Rarely,Yes,4,9,2,30,Medium
EMP0068,Sales,Sales Executive,2,44,Female,ServiceNow,Write,Stable,No,4,3,1,3,Travel_Rarely,Yes,4,9,2,30,Medium
EMP0068,Sales,Sales Executive,2,44,Female,CRM Portal,Write,Stable,No,4,3,1,3,Travel_Rarely,Yes,4,9,2,30,Medium
EMP0070,Research & Development,Healthcare Representative,3,35,Male,Active Directory,Read,Mover,No,4,0,2,3,Non-Travel,Yes,3,10,3,35,Medium
EMP0070,Research & Development,Healthcare Representative,3,35,Male,SAP,Read,Mover,No,4,0,2,3,Non-Travel,Yes,3,10,3,35,Medium
EMP0070,Research & Development,Healthcare Representative,3,35,Male,SharePoint,Read,Mover,No,4,0,2,3,Non-Travel,Yes,3,10,3,35,Medium
EMP0070,Research & Development,Healthcare Representative,3,35,Male,ServiceNow,Read,Mover,No,4,0,2,3,Non-Travel,Yes,3,10,3,35,Medium
EMP0070,Research & Development,Healthcare Representative,3,35,Male,Lab Systems,Read,Mover,No,4,0,2,3,Non-Travel,Yes,3,10,3,35,Medium
EMP0072,Sales,Sales Executive,2,26,Female,Active Directory,Write,Stable,No,2,2,0,0,Travel_Rarely,Yes,3,5,2,40,Medium
EMP0072,Sales,Sales Executive,2,26,Female,Salesforce,Write,Stable,No,2,2,0,0,Travel_Rarely,Yes,3,5,2,40,Medium
EMP0072,Sales,Sales Executive,2,26,Female,SharePoint,Write,Stable,No,2,2,0,0,Travel_Rarely,Yes,3,5,2,40,Medium
EMP0072,Sales,Sales Executive,2,26,Female,ServiceNow,Write,Stable,No,2,2,0,0,Travel_Rarely,Yes,3,5,2,40,Medium
EMP0072,Sales,Sales Executive,2,26,Female,CRM Portal,Write,Stable,No,2,2,0,0,Travel_Rarely,Yes,3,5,2,40,Medium
EMP0073,Research & Development,Research Director,3,33,Female,Active Directory,Admin,Stable,No,15,14,8,12,Travel_Frequently,Yes,3,15,1,65,High
EMP0073,Research & Development,Research Director,3,33,Female,SAP,Admin,Stable,No,15,14,8,12,Travel_Frequently,Yes,3,15,1,65,High
EMP0073,Research & Development,Research Director,3,33,Female,SharePoint,Admin,Stable,No,15,14,8,12,Travel_Frequently,Yes,3,15,1,65,High
EMP0073,Research & Development,Research Director,3,33,Female,ServiceNow,Admin,Stable,No,15,14,8,12,Travel_Frequently,Yes,3,15,1,65,High
EMP0073,Research & Development,Research Director,3,33,Female,Lab Systems,Admin,Stable,No,15,14,8,12,Travel_Frequently,Yes,3,15,1,65,High
EMP0074,Sales,Sales Executive,3,35,Male,Active Directory,Write,Stable,No,9,8,1,8,Travel_Frequently,No,4,9,3,35,Medium
EMP0074,Sales,Sales Executive,3,35,Male,Salesforce,Write,Stable,No,9,8,1,8,Travel_Frequently,No,4,9,3,35,Medium
EMP0074,Sales,Sales Executive,3,35,Male,SharePoint,Write,Stable,No,9,8,1,8,Travel_Frequently,No,4,9,3,35,Medium
EMP0074,Sales,Sales Executive,3,35,Male,ServiceNow,Write,Stable,No,9,8,1,8,Travel_Frequently,No,4,9,3,35,Medium
EMP0074,Sales,Sales Executive,3,35,Male,CRM Portal,Write,Stable,No,9,8,1,8,Travel_Frequently,No,4,9,3,35,Medium
EMP0075,Research & Development,Laboratory Technician,1,35,Female,Active Directory,Read,Stable,No,2,2,2,2,Travel_Rarely,Yes,3,4,3,20,Low
EMP0075,Research & Development,Laboratory Technician,1,35,Female,SAP,Read,Stable,No,2,2,2,2,Travel_Rarely,Yes,3,4,3,20,Low
EMP0075,Research & Development,Laboratory Technician,1,35,Female,SharePoint,Read,Stable,No,2,2,2,2,Travel_Rarely,Yes,3,4,3,20,Low
EMP0075,Research & Development,Laboratory Technician,1,35,Female,ServiceNow,Read,Stable,No,2,2,2,2,Travel_Rarely,Yes,3,4,3,20,Low
EMP0075,Research & Development,Laboratory Technician,1,35,Female,Lab Systems,Read,Stable,No,2,2,2,2,Travel_Rarely,Yes,3,4,3,20,Low
EMP0076,Research & Development,Laboratory Technician,2,31,Male,Active Directory,Read,Stable,No,7,7,1,7,Travel_Rarely,No,4,10,3,20,Low
EMP0076,Research & Development,Laboratory Technician,2,31,Male,SAP,Read,Stable,No,7,7,1,7,Travel_Rarely,No,4,10,3,20,Low
EMP0076,Research & Development,Laboratory Technician,2,31,Male,SharePoint,Read,Stable,No,7,7,1,7,Travel_Rarely,No,4,10,3,20,Low
EMP0076,Research & Development,Laboratory Technician,2,31,Male,ServiceNow,Read,Stable,No,7,7,1,7,Travel_Rarely,No,4,10,3,20,Low
EMP0076,Research & Development,Laboratory Technician,2,31,Male,Lab Systems,Read,Stable,No,7,7,1,7,Travel_Rarely,No,4,10,3,20,Low
EMP0077,Research & Development,Manufacturing Director,2,37,Male,Active Directory,Write,Stable,No,7,5,0,7,Travel_Rarely,No,3,7,2,30,Medium
EMP0077,Research & Development,Manufacturing Director,2,37,Male,SAP,Write,Stable,No,7,5,0,7,Travel_Rarely,No,3,7,2,30,Medium
EMP0077,Research & Development,Manufacturing Director,2,37,Male,SharePoint,Write,Stable,No,7,5,0,7,Travel_Rarely,No,3,7,2,30,Medium
EMP0077,Research & Development,Manufacturing Director,2,37,Male,ServiceNow,Write,Stable,No,7,5,0,7,Travel_Rarely,No,3,7,2,30,Medium
EMP0077,Research & Development,Manufacturing Director,2,37,Male,Lab Systems,Write,Stable,No,7,5,0,7,Travel_Rarely,No,3,7,2,30,Medium
EMP0078,Research & Development,Manufacturing Director,2,32,Male,Active Directory,Write,Stable,No,9,8,7,8,Travel_Rarely,Yes,4,9,3,40,Medium
EMP0078,Research & Development,Manufacturing Director,2,32,Male,SAP,Write,Stable,No,9,8,7,8,Travel_Rarely,Yes,4,9,3,40,Medium
EMP0078,Research & Development,Manufacturing Director,2,32,Male,SharePoint,Write,Stable,No,9,8,7,8,Travel_Rarely,Yes,4,9,3,40,Medium
EMP0078,Research & Development,Manufacturing Director,2,32,Male,ServiceNow,Write,Stable,No,9,8,7,8,Travel_Rarely,Yes,4,9,3,40,Medium
EMP0078,Research & Development,Manufacturing Director,2,32,Male,Lab Systems,Write,Stable,No,9,8,7,8,Travel_Rarely,Yes,4,9,3,40,Medium
EMP0079,Research & Development,Laboratory Technician,2,38,Female,Active Directory,Read,Stable,No,10,3,9,9,Travel_Frequently,No,3,10,2,25,Low
EMP0079,Research & Development,Laboratory Technician,2,38,Female,SAP,Read,Stable,No,10,3,9,9,Travel_Frequently,No,3,10,2,25,Low
EMP0079,Research & Development,Laboratory Technician,2,38,Female,SharePoint,Read,Stable,No,10,3,9,9,Travel_Frequently,No,3,10,2,25,Low
EMP0079,Research & Development,Laboratory Technician,2,38,Female,ServiceNow,Read,Stable,No,10,3,9,9,Travel_Frequently,No,3,10,2,25,Low
EMP0079,Research & Development,Laboratory Technician,2,38,Female,Lab Systems,Read,Stable,No,10,3,9,9,Travel_Frequently,No,3,10,2,25,Low
EMP0080,Research & Development,Research Director,5,50,Female,Active Directory,Admin,Stable,No,27,3,13,8,Travel_Rarely,Yes,3,29,2,60,High
EMP0080,Research & Development,Research Director,5,50,Female,SAP,Admin,Stable,No,27,3,13,8,Travel_Rarely,Yes,3,29,2,60,High
EMP0080,Research & Development,Research Director,5,50,Female,SharePoint,Admin,Stable,No,27,3,13,8,Travel_Rarely,Yes,3,29,2,60,High
EMP0080,Research & Development,Research Director,5,50,Female,ServiceNow,Admin,Stable,No,27,3,13,8,Travel_Rarely,Yes,3,29,2,60,High
EMP0080,Research & Development,Research Director,5,50,Female,Lab Systems,Admin,Stable,No,27,3,13,8,Travel_Rarely,Yes,3,29,2,60,High
EMP0081,Sales,Sales Executive,3,59,Female,Active Directory,Write,Stable,No,21,16,7,9,Travel_Rarely,No,3,28,3,35,Medium
EMP0081,Sales,Sales Executive,3,59,Female,Salesforce,Write,Stable,No,21,16,7,9,Travel_Rarely,No,3,28,3,35,Medium
EMP0081,Sales,Sales Executive,3,59,Female,SharePoint,Write,Stable,No,21,16,7,9,Travel_Rarely,No,3,28,3,35,Medium
EMP0081,Sales,Sales Executive,3,59,Female,ServiceNow,Write,Stable,No,21,16,7,9,Travel_Rarely,No,3,28,3,35,Medium
EMP0081,Sales,Sales Executive,3,59,Female,CRM Portal,Write,Stable,No,21,16,7,9,Travel_Rarely,No,3,28,3,35,Medium
EMP0083,Research & Development,Healthcare Representative,3,36,Female,Active Directory,Read,Stable,No,17,14,12,8,Travel_Rarely,No,3,17,2,25,Low
EMP0083,Research & Development,Healthcare Representative,3,36,Female,SAP,Read,Stable,No,17,14,12,8,Travel_Rarely,No,3,17,2,25,Low
EMP0083,Research & Development,Healthcare Representative,3,36,Female,SharePoint,Read,Stable,No,17,14,12,8,Travel_Rarely,No,3,17,2,25,Low
EMP0083,Research & Development,Healthcare Representative,3,36,Female,ServiceNow,Read,Stable,No,17,14,12,8,Travel_Rarely,No,3,17,2,25,Low
EMP0083,Research & Development,Healthcare Representative,3,36,Female,Lab Systems,Read,Stable,No,17,14,12,8,Travel_Rarely,No,3,17,2,25,Low
EMP0084,Research & Development,Manager,4,55,Female,Active Directory,Write,Mover,No,5,0,0,2,Travel_Rarely,Yes,3,21,2,50,High
EMP0084,Research & Development,Manager,4,55,Female,SAP,Write,Mover,No,5,0,0,2,Travel_Rarely,Yes,3,21,2,50,High
EMP0084,Research & Development,Manager,4,55,Female,SharePoint,Write,Mover,No,5,0,0,2,Travel_Rarely,Yes,3,21,2,50,High
EMP0084,Research & Development,Manager,4,55,Female,ServiceNow,Write,Mover,No,5,0,0,2,Travel_Rarely,Yes,3,21,2,50,High
EMP0084,Research & Development,Manager,4,55,Female,Lab Systems,Write,Mover,No,5,0,0,2,Travel_Rarely,Yes,3,21,2,50,High
EMP0085,Research & Development,Manufacturing Director,2,36,Male,Active Directory,Write,Stable,No,6,5,0,3,Travel_Frequently,No,3,6,3,35,Medium
EMP0085,Research & Development,Manufacturing Director,2,36,Male,SAP,Write,Stable,No,6,5,0,3,Travel_Frequently,No,3,6,3,35,Medium
EMP0085,Research & Development,Manufacturing Director,2,36,Male,SharePoint,Write,Stable,No,6,5,0,3,Travel_Frequently,No,3,6,3,35,Medium
EMP0085,Research & Development,Manufacturing Director,2,36,Male,ServiceNow,Write,Stable,No,6,5,0,3,Travel_Frequently,No,3,6,3,35,Medium
EMP0085,Research & Development,Manufacturing Director,2,36,Male,Lab Systems,Write,Stable,No,6,5,0,3,Travel_Frequently,No,3,6,3,35,Medium
EMP0086,Research & Development,Research Scientist,3,45,Male,Active Directory,Write,Mover,No,1,0,0,0,Travel_Rarely,No,3,25,2,50,High
EMP0086,Research & Development,Research Scientist,3,45,Male,SAP,Write,Mover,No,1,0,0,0,Travel_Rarely,No,3,25,2,50,High
EMP0086,Research & Development,Research Scientist,3,45,Male,SharePoint,Write,Mover,No,1,0,0,0,Travel_Rarely,No,3,25,2,50,High
EMP0086,Research & Development,Research Scientist,3,45,Male,ServiceNow,Write,Mover,No,1,0,0,0,Travel_Rarely,No,3,25,2,50,High
EMP0086,Research & Development,Research Scientist,3,45,Male,Lab Systems,Write,Mover,No,1,0,0,0,Travel_Rarely,No,3,25,2,50,High
EMP0088,Research & Development,Research Scientist,1,35,Male,Active Directory,Write,Stable,No,3,2,1,2,Travel_Frequently,No,3,5,2,25,Low
EMP0088,Research & Development,Research Scientist,1,35,Male,SAP,Write,Stable,No,3,2,1,2,Travel_Frequently,No,3,5,2,25,Low
EMP0088,Research & Development,Research Scientist,1,35,Male,SharePoint,Write,Stable,No,3,2,1,2,Travel_Frequently,No,3,5,2,25,Low
EMP0088,Research & Development,Research Scientist,1,35,Male,ServiceNow,Write,Stable,No,3,2,1,2,Travel_Frequently,No,3,5,2,25,Low
EMP0088,Research & Development,Research Scientist,1,35,Male,Lab Systems,Write,Stable,No,3,2,1,2,Travel_Frequently,No,3,5,2,25,Low
EMP0090,Research & Development,Research Scientist,1,36,Male,Active Directory,Write,Leaver,Yes,1,0,0,0,Travel_Rarely,Yes,3,2,0,80,Critical
EMP0090,Research & Development,Research Scientist,1,36,Male,SAP,Write,Leaver,Yes,1,0,0,0,Travel_Rarely,Yes,3,2,0,80,Critical
EMP0090,Research & Development,Research Scientist,1,36,Male,SharePoint,Write,Leaver,Yes,1,0,0,0,Travel_Rarely,Yes,3,2,0,80,Critical
EMP0090,Research & Development,Research Scientist,1,36,Male,ServiceNow,Write,Leaver,Yes,1,0,0,0,Travel_Rarely,Yes,3,2,0,80,Critical
EMP0090,Research & Development,Research Scientist,1,36,Male,Lab Systems,Write,Leaver,Yes,1,0,0,0,Travel_Rarely,Yes,3,2,0,80,Critical
EMP0091,Sales,Sales Executive,2,59,Female,Active Directory,Write,Stable,No,4,3,1,3,Travel_Frequently,No,3,20,2,25,Low
EMP0091,Sales,Sales Executive,2,59,Female,Salesforce,Write,Stable,No,4,3,1,3,Travel_Frequently,No,3,20,2,25,Low
EMP0091,Sales,Sales Executive,2,59,Female,SharePoint,Write,Stable,No,4,3,1,3,Travel_Frequently,No,3,20,2,25,Low
EMP0091,Sales,Sales Executive,2,59,Female,ServiceNow,Write,Stable,No,4,3,1,3,Travel_Frequently,No,3,20,2,25,Low
EMP0091,Sales,Sales Executive,2,59,Female,CRM Portal,Write,Stable,No,4,3,1,3,Travel_Frequently,No,3,20,2,25,Low
EMP0094,Research & Development,Research Scientist,1,29,Male,Active Directory,Write,Stable,No,5,4,0,4,Travel_Rarely,No,4,6,3,20,Low
EMP0094,Research & Development,Research Scientist,1,29,Male,SAP,Write,Stable,No,5,4,0,4,Travel_Rarely,No,4,6,3,20,Low
EMP0094,Research & Development,Research Scientist,1,29,Male,SharePoint,Write,Stable,No,5,4,0,4,Travel_Rarely,No,4,6,3,20,Low
EMP0094,Research & Development,Research Scientist,1,29,Male,ServiceNow,Write,Stable,No,5,4,0,4,Travel_Rarely,No,4,6,3,20,Low
EMP0094,Research & Development,Research Scientist,1,29,Male,Lab Systems,Write,Stable,No,5,4,0,4,Travel_Rarely,No,4,6,3,20,Low
EMP0095,Research & Development,Research Scientist,1,31,Male,Active Directory,Write,Mover,No,1,1,1,0,Travel_Rarely,No,3,1,4,50,High
EMP0095,Research & Development,Research Scientist,1,31,Male,SAP,Write,Mover,No,1,1,1,0,Travel_Rarely,No,3,1,4,50,High
EMP0095,Research & Development,Research Scientist,1,31,Male,SharePoint,Write,Mover,No,1,1,1,0,Travel_Rarely,No,3,1,4,50,High
EMP0095,Research & Development,Research Scientist,1,31,Male,ServiceNow,Write,Mover,No,1,1,1,0,Travel_Rarely,No,3,1,4,50,High
EMP0095,Research & Development,Research Scientist,1,31,Male,Lab Systems,Write,Mover,No,1,1,1,0,Travel_Rarely,No,3,1,4,50,High
EMP0096,Research & Development,Research Scientist,2,32,Male,Active Directory,Write,Stable,No,10,4,0,9,Travel_Rarely,No,3,10,3,30,Medium
EMP0096,Research & Development,Research Scientist,2,32,Male,SAP,Write,Stable,No,10,4,0,9,Travel_Rarely,No,3,10,3,30,Medium
EMP0096,Research & Development,Research Scientist,2,32,Male,SharePoint,Write,Stable,No,10,4,0,9,Travel_Rarely,No,3,10,3,30,Medium
EMP0096,Research & Development,Research Scientist,2,32,Male,ServiceNow,Write,Stable,No,10,4,0,9,Travel_Rarely,No,3,10,3,30,Medium
EMP0096,Research & Development,Research Scientist,2,32,Male,Lab Systems,Write,Stable,No,10,4,0,9,Travel_Rarely,No,3,10,3,30,Medium
EMP0097,Research & Development,Laboratory Technician,1,36,Female,Active Directory,Read,Mover,No,1,0,0,0,Travel_Rarely,No,3,5,3,40,Medium
EMP0097,Research & Development,Laboratory Technician,1,36,Female,SAP,Read,Mover,No,1,0,0,0,Travel_Rarely,No,3,5,3,40,Medium
EMP0097,Research & Development,Laboratory Technician,1,36,Female,SharePoint,Read,Mover,No,1,0,0,0,Travel_Rarely,No,3,5,3,40,Medium
EMP0097,Research & Development,Laboratory Technician,1,36,Female,ServiceNow,Read,Mover,No,1,0,0,0,Travel_Rarely,No,3,5,3,40,Medium
EMP0097,Research & Development,Laboratory Technician,1,36,Female,Lab Systems,Read,Mover,No,1,0,0,0,Travel_Rarely,No,3,5,3,40,Medium
EMP0098,Research & Development,Manufacturing Director,2,31,Female,Active Directory,Write,Stable,No,11,7,1,8,Travel_Rarely,No,4,11,2,35,Medium
EMP0098,Research & Development,Manufacturing Director,2,31,Female,SAP,Write,Stable,No,11,7,1,8,Travel_Rarely,No,4,11,2,35,Medium
EMP0098,Research & Development,Manufacturing Director,2,31,Female,SharePoint,Write,Stable,No,11,7,1,8,Travel_Rarely,No,4,11,2,35,Medium
EMP0098,Research & Development,Manufacturing Director,2,31,Female,ServiceNow,Write,Stable,No,11,7,1,8,Travel_Rarely,No,4,11,2,35,Medium
EMP0098,Research & Development,Manufacturing Director,2,31,Female,Lab Systems,Write,Stable,No,11,7,1,8,Travel_Rarely,No,4,11,2,35,Medium
EMP0100,Sales,Sales Executive,2,35,Male,Active Directory,Write,Stable,No,15,13,2,8,Travel_Rarely,No,3,16,2,35,Medium
EMP0100,Sales,Sales Executive,2,35,Male,Salesforce,Write,Stable,No,15,13,2,8,Travel_Rarely,No,3,16,2,35,Medium
EMP0100,Sales,Sales Executive,2,35,Male,SharePoint,Write,Stable,No,15,13,2,8,Travel_Rarely,No,3,16,2,35,Medium
EMP0100,Sales,Sales Executive,2,35,Male,ServiceNow,Write,Stable,No,15,13,2,8,Travel_Rarely,No,3,16,2,35,Medium
EMP0100,Sales,Sales Executive,2,35,Male,CRM Portal,Write,Stable,No,15,13,2,8,Travel_Rarely,No,3,16,2,35,Medium
EMP0101,Research & Development,Research Director,3,45,Male,Active Directory,Admin,Mover,No,0,0,0,0,Travel_Rarely,Yes,3,17,3,75,Critical
EMP0101,Research & Development,Research Director,3,45,Male,SAP,Admin,Mover,No,0,0,0,0,Travel_Rarely,Yes,3,17,3,75,Critical
EMP0101,Research & Development,Research Director,3,45,Male,SharePoint,Admin,Mover,No,0,0,0,0,Travel_Rarely,Yes,3,17,3,75,Critical
EMP0101,Research & Development,Research Director,3,45,Male,ServiceNow,Admin,Mover,No,0,0,0,0,Travel_Rarely,Yes,3,17,3,75,Critical
EMP0101,Research & Development,Research Director,3,45,Male,Lab Systems,Admin,Mover,No,0,0,0,0,Travel_Rarely,Yes,3,17,3,75,Critical
EMP0102,Research & Development,Research Director,3,37,Male,Active Directory,Admin,Stable,No,5,2,0,2,Travel_Rarely,No,3,16,3,35,Medium
EMP0102,Research & Development,Research Director,3,37,Male,SAP,Admin,Stable,No,5,2,0,2,Travel_Rarely,No,3,16,3,35,Medium
EMP0102,Research & Development,Research Director,3,37,Male,SharePoint,Admin,Stable,No,5,2,0,2,Travel_Rarely,No,3,16,3,35,Medium
EMP0102,Research & Development,Research Director,3,37,Male,ServiceNow,Admin,Stable,No,5,2,0,2,Travel_Rarely,No,3,16,3,35,Medium
EMP0102,Research & Development,Research Director,3,37,Male,Lab Systems,Admin,Stable,No,5,2,0,2,Travel_Rarely,No,3,16,3,35,Medium
EMP0103,Human Resources,Human Resources,2,46,Male,Active Directory,Read,Stable,No,4,2,0,2,Travel_Rarely,Yes,4,16,2,20,Low
EMP0103,Human Resources,Human Resources,2,46,Male,Workday,Read,Stable,No,4,2,0,2,Travel_Rarely,Yes,4,16,2,20,Low
EMP0103,Human Resources,Human Resources,2,46,Male,SharePoint,Read,Stable,No,4,2,0,2,Travel_Rarely,Yes,4,16,2,20,Low
EMP0103,Human Resources,Human Resources,2,46,Male,ServiceNow,Read,Stable,No,4,2,0,2,Travel_Rarely,Yes,4,16,2,20,Low
EMP0103,Human Resources,Human Resources,2,46,Male,HR Portal,Read,Stable,No,4,2,0,2,Travel_Rarely,Yes,4,16,2,20,Low
EMP0104,Research & Development,Laboratory Technician,2,30,Male,Active Directory,Read,Stable,No,10,8,3,0,Travel_Rarely,Yes,3,10,1,40,Medium
EMP0104,Research & Development,Laboratory Technician,2,30,Male,SAP,Read,Stable,No,10,8,3,0,Travel_Rarely,Yes,3,10,1,40,Medium
EMP0104,Research & Development,Laboratory Technician,2,30,Male,SharePoint,Read,Stable,No,10,8,3,0,Travel_Rarely,Yes,3,10,1,40,Medium
EMP0104,Research & Development,Laboratory Technician,2,30,Male,ServiceNow,Read,Stable,No,10,8,3,0,Travel_Rarely,Yes,3,10,1,40,Medium
EMP0104,Research & Development,Laboratory Technician,2,30,Male,Lab Systems,Read,Stable,No,10,8,3,0,Travel_Rarely,Yes,3,10,1,40,Medium
EMP0105,Research & Development,Research Scientist,1,35,Male,Active Directory,Write,Stable,No,6,4,0,4,Travel_Rarely,No,3,6,3,30,Medium
EMP0105,Research & Development,Research Scientist,1,35,Male,SAP,Write,Stable,No,6,4,0,4,Travel_Rarely,No,3,6,3,30,Medium
EMP0105,Research & Development,Research Scientist,1,35,Male,SharePoint,Write,Stable,No,6,4,0,4,Travel_Rarely,No,3,6,3,30,Medium
EMP0105,Research & Development,Research Scientist,1,35,Male,ServiceNow,Write,Stable,No,6,4,0,4,Travel_Rarely,No,3,6,3,30,Medium
EMP0105,Research & Development,Research Scientist,1,35,Male,Lab Systems,Write,Stable,No,6,4,0,4,Travel_Rarely,No,3,6,3,30,Medium
EMP0106,Sales,Sales Executive,3,55,Male,Active Directory,Write,Mover,No,1,0,1,0,Travel_Rarely,No,3,24,4,50,High
EMP0106,Sales,Sales Executive,3,55,Male,Salesforce,Write,Mover,No,1,0,1,0,Travel_Rarely,No,3,24,4,50,High
EMP0106,Sales,Sales Executive,3,55,Male,SharePoint,Write,Mover,No,1,0,1,0,Travel_Rarely,No,3,24,4,50,High
EMP0106,Sales,Sales Executive,3,55,Male,ServiceNow,Write,Mover,No,1,0,1,0,Travel_Rarely,No,3,24,4,50,High
EMP0106,Sales,Sales Executive,3,55,Male,CRM Portal,Write,Mover,No,1,0,1,0,Travel_Rarely,No,3,24,4,50,High
EMP0107,Research & Development,Research Scientist,2,38,Female,Active Directory,Write,Stable,No,13,11,1,9,Non-Travel,Yes,3,17,3,40,Medium
EMP0107,Research & Development,Research Scientist,2,38,Female,SAP,Write,Stable,No,13,11,1,9,Non-Travel,Yes,3,17,3,40,Medium
EMP0107,Research & Development,Research Scientist,2,38,Female,SharePoint,Write,Stable,No,13,11,1,9,Non-Travel,Yes,3,17,3,40,Medium
EMP0107,Research & Development,Research Scientist,2,38,Female,ServiceNow,Write,Stable,No,13,11,1,9,Non-Travel,Yes,3,17,3,40,Medium
EMP0107,Research & Development,Research Scientist,2,38,Female,Lab Systems,Write,Stable,No,13,11,1,9,Non-Travel,Yes,3,17,3,40,Medium
EMP0110,Research & Development,Manufacturing Director,2,34,Male,Active Directory,Write,Stable,No,5,2,1,3,Travel_Rarely,No,3,5,2,20,Low
EMP0110,Research & Development,Manufacturing Director,2,34,Male,SAP,Write,Stable,No,5,2,1,3,Travel_Rarely,No,3,5,2,20,Low
EMP0110,Research & Development,Manufacturing Director,2,34,Male,SharePoint,Write,Stable,No,5,2,1,3,Travel_Rarely,No,3,5,2,20,Low
EMP0110,Research & Development,Manufacturing Director,2,34,Male,ServiceNow,Write,Stable,No,5,2,1,3,Travel_Rarely,No,3,5,2,20,Low
EMP0110,Research & Development,Manufacturing Director,2,34,Male,Lab Systems,Write,Stable,No,5,2,1,3,Travel_Rarely,No,3,5,2,20,Low
EMP0112,Research & Development,Manufacturing Director,3,56,Male,Active Directory,Write,Stable,No,6,4,0,2,Travel_Rarely,No,3,37,3,30,Medium
EMP0112,Research & Development,Manufacturing Director,3,56,Male,SAP,Write,Stable,No,6,4,0,2,Travel_Rarely,No,3,37,3,30,Medium
EMP0112,Research & Development,Manufacturing Director,3,56,Male,SharePoint,Write,Stable,No,6,4,0,2,Travel_Rarely,No,3,37,3,30,Medium
EMP0112,Research & Development,Manufacturing Director,3,56,Male,ServiceNow,Write,Stable,No,6,4,0,2,Travel_Rarely,No,3,37,3,30,Medium
EMP0112,Research & Development,Manufacturing Director,3,56,Male,Lab Systems,Write,Stable,No,6,4,0,2,Travel_Rarely,No,3,37,3,30,Medium
EMP0113,Sales,Sales Representative,1,23,Male,Active Directory,Read,Mover,No,0,0,0,0,Travel_Rarely,No,3,3,3,40,Medium
EMP0113,Sales,Sales Representative,1,23,Male,Salesforce,Read,Mover,No,0,0,0,0,Travel_Rarely,No,3,3,3,40,Medium
EMP0113,Sales,Sales Representative,1,23,Male,SharePoint,Read,Mover,No,0,0,0,0,Travel_Rarely,No,3,3,3,40,Medium
EMP0113,Sales,Sales Representative,1,23,Male,ServiceNow,Read,Mover,No,0,0,0,0,Travel_Rarely,No,3,3,3,40,Medium
EMP0113,Sales,Sales Representative,1,23,Male,CRM Portal,Read,Mover,No,0,0,0,0,Travel_Rarely,No,3,3,3,40,Medium
EMP0116,Research & Development,Laboratory Technician,1,51,Male,Active Directory,Read,Stable,No,4,2,0,3,Travel_Rarely,No,4,10,4,10,Low
EMP0116,Research & Development,Laboratory Technician,1,51,Male,SAP,Read,Stable,No,4,2,0,3,Travel_Rarely,No,4,10,4,10,Low
EMP0116,Research & Development,Laboratory Technician,1,51,Male,SharePoint,Read,Stable,No,4,2,0,3,Travel_Rarely,No,4,10,4,10,Low
EMP0116,Research & Development,Laboratory Technician,1,51,Male,ServiceNow,Read,Stable,No,4,2,0,3,Travel_Rarely,No,4,10,4,10,Low
EMP0116,Research & Development,Laboratory Technician,1,51,Male,Lab Systems,Read,Stable,No,4,2,0,3,Travel_Rarely,No,4,10,4,10,Low
EMP0117,Research & Development,Healthcare Representative,2,30,Male,Active Directory,Read,Stable,No,11,10,10,8,Travel_Rarely,No,3,11,3,25,Low
EMP0117,Research & Development,Healthcare Representative,2,30,Male,SAP,Read,Stable,No,11,10,10,8,Travel_Rarely,No,3,11,3,25,Low
EMP0117,Research & Development,Healthcare Representative,2,30,Male,SharePoint,Read,Stable,No,11,10,10,8,Travel_Rarely,No,3,11,3,25,Low
EMP0117,Research & Development,Healthcare Representative,2,30,Male,ServiceNow,Read,Stable,No,11,10,10,8,Travel_Rarely,No,3,11,3,25,Low
EMP0117,Research & Development,Healthcare Representative,2,30,Male,Lab Systems,Read,Stable,No,11,10,10,8,Travel_Rarely,No,3,11,3,25,Low
EMP0118,Sales,Sales Executive,3,46,Male,Active Directory,Write,Leaver,Yes,9,8,4,7,Travel_Rarely,No,3,9,3,70,Critical
EMP0118,Sales,Sales Executive,3,46,Male,Salesforce,Write,Leaver,Yes,9,8,4,7,Travel_Rarely,No,3,9,3,70,Critical
EMP0118,Sales,Sales Executive,3,46,Male,SharePoint,Write,Leaver,Yes,9,8,4,7,Travel_Rarely,No,3,9,3,70,Critical
EMP0118,Sales,Sales Executive,3,46,Male,ServiceNow,Write,Leaver,Yes,9,8,4,7,Travel_Rarely,No,3,9,3,70,Critical
EMP0118,Sales,Sales Executive,3,46,Male,CRM Portal,Write,Leaver,Yes,9,8,4,7,Travel_Rarely,No,3,9,3,70,Critical
EMP0119,Research & Development,Healthcare Representative,4,40,Male,Active Directory,Read,Stable,No,22,3,11,11,Travel_Frequently,No,4,22,3,30,Medium
EMP0119,Research & Development,Healthcare Representative,4,40,Male,SAP,Read,Stable,No,22,3,11,11,Travel_Frequently,No,4,22,3,30,Medium
EMP0119,Research & Development,Healthcare Representative,4,40,Male,SharePoint,Read,Stable,No,22,3,11,11,Travel_Frequently,No,4,22,3,30,Medium
EMP0119,Research & Development,Healthcare Representative,4,40,Male,ServiceNow,Read,Stable,No,22,3,11,11,Travel_Frequently,No,4,22,3,30,Medium
EMP0119,Research & Development,Healthcare Representative,4,40,Male,Lab Systems,Read,Stable,No,22,3,11,11,Travel_Frequently,No,4,22,3,30,Medium
EMP0120,Sales,Sales Executive,2,51,Male,Active Directory,Write,Stable,No,10,7,1,0,Travel_Rarely,Yes,4,11,2,50,High
EMP0120,Sales,Sales Executive,2,51,Male,Salesforce,Write,Stable,No,10,7,1,0,Travel_Rarely,Yes,4,11,2,50,High
EMP0120,Sales,Sales Executive,2,51,Male,SharePoint,Write,Stable,No,10,7,1,0,Travel_Rarely,Yes,4,11,2,50,High
EMP0120,Sales,Sales Executive,2,51,Male,ServiceNow,Write,Stable,No,10,7,1,0,Travel_Rarely,Yes,4,11,2,50,High
EMP0120,Sales,Sales Executive,2,51,Male,CRM Portal,Write,Stable,No,10,7,1,0,Travel_Rarely,Yes,4,11,2,50,High
EMP0121,Sales,Sales Executive,2,30,Female,Active Directory,Write,Stable,No,11,8,2,7,Travel_Rarely,Yes,3,11,4,45,Medium
EMP0121,Sales,Sales Executive,2,30,Female,Salesforce,Write,Stable,No,11,8,2,7,Travel_Rarely,Yes,3,11,4,45,Medium
EMP0121,Sales,Sales Executive,2,30,Female,SharePoint,Write,Stable,No,11,8,2,7,Travel_Rarely,Yes,3,11,4,45,Medium
EMP0121,Sales,Sales Executive,2,30,Female,ServiceNow,Write,Stable,No,11,8,2,7,Travel_Rarely,Yes,3,11,4,45,Medium
EMP0121,Sales,Sales Executive,2,30,Female,CRM Portal,Write,Stable,No,11,8,2,7,Travel_Rarely,Yes,3,11,4,45,Medium
EMP0124,Research & Development,Healthcare Representative,3,46,Male,Active Directory,Read,Stable,No,10,9,9,5,Travel_Frequently,Yes,3,21,5,35,Medium
EMP0124,Research & Development,Healthcare Representative,3,46,Male,SAP,Read,Stable,No,10,9,9,5,Travel_Frequently,Yes,3,21,5,35,Medium
EMP0124,Research & Development,Healthcare Representative,3,46,Male,SharePoint,Read,Stable,No,10,9,9,5,Travel_Frequently,Yes,3,21,5,35,Medium
EMP0124,Research & Development,Healthcare Representative,3,46,Male,ServiceNow,Read,Stable,No,10,9,9,5,Travel_Frequently,Yes,3,21,5,35,Medium
EMP0124,Research & Development,Healthcare Representative,3,46,Male,Lab Systems,Read,Stable,No,10,9,9,5,Travel_Frequently,Yes,3,21,5,35,Medium
EMP0125,Sales,Sales Executive,2,32,Male,Active Directory,Write,Stable,No,11,8,5,7,Travel_Rarely,No,3,12,0,35,Medium
EMP0125,Sales,Sales Executive,2,32,Male,Salesforce,Write,Stable,No,11,8,5,7,Travel_Rarely,No,3,12,0,35,Medium
EMP0125,Sales,Sales Executive,2,32,Male,SharePoint,Write,Stable,No,11,8,5,7,Travel_Rarely,No,3,12,0,35,Medium
EMP0125,Sales,Sales Executive,2,32,Male,ServiceNow,Write,Stable,No,11,8,5,7,Travel_Rarely,No,3,12,0,35,Medium
EMP0125,Sales,Sales Executive,2,32,Male,CRM Portal,Write,Stable,No,11,8,5,7,Travel_Rarely,No,3,12,0,35,Medium
EMP0126,Research & Development,Research Director,3,54,Female,Active Directory,Admin,Stable,No,4,3,0,3,Travel_Rarely,No,3,16,5,35,Medium
EMP0126,Research & Development,Research Director,3,54,Female,SAP,Admin,Stable,No,4,3,0,3,Travel_Rarely,No,3,16,5,35,Medium
EMP0126,Research & Development,Research Director,3,54,Female,SharePoint,Admin,Stable,No,4,3,0,3,Travel_Rarely,No,3,16,5,35,Medium
EMP0126,Research & Development,Research Director,3,54,Female,ServiceNow,Admin,Stable,No,4,3,0,3,Travel_Rarely,No,3,16,5,35,Medium
EMP0126,Research & Development,Research Director,3,54,Female,Lab Systems,Admin,Stable,No,4,3,0,3,Travel_Rarely,No,3,16,5,35,Medium
EMP0128,Sales,Sales Executive,2,24,Female,Active Directory,Write,Stable,No,3,2,0,2,Travel_Rarely,No,4,4,2,20,Low
EMP0128,Sales,Sales Executive,2,24,Female,Salesforce,Write,Stable,No,3,2,0,2,Travel_Rarely,No,4,4,2,20,Low
EMP0128,Sales,Sales Executive,2,24,Female,SharePoint,Write,Stable,No,3,2,0,2,Travel_Rarely,No,4,4,2,20,Low
EMP0128,Sales,Sales Executive,2,24,Female,ServiceNow,Write,Stable,No,3,2,0,2,Travel_Rarely,No,4,4,2,20,Low
EMP0128,Sales,Sales Executive,2,24,Female,CRM Portal,Write,Stable,No,3,2,0,2,Travel_Rarely,No,4,4,2,20,Low
EMP0129,Sales,Sales Executive,2,28,Male,Active Directory,Write,Stable,No,5,4,0,4,Non-Travel,No,3,5,3,15,Low
EMP0129,Sales,Sales Executive,2,28,Male,Salesforce,Write,Stable,No,5,4,0,4,Non-Travel,No,3,5,3,15,Low
EMP0129,Sales,Sales Executive,2,28,Male,SharePoint,Write,Stable,No,5,4,0,4,Non-Travel,No,3,5,3,15,Low
EMP0129,Sales,Sales Executive,2,28,Male,ServiceNow,Write,Stable,No,5,4,0,4,Non-Travel,No,3,5,3,15,Low
EMP0129,Sales,Sales Executive,2,28,Male,CRM Portal,Write,Stable,No,5,4,0,4,Non-Travel,No,3,5,3,15,Low
EMP0131,Sales,Sales Executive,4,58,Male,Active Directory,Write,Stable,No,37,10,1,8,Travel_Rarely,No,3,38,1,35,Medium
EMP0131,Sales,Sales Executive,4,58,Male,Salesforce,Write,Stable,No,37,10,1,8,Travel_Rarely,No,3,38,1,35,Medium
EMP0131,Sales,Sales Executive,4,58,Male,SharePoint,Write,Stable,No,37,10,1,8,Travel_Rarely,No,3,38,1,35,Medium
EMP0131,Sales,Sales Executive,4,58,Male,ServiceNow,Write,Stable,No,37,10,1,8,Travel_Rarely,No,3,38,1,35,Medium
EMP0131,Sales,Sales Executive,4,58,Male,CRM Portal,Write,Stable,No,37,10,1,8,Travel_Rarely,No,3,38,1,35,Medium
EMP0132,Research & Development,Laboratory Technician,2,44,Male,Active Directory,Read,Stable,No,3,2,1,2,Non-Travel,No,3,17,3,5,Low
EMP0132,Research & Development,Laboratory Technician,2,44,Male,SAP,Read,Stable,No,3,2,1,2,Non-Travel,No,3,17,3,5,Low
EMP0132,Research & Development,Laboratory Technician,2,44,Male,SharePoint,Read,Stable,No,3,2,1,2,Non-Travel,No,3,17,3,5,Low
EMP0132,Research & Development,Laboratory Technician,2,44,Male,ServiceNow,Read,Stable,No,3,2,1,2,Non-Travel,No,3,17,3,5,Low
EMP0132,Research & Development,Laboratory Technician,2,44,Male,Lab Systems,Read,Stable,No,3,2,1,2,Non-Travel,No,3,17,3,5,Low
EMP0133,Human Resources,Human Resources,1,37,Male,Active Directory,Read,Leaver,Yes,3,2,0,2,Travel_Rarely,Yes,4,7,3,60,High
EMP0133,Human Resources,Human Resources,1,37,Male,Workday,Read,Leaver,Yes,3,2,0,2,Travel_Rarely,Yes,4,7,3,60,High
EMP0133,Human Resources,Human Resources,1,37,Male,SharePoint,Read,Leaver,Yes,3,2,0,2,Travel_Rarely,Yes,4,7,3,60,High
EMP0133,Human Resources,Human Resources,1,37,Male,ServiceNow,Read,Leaver,Yes,3,2,0,2,Travel_Rarely,Yes,4,7,3,60,High
EMP0133,Human Resources,Human Resources,1,37,Male,HR Portal,Read,Leaver,Yes,3,2,0,2,Travel_Rarely,Yes,4,7,3,60,High
EMP0134,Research & Development,Research Scientist,1,32,Male,Active Directory,Write,Mover,No,1,0,0,0,Travel_Rarely,No,3,1,2,50,High
EMP0134,Research & Development,Research Scientist,1,32,Male,SAP,Write,Mover,No,1,0,0,0,Travel_Rarely,No,3,1,2,50,High
EMP0134,Research & Development,Research Scientist,1,32,Male,SharePoint,Write,Mover,No,1,0,0,0,Travel_Rarely,No,3,1,2,50,High
EMP0134,Research & Development,Research Scientist,1,32,Male,ServiceNow,Write,Mover,No,1,0,0,0,Travel_Rarely,No,3,1,2,50,High
EMP0134,Research & Development,Research Scientist,1,32,Male,Lab Systems,Write,Mover,No,1,0,0,0,Travel_Rarely,No,3,1,2,50,High
EMP0137,Research & Development,Laboratory Technician,1,20,Female,Active Directory,Read,Leaver,Yes,1,0,1,0,Travel_Frequently,Yes,3,1,5,75,Critical
EMP0137,Research & Development,Laboratory Technician,1,20,Female,SAP,Read,Leaver,Yes,1,0,1,0,Travel_Frequently,Yes,3,1,5,75,Critical
EMP0137,Research & Development,Laboratory Technician,1,20,Female,SharePoint,Read,Leaver,Yes,1,0,1,0,Travel_Frequently,Yes,3,1,5,75,Critical
EMP0137,Research & Development,Laboratory Technician,1,20,Female,ServiceNow,Read,Leaver,Yes,1,0,1,0,Travel_Frequently,Yes,3,1,5,75,Critical
EMP0137,Research & Development,Laboratory Technician,1,20,Female,Lab Systems,Read,Leaver,Yes,1,0,1,0,Travel_Frequently,Yes,3,1,5,75,Critical
EMP0138,Research & Development,Research Scientist,2,34,Female,Active Directory,Write,Stable,No,16,13,2,10,Travel_Rarely,No,3,16,3,35,Medium
EMP0138,Research & Development,Research Scientist,2,34,Female,SAP,Write,Stable,No,16,13,2,10,Travel_Rarely,No,3,16,3,35,Medium
EMP0138,Research & Development,Research Scientist,2,34,Female,SharePoint,Write,Stable,No,16,13,2,10,Travel_Rarely,No,3,16,3,35,Medium
EMP0138,Research & Development,Research Scientist,2,34,Female,ServiceNow,Write,Stable,No,16,13,2,10,Travel_Rarely,No,3,16,3,35,Medium
EMP0138,Research & Development,Research Scientist,2,34,Female,Lab Systems,Write,Stable,No,16,13,2,10,Travel_Rarely,No,3,16,3,35,Medium
EMP0139,Research & Development,Healthcare Representative,2,37,Male,Active Directory,Read,Mover,No,1,0,0,0,Non-Travel,No,3,17,2,35,Medium
EMP0139,Research & Development,Healthcare Representative,2,37,Male,SAP,Read,Mover,No,1,0,0,0,Non-Travel,No,3,17,2,35,Medium
EMP0139,Research & Development,Healthcare Representative,2,37,Male,SharePoint,Read,Mover,No,1,0,0,0,Non-Travel,No,3,17,2,35,Medium
EMP0139,Research & Development,Healthcare Representative,2,37,Male,ServiceNow,Read,Mover,No,1,0,0,0,Non-Travel,No,3,17,2,35,Medium
EMP0139,Research & Development,Healthcare Representative,2,37,Male,Lab Systems,Read,Mover,No,1,0,0,0,Non-Travel,No,3,17,2,35,Medium
EMP0140,Human Resources,Manager,5,59,Female,Active Directory,Write,Stable,No,3,2,2,2,Non-Travel,No,4,30,3,15,Low
EMP0140,Human Resources,Manager,5,59,Female,Workday,Write,Stable,No,3,2,2,2,Non-Travel,No,4,30,3,15,Low
EMP0140,Human Resources,Manager,5,59,Female,SharePoint,Write,Stable,No,3,2,2,2,Non-Travel,No,4,30,3,15,Low
EMP0140,Human Resources,Manager,5,59,Female,ServiceNow,Write,Stable,No,3,2,2,2,Non-Travel,No,4,30,3,15,Low
EMP0140,Human Resources,Manager,5,59,Female,HR Portal,Write,Stable,No,3,2,2,2,Non-Travel,No,4,30,3,15,Low
EMP0141,Research & Development,Research Director,5,50,Female,Active Directory,Admin,Stable,No,8,3,0,7,Travel_Frequently,Yes,3,28,1,60,High
EMP0141,Research & Development,Research Director,5,50,Female,SAP,Admin,Stable,No,8,3,0,7,Travel_Frequently,Yes,3,28,1,60,High
EMP0141,Research & Development,Research Director,5,50,Female,SharePoint,Admin,Stable,No,8,3,0,7,Travel_Frequently,Yes,3,28,1,60,High
EMP0141,Research & Development,Research Director,5,50,Female,ServiceNow,Admin,Stable,No,8,3,0,7,Travel_Frequently,Yes,3,28,1,60,High
EMP0141,Research & Development,Research Director,5,50,Female,Lab Systems,Admin,Stable,No,8,3,0,7,Travel_Frequently,Yes,3,28,1,60,High
EMP0142,Sales,Sales Executive,2,25,Male,Active Directory,Write,Leaver,Yes,6,4,0,3,Travel_Rarely,Yes,3,6,1,80,Critical
EMP0142,Sales,Sales Executive,2,25,Male,Salesforce,Write,Leaver,Yes,6,4,0,3,Travel_Rarely,Yes,3,6,1,80,Critical
EMP0142,Sales,Sales Executive,2,25,Male,SharePoint,Write,Leaver,Yes,6,4,0,3,Travel_Rarely,Yes,3,6,1,80,Critical
EMP0142,Sales,Sales Executive,2,25,Male,ServiceNow,Write,Leaver,Yes,6,4,0,3,Travel_Rarely,Yes,3,6,1,80,Critical
EMP0142,Sales,Sales Executive,2,25,Male,CRM Portal,Write,Leaver,Yes,6,4,0,3,Travel_Rarely,Yes,3,6,1,80,Critical
EMP0143,Research & Development,Research Scientist,1,25,Male,Active Directory,Write,Stable,No,2,2,2,1,Travel_Rarely,No,3,2,2,30,Medium
EMP0143,Research & Development,Research Scientist,1,25,Male,SAP,Write,Stable,No,2,2,2,1,Travel_Rarely,No,3,2,2,30,Medium
EMP0143,Research & Development,Research Scientist,1,25,Male,SharePoint,Write,Stable,No,2,2,2,1,Travel_Rarely,No,3,2,2,30,Medium
EMP0143,Research & Development,Research Scientist,1,25,Male,ServiceNow,Write,Stable,No,2,2,2,1,Travel_Rarely,No,3,2,2,30,Medium
EMP0143,Research & Development,Research Scientist,1,25,Male,Lab Systems,Write,Stable,No,2,2,2,1,Travel_Rarely,No,3,2,2,30,Medium
EMP0144,Research & Development,Laboratory Technician,1,22,Female,Active Directory,Read,Mover,No,0,0,0,0,Travel_Rarely,No,3,1,5,40,Medium
EMP0144,Research & Development,Laboratory Technician,1,22,Female,SAP,Read,Mover,No,0,0,0,0,Travel_Rarely,No,3,1,5,40,Medium
EMP0144,Research & Development,Laboratory Technician,1,22,Female,SharePoint,Read,Mover,No,0,0,0,0,Travel_Rarely,No,3,1,5,40,Medium
EMP0144,Research & Development,Laboratory Technician,1,22,Female,ServiceNow,Read,Mover,No,0,0,0,0,Travel_Rarely,No,3,1,5,40,Medium
EMP0144,Research & Development,Laboratory Technician,1,22,Female,Lab Systems,Read,Mover,No,0,0,0,0,Travel_Rarely,No,3,1,5,40,Medium
EMP0145,Research & Development,Healthcare Representative,3,51,Female,Active Directory,Read,Stable,No,13,12,12,8,Travel_Frequently,No,4,23,1,30,Medium
EMP0145,Research & Development,Healthcare Representative,3,51,Female,SAP,Read,Stable,No,13,12,12,8,Travel_Frequently,No,4,23,1,30,Medium
EMP0145,Research & Development,Healthcare Representative,3,51,Female,SharePoint,Read,Stable,No,13,12,12,8,Travel_Frequently,No,4,23,1,30,Medium
EMP0145,Research & Development,Healthcare Representative,3,51,Female,ServiceNow,Read,Stable,No,13,12,12,8,Travel_Frequently,No,4,23,1,30,Medium
EMP0145,Research & Development,Healthcare Representative,3,51,Female,Lab Systems,Read,Stable,No,13,12,12,8,Travel_Frequently,No,4,23,1,30,Medium
EMP0147,Research & Development,Laboratory Technician,2,34,Male,Active Directory,Read,Leaver,Yes,9,7,0,6,Travel_Frequently,Yes,4,9,3,75,Critical
EMP0147,Research & Development,Laboratory Technician,2,34,Male,SAP,Read,Leaver,Yes,9,7,0,6,Travel_Frequently,Yes,4,9,3,75,Critical
EMP0147,Research & Development,Laboratory Technician,2,34,Male,SharePoint,Read,Leaver,Yes,9,7,0,6,Travel_Frequently,Yes,4,9,3,75,Critical
EMP0147,Research & Development,Laboratory Technician,2,34,Male,ServiceNow,Read,Leaver,Yes,9,7,0,6,Travel_Frequently,Yes,4,9,3,75,Critical
EMP0147,Research & Development,Laboratory Technician,2,34,Male,Lab Systems,Read,Leaver,Yes,9,7,0,6,Travel_Frequently,Yes,4,9,3,75,Critical
EMP0148,Human Resources,Manager,4,54,Female,Active Directory,Write,Stable,No,5,3,4,4,Non-Travel,Yes,3,23,3,25,Low
EMP0148,Human Resources,Manager,4,54,Female,Workday,Write,Stable,No,5,3,4,4,Non-Travel,Yes,3,23,3,25,Low
EMP0148,Human Resources,Manager,4,54,Female,SharePoint,Write,Stable,No,5,3,4,4,Non-Travel,Yes,3,23,3,25,Low
EMP0148,Human Resources,Manager,4,54,Female,ServiceNow,Write,Stable,No,5,3,4,4,Non-Travel,Yes,3,23,3,25,Low
EMP0148,Human Resources,Manager,4,54,Female,HR Portal,Write,Stable,No,5,3,4,4,Non-Travel,Yes,3,23,3,25,Low
EMP0150,Research & Development,Laboratory Technician,1,24,Male,Active Directory,Read,Stable,No,5,3,1,2,Travel_Rarely,No,3,6,2,10,Low
EMP0150,Research & Development,Laboratory Technician,1,24,Male,SAP,Read,Stable,No,5,3,1,2,Travel_Rarely,No,3,6,2,10,Low
EMP0150,Research & Development,Laboratory Technician,1,24,Male,SharePoint,Read,Stable,No,5,3,1,2,Travel_Rarely,No,3,6,2,10,Low
EMP0150,Research & Development,Laboratory Technician,1,24,Male,ServiceNow,Read,Stable,No,5,3,1,2,Travel_Rarely,No,3,6,2,10,Low
EMP0150,Research & Development,Laboratory Technician,1,24,Male,Lab Systems,Read,Stable,No,5,3,1,2,Travel_Rarely,No,3,6,2,10,Low
EMP0151,Research & Development,Research Scientist,2,34,Female,Active Directory,Write,Mover,No,1,0,0,0,Travel_Rarely,No,3,12,3,50,High
EMP0151,Research & Development,Research Scientist,2,34,Female,SAP,Write,Mover,No,1,0,0,0,Travel_Rarely,No,3,12,3,50,High
EMP0151,Research & Development,Research Scientist,2,34,Female,SharePoint,Write,Mover,No,1,0,0,0,Travel_Rarely,No,3,12,3,50,High
EMP0151,Research & Development,Research Scientist,2,34,Female,ServiceNow,Write,Mover,No,1,0,0,0,Travel_Rarely,No,3,12,3,50,High
EMP0151,Research & Development,Research Scientist,2,34,Female,Lab Systems,Write,Mover,No,1,0,0,0,Travel_Rarely,No,3,12,3,50,High
EMP0152,Sales,Sales Executive,3,37,Male,Active Directory,Write,Stable,No,5,3,1,3,Travel_Rarely,No,3,12,3,20,Low
EMP0152,Sales,Sales Executive,3,37,Male,Salesforce,Write,Stable,No,5,3,1,3,Travel_Rarely,No,3,12,3,20,Low
EMP0152,Sales,Sales Executive,3,37,Male,SharePoint,Write,Stable,No,5,3,1,3,Travel_Rarely,No,3,12,3,20,Low
EMP0152,Sales,Sales Executive,3,37,Male,ServiceNow,Write,Stable,No,5,3,1,3,Travel_Rarely,No,3,12,3,20,Low
EMP0152,Sales,Sales Executive,3,37,Male,CRM Portal,Write,Stable,No,5,3,1,3,Travel_Rarely,No,3,12,3,20,Low
EMP0153,Research & Development,Manager,3,34,Female,Active Directory,Write,Stable,No,11,10,5,8,Travel_Rarely,No,3,14,6,35,Medium
EMP0153,Research & Development,Manager,3,34,Female,SAP,Write,Stable,No,11,10,5,8,Travel_Rarely,No,3,14,6,35,Medium
EMP0153,Research & Development,Manager,3,34,Female,SharePoint,Write,Stable,No,11,10,5,8,Travel_Rarely,No,3,14,6,35,Medium
EMP0153,Research & Development,Manager,3,34,Female,ServiceNow,Write,Stable,No,11,10,5,8,Travel_Rarely,No,3,14,6,35,Medium
EMP0153,Research & Development,Manager,3,34,Female,Lab Systems,Write,Stable,No,11,10,5,8,Travel_Rarely,No,3,14,6,35,Medium
EMP0154,Sales,Sales Executive,3,36,Female,Active Directory,Write,Stable,No,9,7,2,8,Travel_Frequently,No,3,10,6,35,Medium
EMP0154,Sales,Sales Executive,3,36,Female,Salesforce,Write,Stable,No,9,7,2,8,Travel_Frequently,No,3,10,6,35,Medium
EMP0154,Sales,Sales Executive,3,36,Female,SharePoint,Write,Stable,No,9,7,2,8,Travel_Frequently,No,3,10,6,35,Medium
EMP0154,Sales,Sales Executive,3,36,Female,ServiceNow,Write,Stable,No,9,7,2,8,Travel_Frequently,No,3,10,6,35,Medium
EMP0154,Sales,Sales Executive,3,36,Female,CRM Portal,Write,Stable,No,9,7,2,8,Travel_Frequently,No,3,10,6,35,Medium
EMP0155,Research & Development,Laboratory Technician,1,36,Female,Active Directory,Read,Mover,No,1,0,0,0,Travel_Rarely,No,4,7,2,40,Medium
EMP0155,Research & Development,Laboratory Technician,1,36,Female,SAP,Read,Mover,No,1,0,0,0,Travel_Rarely,No,4,7,2,40,Medium
EMP0155,Research & Development,Laboratory Technician,1,36,Female,SharePoint,Read,Mover,No,1,0,0,0,Travel_Rarely,No,4,7,2,40,Medium
EMP0155,Research & Development,Laboratory Technician,1,36,Female,ServiceNow,Read,Mover,No,1,0,0,0,Travel_Rarely,No,4,7,2,40,Medium
EMP0155,Research & Development,Laboratory Technician,1,36,Female,Lab Systems,Read,Mover,No,1,0,0,0,Travel_Rarely,No,4,7,2,40,Medium
EMP0158,Sales,Manager,4,43,Male,Active Directory,Write,Stable,No,25,12,4,12,Travel_Frequently,Yes,3,25,3,50,High
EMP0158,Sales,Manager,4,43,Male,Salesforce,Write,Stable,No,25,12,4,12,Travel_Frequently,Yes,3,25,3,50,High
EMP0158,Sales,Manager,4,43,Male,SharePoint,Write,Stable,No,25,12,4,12,Travel_Frequently,Yes,3,25,3,50,High
EMP0158,Sales,Manager,4,43,Male,ServiceNow,Write,Stable,No,25,12,4,12,Travel_Frequently,Yes,3,25,3,50,High
EMP0158,Sales,Manager,4,43,Male,CRM Portal,Write,Stable,No,25,12,4,12,Travel_Frequently,Yes,3,25,3,50,High
EMP0159,Research & Development,Research Scientist,1,30,Male,Active Directory,Write,Stable,No,10,7,0,9,Travel_Frequently,No,4,10,2,35,Medium
EMP0159,Research & Development,Research Scientist,1,30,Male,SAP,Write,Stable,No,10,7,0,9,Travel_Frequently,No,4,10,2,35,Medium
EMP0159,Research & Development,Research Scientist,1,30,Male,SharePoint,Write,Stable,No,10,7,0,9,Travel_Frequently,No,4,10,2,35,Medium
EMP0159,Research & Development,Research Scientist,1,30,Male,ServiceNow,Write,Stable,No,10,7,0,9,Travel_Frequently,No,4,10,2,35,Medium
EMP0159,Research & Development,Research Scientist,1,30,Male,Lab Systems,Write,Stable,No,10,7,0,9,Travel_Frequently,No,4,10,2,35,Medium
EMP0160,Sales,Sales Executive,2,33,Male,Active Directory,Write,Stable,No,7,7,0,7,Non-Travel,No,3,8,2,25,Low
EMP0160,Sales,Sales Executive,2,33,Male,Salesforce,Write,Stable,No,7,7,0,7,Non-Travel,No,3,8,2,25,Low
EMP0160,Sales,Sales Executive,2,33,Male,SharePoint,Write,Stable,No,7,7,0,7,Non-Travel,No,3,8,2,25,Low
EMP0160,Sales,Sales Executive,2,33,Male,ServiceNow,Write,Stable,No,7,7,0,7,Non-Travel,No,3,8,2,25,Low
EMP0160,Sales,Sales Executive,2,33,Male,CRM Portal,Write,Stable,No,7,7,0,7,Non-Travel,No,3,8,2,25,Low
EMP0161,Research & Development,Research Scientist,1,56,Female,Active Directory,Write,Leaver,Yes,5,4,4,3,Travel_Rarely,Yes,3,7,2,70,Critical
EMP0161,Research & Development,Research Scientist,1,56,Female,SAP,Write,Leaver,Yes,5,4,4,3,Travel_Rarely,Yes,3,7,2,70,Critical
EMP0161,Research & Development,Research Scientist,1,56,Female,SharePoint,Write,Leaver,Yes,5,4,4,3,Travel_Rarely,Yes,3,7,2,70,Critical
EMP0161,Research & Development,Research Scientist,1,56,Female,ServiceNow,Write,Leaver,Yes,5,4,4,3,Travel_Rarely,Yes,3,7,2,70,Critical
EMP0161,Research & Development,Research Scientist,1,56,Female,Lab Systems,Write,Leaver,Yes,5,4,4,3,Travel_Rarely,Yes,3,7,2,70,Critical
EMP0162,Research & Development,Research Director,5,51,Male,Active Directory,Admin,Stable,No,20,18,15,15,Travel_Rarely,No,3,23,5,50,High
EMP0162,Research & Development,Research Director,5,51,Male,SAP,Admin,Stable,No,20,18,15,15,Travel_Rarely,No,3,23,5,50,High
EMP0162,Research & Development,Research Director,5,51,Male,SharePoint,Admin,Stable,No,20,18,15,15,Travel_Rarely,No,3,23,5,50,High
EMP0162,Research & Development,Research Director,5,51,Male,ServiceNow,Admin,Stable,No,20,18,15,15,Travel_Rarely,No,3,23,5,50,High
EMP0162,Research & Development,Research Director,5,51,Male,Lab Systems,Admin,Stable,No,20,18,15,15,Travel_Rarely,No,3,23,5,50,High
EMP0163,Sales,Sales Executive,2,31,Male,Active Directory,Write,Leaver,Yes,7,7,7,7,Travel_Rarely,Yes,3,12,3,80,Critical
EMP0163,Sales,Sales Executive,2,31,Male,Salesforce,Write,Leaver,Yes,7,7,7,7,Travel_Rarely,Yes,3,12,3,80,Critical
EMP0163,Sales,Sales Executive,2,31,Male,SharePoint,Write,Leaver,Yes,7,7,7,7,Travel_Rarely,Yes,3,12,3,80,Critical
EMP0163,Sales,Sales Executive,2,31,Male,ServiceNow,Write,Leaver,Yes,7,7,7,7,Travel_Rarely,Yes,3,12,3,80,Critical
EMP0163,Sales,Sales Executive,2,31,Male,CRM Portal,Write,Leaver,Yes,7,7,7,7,Travel_Rarely,Yes,3,12,3,80,Critical
EMP0164,Research & Development,Research Scientist,1,26,Female,Active Directory,Write,Stable,No,5,4,4,3,Travel_Rarely,No,3,5,3,20,Low
EMP0164,Research & Development,Research Scientist,1,26,Female,SAP,Write,Stable,No,5,4,4,3,Travel_Rarely,No,3,5,3,20,Low
EMP0164,Research & Development,Research Scientist,1,26,Female,SharePoint,Write,Stable,No,5,4,4,3,Travel_Rarely,No,3,5,3,20,Low
EMP0164,Research & Development,Research Scientist,1,26,Female,ServiceNow,Write,Stable,No,5,4,4,3,Travel_Rarely,No,3,5,3,20,Low
EMP0164,Research & Development,Research Scientist,1,26,Female,Lab Systems,Write,Stable,No,5,4,4,3,Travel_Rarely,No,3,5,3,20,Low
EMP0165,Research & Development,Healthcare Representative,3,58,Female,Active Directory,Read,Leaver,Yes,40,10,15,6,Travel_Rarely,No,3,40,3,65,High
EMP0165,Research & Development,Healthcare Representative,3,58,Female,SAP,Read,Leaver,Yes,40,10,15,6,Travel_Rarely,No,3,40,3,65,High
EMP0165,Research & Development,Healthcare Representative,3,58,Female,SharePoint,Read,Leaver,Yes,40,10,15,6,Travel_Rarely,No,3,40,3,65,High
EMP0165,Research & Development,Healthcare Representative,3,58,Female,ServiceNow,Read,Leaver,Yes,40,10,15,6,Travel_Rarely,No,3,40,3,65,High
EMP0165,Research & Development,Healthcare Representative,3,58,Female,Lab Systems,Read,Leaver,Yes,40,10,15,6,Travel_Rarely,No,3,40,3,65,High
EMP0167,Sales,Sales Representative,1,19,Male,Active Directory,Read,Leaver,Yes,0,0,0,0,Travel_Rarely,Yes,3,0,2,70,Critical
EMP0167,Sales,Sales Representative,1,19,Male,Salesforce,Read,Leaver,Yes,0,0,0,0,Travel_Rarely,Yes,3,0,2,70,Critical
EMP0167,Sales,Sales Representative,1,19,Male,SharePoint,Read,Leaver,Yes,0,0,0,0,Travel_Rarely,Yes,3,0,2,70,Critical
EMP0167,Sales,Sales Representative,1,19,Male,ServiceNow,Read,Leaver,Yes,0,0,0,0,Travel_Rarely,Yes,3,0,2,70,Critical
EMP0167,Sales,Sales Representative,1,19,Male,CRM Portal,Read,Leaver,Yes,0,0,0,0,Travel_Rarely,Yes,3,0,2,70,Critical
EMP0169,Research & Development,Laboratory Technician,1,22,Male,Active Directory,Read,Mover,No,2,1,2,1,Travel_Rarely,No,3,3,2,40,Medium
EMP0169,Research & Development,Laboratory Technician,1,22,Male,SAP,Read,Mover,No,2,1,2,1,Travel_Rarely,No,3,3,2,40,Medium
EMP0169,Research & Development,Laboratory Technician,1,22,Male,SharePoint,Read,Mover,No,2,1,2,1,Travel_Rarely,No,3,3,2,40,Medium
EMP0169,Research & Development,Laboratory Technician,1,22,Male,ServiceNow,Read,Mover,No,2,1,2,1,Travel_Rarely,No,3,3,2,40,Medium
EMP0169,Research & Development,Laboratory Technician,1,22,Male,Lab Systems,Read,Mover,No,2,1,2,1,Travel_Rarely,No,3,3,2,40,Medium
EMP0170,Research & Development,Manufacturing Director,2,49,Female,Active Directory,Write,Stable,No,15,11,5,11,Travel_Rarely,No,3,16,2,35,Medium
EMP0170,Research & Development,Manufacturing Director,2,49,Female,SAP,Write,Stable,No,15,11,5,11,Travel_Rarely,No,3,16,2,35,Medium
EMP0170,Research & Development,Manufacturing Director,2,49,Female,SharePoint,Write,Stable,No,15,11,5,11,Travel_Rarely,No,3,16,2,35,Medium
EMP0170,Research & Development,Manufacturing Director,2,49,Female,ServiceNow,Write,Stable,No,15,11,5,11,Travel_Rarely,No,3,16,2,35,Medium
EMP0170,Research & Development,Manufacturing Director,2,49,Female,Lab Systems,Write,Stable,No,15,11,5,11,Travel_Rarely,No,3,16,2,35,Medium
EMP0171,Research & Development,Research Scientist,1,43,Female,Active Directory,Write,Stable,No,3,2,1,2,Travel_Frequently,No,3,18,2,25,Low
EMP0171,Research & Development,Research Scientist,1,43,Female,SAP,Write,Stable,No,3,2,1,2,Travel_Frequently,No,3,18,2,25,Low
EMP0171,Research & Development,Research Scientist,1,43,Female,SharePoint,Write,Stable,No,3,2,1,2,Travel_Frequently,No,3,18,2,25,Low
EMP0171,Research & Development,Research Scientist,1,43,Female,ServiceNow,Write,Stable,No,3,2,1,2,Travel_Frequently,No,3,18,2,25,Low
EMP0171,Research & Development,Research Scientist,1,43,Female,Lab Systems,Write,Stable,No,3,2,1,2,Travel_Frequently,No,3,18,2,25,Low
EMP0174,Sales,Sales Executive,3,50,Female,Active Directory,Write,Stable,No,2,2,2,1,Travel_Frequently,No,3,16,3,35,Medium
EMP0174,Sales,Sales Executive,3,50,Female,Salesforce,Write,Stable,No,2,2,2,1,Travel_Frequently,No,3,16,3,35,Medium
EMP0174,Sales,Sales Executive,3,50,Female,SharePoint,Write,Stable,No,2,2,2,1,Travel_Frequently,No,3,16,3,35,Medium
EMP0174,Sales,Sales Executive,3,50,Female,ServiceNow,Write,Stable,No,2,2,2,1,Travel_Frequently,No,3,16,3,35,Medium
EMP0174,Sales,Sales Executive,3,50,Female,CRM Portal,Write,Stable,No,2,2,2,1,Travel_Frequently,No,3,16,3,35,Medium
EMP0175,Sales,Sales Executive,2,31,Female,Active Directory,Write,Leaver,Yes,2,2,2,2,Travel_Rarely,Yes,3,4,2,70,Critical
EMP0175,Sales,Sales Executive,2,31,Female,Salesforce,Write,Leaver,Yes,2,2,2,2,Travel_Rarely,Yes,3,4,2,70,Critical
EMP0175,Sales,Sales Executive,2,31,Female,SharePoint,Write,Leaver,Yes,2,2,2,2,Travel_Rarely,Yes,3,4,2,70,Critical
EMP0175,Sales,Sales Executive,2,31,Female,ServiceNow,Write,Leaver,Yes,2,2,2,2,Travel_Rarely,Yes,3,4,2,70,Critical
EMP0175,Sales,Sales Executive,2,31,Female,CRM Portal,Write,Leaver,Yes,2,2,2,2,Travel_Rarely,Yes,3,4,2,70,Critical
EMP0176,Sales,Sales Executive,3,41,Male,Active Directory,Write,Stable,No,9,7,0,7,Travel_Rarely,Yes,3,12,2,40,Medium
EMP0176,Sales,Sales Executive,3,41,Male,Salesforce,Write,Stable,No,9,7,0,7,Travel_Rarely,Yes,3,12,2,40,Medium
EMP0176,Sales,Sales Executive,3,41,Male,SharePoint,Write,Stable,No,9,7,0,7,Travel_Rarely,Yes,3,12,2,40,Medium
EMP0176,Sales,Sales Executive,3,41,Male,ServiceNow,Write,Stable,No,9,7,0,7,Travel_Rarely,Yes,3,12,2,40,Medium
EMP0176,Sales,Sales Executive,3,41,Male,CRM Portal,Write,Stable,No,9,7,0,7,Travel_Rarely,Yes,3,12,2,40,Medium
EMP0177,Human Resources,Human Resources,1,26,Female,Active Directory,Read,Stable,No,8,7,5,7,Travel_Rarely,No,4,8,3,20,Low
EMP0177,Human Resources,Human Resources,1,26,Female,Workday,Read,Stable,No,8,7,5,7,Travel_Rarely,No,4,8,3,20,Low
EMP0177,Human Resources,Human Resources,1,26,Female,SharePoint,Read,Stable,No,8,7,5,7,Travel_Rarely,No,4,8,3,20,Low
EMP0177,Human Resources,Human Resources,1,26,Female,ServiceNow,Read,Stable,No,8,7,5,7,Travel_Rarely,No,4,8,3,20,Low
EMP0177,Human Resources,Human Resources,1,26,Female,HR Portal,Read,Stable,No,8,7,5,7,Travel_Rarely,No,4,8,3,20,Low
EMP0178,Research & Development,Manufacturing Director,2,36,Male,Active Directory,Write,Stable,No,3,2,0,1,Travel_Rarely,No,4,7,0,30,Medium
EMP0178,Research & Development,Manufacturing Director,2,36,Male,SAP,Write,Stable,No,3,2,0,1,Travel_Rarely,No,4,7,0,30,Medium
EMP0178,Research & Development,Manufacturing Director,2,36,Male,SharePoint,Write,Stable,No,3,2,0,1,Travel_Rarely,No,4,7,0,30,Medium
EMP0178,Research & Development,Manufacturing Director,2,36,Male,ServiceNow,Write,Stable,No,3,2,0,1,Travel_Rarely,No,4,7,0,30,Medium
EMP0178,Research & Development,Manufacturing Director,2,36,Male,Lab Systems,Write,Stable,No,3,2,0,1,Travel_Rarely,No,4,7,0,30,Medium
EMP0179,Research & Development,Manufacturing Director,3,51,Male,Active Directory,Write,Leaver,Yes,4,2,0,3,Travel_Frequently,No,3,18,2,65,High
EMP0179,Research & Development,Manufacturing Director,3,51,Male,SAP,Write,Leaver,Yes,4,2,0,3,Travel_Frequently,No,3,18,2,65,High
EMP0179,Research & Development,Manufacturing Director,3,51,Male,SharePoint,Write,Leaver,Yes,4,2,0,3,Travel_Frequently,No,3,18,2,65,High
EMP0179,Research & Development,Manufacturing Director,3,51,Male,ServiceNow,Write,Leaver,Yes,4,2,0,3,Travel_Frequently,No,3,18,2,65,High
EMP0179,Research & Development,Manufacturing Director,3,51,Male,Lab Systems,Write,Leaver,Yes,4,2,0,3,Travel_Frequently,No,3,18,2,65,High
EMP0182,Sales,Sales Executive,2,39,Female,Active Directory,Write,Stable,No,15,11,5,9,Travel_Rarely,No,3,17,1,35,Medium
EMP0182,Sales,Sales Executive,2,39,Female,Salesforce,Write,Stable,No,15,11,5,9,Travel_Rarely,No,3,17,1,35,Medium
EMP0182,Sales,Sales Executive,2,39,Female,SharePoint,Write,Stable,No,15,11,5,9,Travel_Rarely,No,3,17,1,35,Medium
EMP0182,Sales,Sales Executive,2,39,Female,ServiceNow,Write,Stable,No,15,11,5,9,Travel_Rarely,No,3,17,1,35,Medium
EMP0182,Sales,Sales Executive,2,39,Female,CRM Portal,Write,Stable,No,15,11,5,9,Travel_Rarely,No,3,17,1,35,Medium
EMP0183,Sales,Sales Executive,2,25,Male,Active Directory,Write,Stable,No,2,2,2,2,Travel_Rarely,No,3,6,3,20,Low
EMP0183,Sales,Sales Executive,2,25,Male,Salesforce,Write,Stable,No,2,2,2,2,Travel_Rarely,No,3,6,3,20,Low
EMP0183,Sales,Sales Executive,2,25,Male,SharePoint,Write,Stable,No,2,2,2,2,Travel_Rarely,No,3,6,3,20,Low
EMP0183,Sales,Sales Executive,2,25,Male,ServiceNow,Write,Stable,No,2,2,2,2,Travel_Rarely,No,3,6,3,20,Low
EMP0183,Sales,Sales Executive,2,25,Male,CRM Portal,Write,Stable,No,2,2,2,2,Travel_Rarely,No,3,6,3,20,Low
EMP0184,Human Resources,Human Resources,2,30,Male,Active Directory,Read,Stable,No,11,9,4,7,Travel_Rarely,Yes,3,12,2,35,Medium
EMP0184,Human Resources,Human Resources,2,30,Male,Workday,Read,Stable,No,11,9,4,7,Travel_Rarely,Yes,3,12,2,35,Medium
EMP0184,Human Resources,Human Resources,2,30,Male,SharePoint,Read,Stable,No,11,9,4,7,Travel_Rarely,Yes,3,12,2,35,Medium
EMP0184,Human Resources,Human Resources,2,30,Male,ServiceNow,Read,Stable,No,11,9,4,7,Travel_Rarely,Yes,3,12,2,35,Medium
EMP0184,Human Resources,Human Resources,2,30,Male,HR Portal,Read,Stable,No,11,9,4,7,Travel_Rarely,Yes,3,12,2,35,Medium
EMP0190,Research & Development,Laboratory Technician,1,32,Female,Active Directory,Read,Leaver,Yes,5,4,0,4,Travel_Rarely,No,4,10,2,50,High
EMP0190,Research & Development,Laboratory Technician,1,32,Female,SAP,Read,Leaver,Yes,5,4,0,4,Travel_Rarely,No,4,10,2,50,High
EMP0190,Research & Development,Laboratory Technician,1,32,Female,SharePoint,Read,Leaver,Yes,5,4,0,4,Travel_Rarely,No,4,10,2,50,High
EMP0190,Research & Development,Laboratory Technician,1,32,Female,ServiceNow,Read,Leaver,Yes,5,4,0,4,Travel_Rarely,No,4,10,2,50,High
EMP0190,Research & Development,Laboratory Technician,1,32,Female,Lab Systems,Read,Leaver,Yes,5,4,0,4,Travel_Rarely,No,4,10,2,50,High
EMP0192,Research & Development,Research Scientist,1,45,Male,Active Directory,Write,Stable,No,6,5,0,3,Travel_Rarely,No,3,9,2,30,Medium
EMP0192,Research & Development,Research Scientist,1,45,Male,SAP,Write,Stable,No,6,5,0,3,Travel_Rarely,No,3,9,2,30,Medium
EMP0192,Research & Development,Research Scientist,1,45,Male,SharePoint,Write,Stable,No,6,5,0,3,Travel_Rarely,No,3,9,2,30,Medium
EMP0192,Research & Development,Research Scientist,1,45,Male,ServiceNow,Write,Stable,No,6,5,0,3,Travel_Rarely,No,3,9,2,30,Medium
EMP0192,Research & Development,Research Scientist,1,45,Male,Lab Systems,Write,Stable,No,6,5,0,3,Travel_Rarely,No,3,9,2,30,Medium
EMP0193,Research & Development,Research Scientist,2,38,Female,Active Directory,Write,Stable,No,3,2,2,2,Travel_Rarely,Yes,4,19,2,30,Medium
EMP0193,Research & Development,Research Scientist,2,38,Female,SAP,Write,Stable,No,3,2,2,2,Travel_Rarely,Yes,4,19,2,30,Medium
EMP0193,Research & Development,Research Scientist,2,38,Female,SharePoint,Write,Stable,No,3,2,2,2,Travel_Rarely,Yes,4,19,2,30,Medium
EMP0193,Research & Development,Research Scientist,2,38,Female,ServiceNow,Write,Stable,No,3,2,2,2,Travel_Rarely,Yes,4,19,2,30,Medium
EMP0193,Research & Development,Research Scientist,2,38,Female,Lab Systems,Write,Stable,No,3,2,2,2,Travel_Rarely,Yes,4,19,2,30,Medium
EMP0194,Research & Development,Research Scientist,1,30,Female,Active Directory,Write,Stable,No,5,4,0,4,Travel_Rarely,No,3,5,4,20,Low
EMP0194,Research & Development,Research Scientist,1,30,Female,SAP,Write,Stable,No,5,4,0,4,Travel_Rarely,No,3,5,4,20,Low
EMP0194,Research & Development,Research Scientist,1,30,Female,SharePoint,Write,Stable,No,5,4,0,4,Travel_Rarely,No,3,5,4,20,Low
EMP0194,Research & Development,Research Scientist,1,30,Female,ServiceNow,Write,Stable,No,5,4,0,4,Travel_Rarely,No,3,5,4,20,Low
EMP0194,Research & Development,Research Scientist,1,30,Female,Lab Systems,Write,Stable,No,5,4,0,4,Travel_Rarely,No,3,5,4,20,Low
EMP0195,Sales,Sales Executive,2,32,Male,Active Directory,Write,Stable,No,8,7,0,7,Travel_Frequently,No,3,9,2,35,Medium
EMP0195,Sales,Sales Executive,2,32,Male,Salesforce,Write,Stable,No,8,7,0,7,Travel_Frequently,No,3,9,2,35,Medium
EMP0195,Sales,Sales Executive,2,32,Male,SharePoint,Write,Stable,No,8,7,0,7,Travel_Frequently,No,3,9,2,35,Medium
EMP0195,Sales,Sales Executive,2,32,Male,ServiceNow,Write,Stable,No,8,7,0,7,Travel_Frequently,No,3,9,2,35,Medium
EMP0195,Sales,Sales Executive,2,32,Male,CRM Portal,Write,Stable,No,8,7,0,7,Travel_Frequently,No,3,9,2,35,Medium
EMP0197,Research & Development,Research Scientist,1,30,Female,Active Directory,Write,Stable,No,3,2,2,2,Travel_Rarely,No,3,8,3,20,Low
EMP0197,Research & Development,Research Scientist,1,30,Female,SAP,Write,Stable,No,3,2,2,2,Travel_Rarely,No,3,8,3,20,Low
EMP0197,Research & Development,Research Scientist,1,30,Female,SharePoint,Write,Stable,No,3,2,2,2,Travel_Rarely,No,3,8,3,20,Low
EMP0197,Research & Development,Research Scientist,1,30,Female,ServiceNow,Write,Stable,No,3,2,2,2,Travel_Rarely,No,3,8,3,20,Low
EMP0197,Research & Development,Research Scientist,1,30,Female,Lab Systems,Write,Stable,No,3,2,2,2,Travel_Rarely,No,3,8,3,20,Low
EMP0198,Research & Development,Laboratory Technician,1,30,Male,Active Directory,Read,Stable,No,5,3,1,2,Travel_Rarely,No,3,6,3,10,Low
EMP0198,Research & Development,Laboratory Technician,1,30,Male,SAP,Read,Stable,No,5,3,1,2,Travel_Rarely,No,3,6,3,10,Low
EMP0198,Research & Development,Laboratory Technician,1,30,Male,SharePoint,Read,Stable,No,5,3,1,2,Travel_Rarely,No,3,6,3,10,Low
EMP0198,Research & Development,Laboratory Technician,1,30,Male,ServiceNow,Read,Stable,No,5,3,1,2,Travel_Rarely,No,3,6,3,10,Low
EMP0198,Research & Development,Laboratory Technician,1,30,Male,Lab Systems,Read,Stable,No,5,3,1,2,Travel_Rarely,No,3,6,3,10,Low
EMP0199,Research & Development,Manager,4,41,Male,Active Directory,Write,Stable,No,7,6,7,7,Travel_Frequently,No,3,21,2,35,Medium
EMP0199,Research & Development,Manager,4,41,Male,SAP,Write,Stable,No,7,6,7,7,Travel_Frequently,No,3,21,2,35,Medium
EMP0199,Research & Development,Manager,4,41,Male,SharePoint,Write,Stable,No,7,6,7,7,Travel_Frequently,No,3,21,2,35,Medium
EMP0199,Research & Development,Manager,4,41,Male,ServiceNow,Write,Stable,No,7,6,7,7,Travel_Frequently,No,3,21,2,35,Medium
EMP0199,Research & Development,Manager,4,41,Male,Lab Systems,Write,Stable,No,7,6,7,7,Travel_Frequently,No,3,21,2,35,Medium
EMP0200,Research & Development,Laboratory Technician,1,41,Male,Active Directory,Read,Mover,No,5,0,1,4,Travel_Rarely,No,4,7,2,30,Medium
EMP0200,Research & Development,Laboratory Technician,1,41,Male,SAP,Read,Mover,No,5,0,1,4,Travel_Rarely,No,4,7,2,30,Medium
EMP0200,Research & Development,Laboratory Technician,1,41,Male,SharePoint,Read,Mover,No,5,0,1,4,Travel_Rarely,No,4,7,2,30,Medium
EMP0200,Research & Development,Laboratory Technician,1,41,Male,ServiceNow,Read,Mover,No,5,0,1,4,Travel_Rarely,No,4,7,2,30,Medium
EMP0200,Research & Development,Laboratory Technician,1,41,Male,Lab Systems,Read,Mover,No,5,0,1,4,Travel_Rarely,No,4,7,2,30,Medium
EMP0201,Research & Development,Laboratory Technician,1,19,Female,Active Directory,Read,Mover,No,1,0,0,0,Travel_Rarely,No,3,1,3,40,Medium
EMP0201,Research & Development,Laboratory Technician,1,19,Female,SAP,Read,Mover,No,1,0,0,0,Travel_Rarely,No,3,1,3,40,Medium
EMP0201,Research & Development,Laboratory Technician,1,19,Female,SharePoint,Read,Mover,No,1,0,0,0,Travel_Rarely,No,3,1,3,40,Medium
EMP0201,Research & Development,Laboratory Technician,1,19,Female,ServiceNow,Read,Mover,No,1,0,0,0,Travel_Rarely,No,3,1,3,40,Medium
EMP0201,Research & Development,Laboratory Technician,1,19,Female,Lab Systems,Read,Mover,No,1,0,0,0,Travel_Rarely,No,3,1,3,40,Medium
EMP0202,Research & Development,Research Scientist,2,40,Female,Active Directory,Write,Stable,No,20,7,2,13,Travel_Frequently,No,3,20,2,40,Medium
EMP0202,Research & Development,Research Scientist,2,40,Female,SAP,Write,Stable,No,20,7,2,13,Travel_Frequently,No,3,20,2,40,Medium
EMP0202,Research & Development,Research Scientist,2,40,Female,SharePoint,Write,Stable,No,20,7,2,13,Travel_Frequently,No,3,20,2,40,Medium
EMP0202,Research & Development,Research Scientist,2,40,Female,ServiceNow,Write,Stable,No,20,7,2,13,Travel_Frequently,No,3,20,2,40,Medium
EMP0202,Research & Development,Research Scientist,2,40,Female,Lab Systems,Write,Stable,No,20,7,2,13,Travel_Frequently,No,3,20,2,40,Medium
EMP0204,Sales,Sales Executive,3,35,Male,Active Directory,Write,Stable,No,10,8,0,6,Travel_Rarely,No,3,10,3,30,Medium
EMP0204,Sales,Sales Executive,3,35,Male,Salesforce,Write,Stable,No,10,8,0,6,Travel_Rarely,No,3,10,3,30,Medium
EMP0204,Sales,Sales Executive,3,35,Male,SharePoint,Write,Stable,No,10,8,0,6,Travel_Rarely,No,3,10,3,30,Medium
EMP0204,Sales,Sales Executive,3,35,Male,ServiceNow,Write,Stable,No,10,8,0,6,Travel_Rarely,No,3,10,3,30,Medium
EMP0204,Sales,Sales Executive,3,35,Male,CRM Portal,Write,Stable,No,10,8,0,6,Travel_Rarely,No,3,10,3,30,Medium
EMP0205,Sales,Sales Representative,2,53,Male,Active Directory,Read,Stable,No,7,7,4,5,Travel_Rarely,Yes,4,13,3,30,Medium
EMP0205,Sales,Sales Representative,2,53,Male,Salesforce,Read,Stable,No,7,7,4,5,Travel_Rarely,Yes,4,13,3,30,Medium
EMP0205,Sales,Sales Representative,2,53,Male,SharePoint,Read,Stable,No,7,7,4,5,Travel_Rarely,Yes,4,13,3,30,Medium
EMP0205,Sales,Sales Representative,2,53,Male,ServiceNow,Read,Stable,No,7,7,4,5,Travel_Rarely,Yes,4,13,3,30,Medium
EMP0205,Sales,Sales Representative,2,53,Male,CRM Portal,Read,Stable,No,7,7,4,5,Travel_Rarely,Yes,4,13,3,30,Medium
EMP0206,Research & Development,Laboratory Technician,2,45,Male,Active Directory,Read,Stable,No,17,9,0,15,Travel_Rarely,No,3,20,2,25,Low
EMP0206,Research & Development,Laboratory Technician,2,45,Male,SAP,Read,Stable,No,17,9,0,15,Travel_Rarely,No,3,20,2,25,Low
EMP0206,Research & Development,Laboratory Technician,2,45,Male,SharePoint,Read,Stable,No,17,9,0,15,Travel_Rarely,No,3,20,2,25,Low
EMP0206,Research & Development,Laboratory Technician,2,45,Male,ServiceNow,Read,Stable,No,17,9,0,15,Travel_Rarely,No,3,20,2,25,Low
EMP0206,Research & Development,Laboratory Technician,2,45,Male,Lab Systems,Read,Stable,No,17,9,0,15,Travel_Rarely,No,3,20,2,25,Low
EMP0207,Sales,Sales Executive,3,32,Female,Active Directory,Write,Stable,No,9,8,3,7,Travel_Frequently,No,3,9,2,35,Medium
EMP0207,Sales,Sales Executive,3,32,Female,Salesforce,Write,Stable,No,9,8,3,7,Travel_Frequently,No,3,9,2,35,Medium
EMP0207,Sales,Sales Executive,3,32,Female,SharePoint,Write,Stable,No,9,8,3,7,Travel_Frequently,No,3,9,2,35,Medium
EMP0207,Sales,Sales Executive,3,32,Female,ServiceNow,Write,Stable,No,9,8,3,7,Travel_Frequently,No,3,9,2,35,Medium
EMP0207,Sales,Sales Executive,3,32,Female,CRM Portal,Write,Stable,No,9,8,3,7,Travel_Frequently,No,3,9,2,35,Medium
EMP0208,Research & Development,Manufacturing Director,2,29,Male,Active Directory,Write,Stable,No,10,7,0,9,Non-Travel,No,3,10,1,25,Low
EMP0208,Research & Development,Manufacturing Director,2,29,Male,SAP,Write,Stable,No,10,7,0,9,Non-Travel,No,3,10,1,25,Low
EMP0208,Research & Development,Manufacturing Director,2,29,Male,SharePoint,Write,Stable,No,10,7,0,9,Non-Travel,No,3,10,1,25,Low
EMP0208,Research & Development,Manufacturing Director,2,29,Male,ServiceNow,Write,Stable,No,10,7,0,9,Non-Travel,No,3,10,1,25,Low
EMP0208,Research & Development,Manufacturing Director,2,29,Male,Lab Systems,Write,Stable,No,10,7,0,9,Non-Travel,No,3,10,1,25,Low
EMP0211,Research & Development,Manufacturing Director,2,51,Male,Active Directory,Write,Mover,No,1,0,0,0,Travel_Rarely,No,3,10,2,50,High
EMP0211,Research & Development,Manufacturing Director,2,51,Male,SAP,Write,Mover,No,1,0,0,0,Travel_Rarely,No,3,10,2,50,High
EMP0211,Research & Development,Manufacturing Director,2,51,Male,SharePoint,Write,Mover,No,1,0,0,0,Travel_Rarely,No,3,10,2,50,High
EMP0211,Research & Development,Manufacturing Director,2,51,Male,ServiceNow,Write,Mover,No,1,0,0,0,Travel_Rarely,No,3,10,2,50,High
EMP0211,Research & Development,Manufacturing Director,2,51,Male,Lab Systems,Write,Mover,No,1,0,0,0,Travel_Rarely,No,3,10,2,50,High
EMP0214,Research & Development,Research Scientist,1,58,Female,Active Directory,Write,Mover,No,1,0,0,0,Travel_Rarely,Yes,4,9,3,60,High
EMP0214,Research & Development,Research Scientist,1,58,Female,SAP,Write,Mover,No,1,0,0,0,Travel_Rarely,Yes,4,9,3,60,High
EMP0214,Research & Development,Research Scientist,1,58,Female,SharePoint,Write,Mover,No,1,0,0,0,Travel_Rarely,Yes,4,9,3,60,High
EMP0214,Research & Development,Research Scientist,1,58,Female,ServiceNow,Write,Mover,No,1,0,0,0,Travel_Rarely,Yes,4,9,3,60,High
EMP0214,Research & Development,Research Scientist,1,58,Female,Lab Systems,Write,Mover,No,1,0,0,0,Travel_Rarely,Yes,4,9,3,60,High
EMP0215,Sales,Sales Executive,3,40,Male,Active Directory,Write,Stable,No,12,11,2,11,Travel_Rarely,No,3,15,2,35,Medium
EMP0215,Sales,Sales Executive,3,40,Male,Salesforce,Write,Stable,No,12,11,2,11,Travel_Rarely,No,3,15,2,35,Medium
EMP0215,Sales,Sales Executive,3,40,Male,SharePoint,Write,Stable,No,12,11,2,11,Travel_Rarely,No,3,15,2,35,Medium
EMP0215,Sales,Sales Executive,3,40,Male,ServiceNow,Write,Stable,No,12,11,2,11,Travel_Rarely,No,3,15,2,35,Medium
EMP0215,Sales,Sales Executive,3,40,Male,CRM Portal,Write,Stable,No,12,11,2,11,Travel_Rarely,No,3,15,2,35,Medium
EMP0216,Sales,Sales Representative,1,34,Female,Active Directory,Read,Stable,No,4,3,1,2,Travel_Frequently,No,3,6,3,15,Low
EMP0216,Sales,Sales Representative,1,34,Female,Salesforce,Read,Stable,No,4,3,1,2,Travel_Frequently,No,3,6,3,15,Low
EMP0216,Sales,Sales Representative,1,34,Female,SharePoint,Read,Stable,No,4,3,1,2,Travel_Frequently,No,3,6,3,15,Low
EMP0216,Sales,Sales Representative,1,34,Female,ServiceNow,Read,Stable,No,4,3,1,2,Travel_Frequently,No,3,6,3,15,Low
EMP0216,Sales,Sales Representative,1,34,Female,CRM Portal,Read,Stable,No,4,3,1,2,Travel_Frequently,No,3,6,3,15,Low
EMP0217,Research & Development,Research Scientist,1,22,Male,Active Directory,Write,Stable,No,2,2,2,2,Travel_Rarely,No,4,2,6,20,Low
EMP0217,Research & Development,Research Scientist,1,22,Male,SAP,Write,Stable,No,2,2,2,2,Travel_Rarely,No,4,2,6,20,Low
EMP0217,Research & Development,Research Scientist,1,22,Male,SharePoint,Write,Stable,No,2,2,2,2,Travel_Rarely,No,4,2,6,20,Low
EMP0217,Research & Development,Research Scientist,1,22,Male,ServiceNow,Write,Stable,No,2,2,2,2,Travel_Rarely,No,4,2,6,20,Low
EMP0217,Research & Development,Research Scientist,1,22,Male,Lab Systems,Write,Stable,No,2,2,2,2,Travel_Rarely,No,4,2,6,20,Low
EMP0218,Research & Development,Research Scientist,1,27,Male,Active Directory,Write,Stable,No,2,2,2,2,Non-Travel,No,3,6,1,15,Low
EMP0218,Research & Development,Research Scientist,1,27,Male,SAP,Write,Stable,No,2,2,2,2,Non-Travel,No,3,6,1,15,Low
EMP0218,Research & Development,Research Scientist,1,27,Male,SharePoint,Write,Stable,No,2,2,2,2,Non-Travel,No,3,6,1,15,Low
EMP0218,Research & Development,Research Scientist,1,27,Male,ServiceNow,Write,Stable,No,2,2,2,2,Non-Travel,No,3,6,1,15,Low
EMP0218,Research & Development,Research Scientist,1,27,Male,Lab Systems,Write,Stable,No,2,2,2,2,Non-Travel,No,3,6,1,15,Low
EMP0221,Research & Development,Research Scientist,1,28,Male,Active Directory,Write,Stable,No,5,2,0,2,Travel_Rarely,No,3,5,2,20,Low
EMP0221,Research & Development,Research Scientist,1,28,Male,SAP,Write,Stable,No,5,2,0,2,Travel_Rarely,No,3,5,2,20,Low
EMP0221,Research & Development,Research Scientist,1,28,Male,SharePoint,Write,Stable,No,5,2,0,2,Travel_Rarely,No,3,5,2,20,Low
EMP0221,Research & Development,Research Scientist,1,28,Male,ServiceNow,Write,Stable,No,5,2,0,2,Travel_Rarely,No,3,5,2,20,Low
EMP0221,Research & Development,Research Scientist,1,28,Male,Lab Systems,Write,Stable,No,5,2,0,2,Travel_Rarely,No,3,5,2,20,Low
EMP0223,Research & Development,Healthcare Representative,3,57,Male,Active Directory,Read,Stable,No,5,3,1,4,Travel_Rarely,Yes,3,12,2,20,Low
EMP0223,Research & Development,Healthcare Representative,3,57,Male,SAP,Read,Stable,No,5,3,1,4,Travel_Rarely,Yes,3,12,2,20,Low
EMP0223,Research & Development,Healthcare Representative,3,57,Male,SharePoint,Read,Stable,No,5,3,1,4,Travel_Rarely,Yes,3,12,2,20,Low
EMP0223,Research & Development,Healthcare Representative,3,57,Male,ServiceNow,Read,Stable,No,5,3,1,4,Travel_Rarely,Yes,3,12,2,20,Low
EMP0223,Research & Development,Healthcare Representative,3,57,Male,Lab Systems,Read,Stable,No,5,3,1,4,Travel_Rarely,Yes,3,12,2,20,Low
EMP0224,Research & Development,Research Scientist,1,27,Male,Active Directory,Write,Mover,No,1,1,0,1,Non-Travel,Yes,3,1,2,55,High
EMP0224,Research & Development,Research Scientist,1,27,Male,SAP,Write,Mover,No,1,1,0,1,Non-Travel,Yes,3,1,2,55,High
EMP0224,Research & Development,Research Scientist,1,27,Male,SharePoint,Write,Mover,No,1,1,0,1,Non-Travel,Yes,3,1,2,55,High
EMP0224,Research & Development,Research Scientist,1,27,Male,ServiceNow,Write,Mover,No,1,1,0,1,Non-Travel,Yes,3,1,2,55,High
EMP0224,Research & Development,Research Scientist,1,27,Male,Lab Systems,Write,Mover,No,1,1,0,1,Non-Travel,Yes,3,1,2,55,High
EMP0226,Research & Development,Manager,5,50,Female,Active Directory,Write,Stable,No,5,4,4,4,Travel_Rarely,No,3,21,5,20,Low
EMP0226,Research & Development,Manager,5,50,Female,SAP,Write,Stable,No,5,4,4,4,Travel_Rarely,No,3,21,5,20,Low
EMP0226,Research & Development,Manager,5,50,Female,SharePoint,Write,Stable,No,5,4,4,4,Travel_Rarely,No,3,21,5,20,Low
EMP0226,Research & Development,Manager,5,50,Female,ServiceNow,Write,Stable,No,5,4,4,4,Travel_Rarely,No,3,21,5,20,Low
EMP0226,Research & Development,Manager,5,50,Female,Lab Systems,Write,Stable,No,5,4,4,4,Travel_Rarely,No,3,21,5,20,Low
EMP0227,Research & Development,Research Scientist,1,41,Male,Active Directory,Write,Stable,No,9,8,1,8,Travel_Rarely,No,3,13,2,30,Medium
EMP0227,Research & Development,Research Scientist,1,41,Male,SAP,Write,Stable,No,9,8,1,8,Travel_Rarely,No,3,13,2,30,Medium
EMP0227,Research & Development,Research Scientist,1,41,Male,SharePoint,Write,Stable,No,9,8,1,8,Travel_Rarely,No,3,13,2,30,Medium
EMP0227,Research & Development,Research Scientist,1,41,Male,ServiceNow,Write,Stable,No,9,8,1,8,Travel_Rarely,No,3,13,2,30,Medium
EMP0227,Research & Development,Research Scientist,1,41,Male,Lab Systems,Write,Stable,No,9,8,1,8,Travel_Rarely,No,3,13,2,30,Medium
EMP0228,Sales,Sales Executive,3,30,Female,Active Directory,Write,Stable,No,10,9,7,4,Travel_Rarely,No,3,12,2,30,Medium
EMP0228,Sales,Sales Executive,3,30,Female,Salesforce,Write,Stable,No,10,9,7,4,Travel_Rarely,No,3,12,2,30,Medium
EMP0228,Sales,Sales Executive,3,30,Female,SharePoint,Write,Stable,No,10,9,7,4,Travel_Rarely,No,3,12,2,30,Medium
EMP0228,Sales,Sales Executive,3,30,Female,ServiceNow,Write,Stable,No,10,9,7,4,Travel_Rarely,No,3,12,2,30,Medium
EMP0228,Sales,Sales Executive,3,30,Female,CRM Portal,Write,Stable,No,10,9,7,4,Travel_Rarely,No,3,12,2,30,Medium
EMP0230,Sales,Sales Executive,2,38,Female,Active Directory,Write,Stable,No,8,3,0,7,Travel_Rarely,No,4,12,2,30,Medium
EMP0230,Sales,Sales Executive,2,38,Female,Salesforce,Write,Stable,No,8,3,0,7,Travel_Rarely,No,4,12,2,30,Medium
EMP0230,Sales,Sales Executive,2,38,Female,SharePoint,Write,Stable,No,8,3,0,7,Travel_Rarely,No,4,12,2,30,Medium
EMP0230,Sales,Sales Executive,2,38,Female,ServiceNow,Write,Stable,No,8,3,0,7,Travel_Rarely,No,4,12,2,30,Medium
EMP0230,Sales,Sales Executive,2,38,Female,CRM Portal,Write,Stable,No,8,3,0,7,Travel_Rarely,No,4,12,2,30,Medium
EMP0231,Research & Development,Research Scientist,1,32,Male,Active Directory,Write,Stable,No,5,4,1,4,Travel_Rarely,No,4,8,2,20,Low
EMP0231,Research & Development,Research Scientist,1,32,Male,SAP,Write,Stable,No,5,4,1,4,Travel_Rarely,No,4,8,2,20,Low
EMP0231,Research & Development,Research Scientist,1,32,Male,SharePoint,Write,Stable,No,5,4,1,4,Travel_Rarely,No,4,8,2,20,Low
EMP0231,Research & Development,Research Scientist,1,32,Male,ServiceNow,Write,Stable,No,5,4,1,4,Travel_Rarely,No,4,8,2,20,Low
EMP0231,Research & Development,Research Scientist,1,32,Male,Lab Systems,Write,Stable,No,5,4,1,4,Travel_Rarely,No,4,8,2,20,Low
EMP0233,Research & Development,Research Scientist,1,27,Male,Active Directory,Write,Stable,No,5,2,1,1,Travel_Rarely,Yes,3,6,3,40,Medium
EMP0233,Research & Development,Research Scientist,1,27,Male,SAP,Write,Stable,No,5,2,1,1,Travel_Rarely,Yes,3,6,3,40,Medium
EMP0233,Research & Development,Research Scientist,1,27,Male,SharePoint,Write,Stable,No,5,2,1,1,Travel_Rarely,Yes,3,6,3,40,Medium
EMP0233,Research & Development,Research Scientist,1,27,Male,ServiceNow,Write,Stable,No,5,2,1,1,Travel_Rarely,Yes,3,6,3,40,Medium
EMP0233,Research & Development,Research Scientist,1,27,Male,Lab Systems,Write,Stable,No,5,2,1,1,Travel_Rarely,Yes,3,6,3,40,Medium
EMP0235,Sales,Sales Representative,1,19,Female,Active Directory,Read,Leaver,Yes,0,0,0,0,Travel_Frequently,No,4,1,5,65,High
EMP0235,Sales,Sales Representative,1,19,Female,Salesforce,Read,Leaver,Yes,0,0,0,0,Travel_Frequently,No,4,1,5,65,High
EMP0235,Sales,Sales Representative,1,19,Female,SharePoint,Read,Leaver,Yes,0,0,0,0,Travel_Frequently,No,4,1,5,65,High
EMP0235,Sales,Sales Representative,1,19,Female,ServiceNow,Read,Leaver,Yes,0,0,0,0,Travel_Frequently,No,4,1,5,65,High
EMP0235,Sales,Sales Representative,1,19,Female,CRM Portal,Read,Leaver,Yes,0,0,0,0,Travel_Frequently,No,4,1,5,65,High
EMP0238,Research & Development,Laboratory Technician,1,36,Male,Active Directory,Read,Stable,No,8,7,7,2,Travel_Frequently,No,3,13,3,25,Low
EMP0238,Research & Development,Laboratory Technician,1,36,Male,SAP,Read,Stable,No,8,7,7,2,Travel_Frequently,No,3,13,3,25,Low
EMP0238,Research & Development,Laboratory Technician,1,36,Male,SharePoint,Read,Stable,No,8,7,7,2,Travel_Frequently,No,3,13,3,25,Low
EMP0238,Research & Development,Laboratory Technician,1,36,Male,ServiceNow,Read,Stable,No,8,7,7,2,Travel_Frequently,No,3,13,3,25,Low
EMP0238,Research & Development,Laboratory Technician,1,36,Male,Lab Systems,Read,Stable,No,8,7,7,2,Travel_Frequently,No,3,13,3,25,Low
EMP0239,Research & Development,Laboratory Technician,2,30,Male,Active Directory,Read,Stable,No,12,9,6,10,Non-Travel,No,3,12,4,20,Low
EMP0239,Research & Development,Laboratory Technician,2,30,Male,SAP,Read,Stable,No,12,9,6,10,Non-Travel,No,3,12,4,20,Low
EMP0239,Research & Development,Laboratory Technician,2,30,Male,SharePoint,Read,Stable,No,12,9,6,10,Non-Travel,No,3,12,4,20,Low
EMP0239,Research & Development,Laboratory Technician,2,30,Male,ServiceNow,Read,Stable,No,12,9,6,10,Non-Travel,No,3,12,4,20,Low
EMP0239,Research & Development,Laboratory Technician,2,30,Male,Lab Systems,Read,Stable,No,12,9,6,10,Non-Travel,No,3,12,4,20,Low
EMP0240,Sales,Sales Executive,2,45,Female,Active Directory,Write,Stable,No,5,4,0,3,Travel_Rarely,Yes,3,9,3,30,Medium
EMP0240,Sales,Sales Executive,2,45,Female,Salesforce,Write,Stable,No,5,4,0,3,Travel_Rarely,Yes,3,9,3,30,Medium
EMP0240,Sales,Sales Executive,2,45,Female,SharePoint,Write,Stable,No,5,4,0,3,Travel_Rarely,Yes,3,9,3,30,Medium
EMP0240,Sales,Sales Executive,2,45,Female,ServiceNow,Write,Stable,No,5,4,0,3,Travel_Rarely,Yes,3,9,3,30,Medium
EMP0240,Sales,Sales Executive,2,45,Female,CRM Portal,Write,Stable,No,5,4,0,3,Travel_Rarely,Yes,3,9,3,30,Medium
EMP0241,Research & Development,Research Scientist,1,56,Female,Active Directory,Write,Stable,No,2,2,2,2,Travel_Rarely,Yes,3,19,3,30,Medium
EMP0241,Research & Development,Research Scientist,1,56,Female,SAP,Write,Stable,No,2,2,2,2,Travel_Rarely,Yes,3,19,3,30,Medium
EMP0241,Research & Development,Research Scientist,1,56,Female,SharePoint,Write,Stable,No,2,2,2,2,Travel_Rarely,Yes,3,19,3,30,Medium
EMP0241,Research & Development,Research Scientist,1,56,Female,ServiceNow,Write,Stable,No,2,2,2,2,Travel_Rarely,Yes,3,19,3,30,Medium
EMP0241,Research & Development,Research Scientist,1,56,Female,Lab Systems,Write,Stable,No,2,2,2,2,Travel_Rarely,Yes,3,19,3,30,Medium
EMP0242,Research & Development,Research Scientist,1,33,Male,Active Directory,Write,Mover,No,3,1,0,2,Travel_Rarely,No,3,4,2,40,Medium
EMP0242,Research & Development,Research Scientist,1,33,Male,SAP,Write,Mover,No,3,1,0,2,Travel_Rarely,No,3,4,2,40,Medium
EMP0242,Research & Development,Research Scientist,1,33,Male,SharePoint,Write,Mover,No,3,1,0,2,Travel_Rarely,No,3,4,2,40,Medium
EMP0242,Research & Development,Research Scientist,1,33,Male,ServiceNow,Write,Mover,No,3,1,0,2,Travel_Rarely,No,3,4,2,40,Medium
EMP0242,Research & Development,Research Scientist,1,33,Male,Lab Systems,Write,Mover,No,3,1,0,2,Travel_Rarely,No,3,4,2,40,Medium
EMP0243,Research & Development,Laboratory Technician,1,19,Male,Active Directory,Read,Leaver,Yes,1,0,1,0,Travel_Rarely,No,4,1,3,60,High
EMP0243,Research & Development,Laboratory Technician,1,19,Male,SAP,Read,Leaver,Yes,1,0,1,0,Travel_Rarely,No,4,1,3,60,High
EMP0243,Research & Development,Laboratory Technician,1,19,Male,SharePoint,Read,Leaver,Yes,1,0,1,0,Travel_Rarely,No,4,1,3,60,High
EMP0243,Research & Development,Laboratory Technician,1,19,Male,ServiceNow,Read,Leaver,Yes,1,0,1,0,Travel_Rarely,No,4,1,3,60,High
EMP0243,Research & Development,Laboratory Technician,1,19,Male,Lab Systems,Read,Leaver,Yes,1,0,1,0,Travel_Rarely,No,4,1,3,60,High
EMP0244,Sales,Sales Executive,3,46,Female,Active Directory,Write,Stable,No,24,13,15,7,Travel_Rarely,No,4,24,2,35,Medium
EMP0244,Sales,Sales Executive,3,46,Female,Salesforce,Write,Stable,No,24,13,15,7,Travel_Rarely,No,4,24,2,35,Medium
EMP0244,Sales,Sales Executive,3,46,Female,SharePoint,Write,Stable,No,24,13,15,7,Travel_Rarely,No,4,24,2,35,Medium
EMP0244,Sales,Sales Executive,3,46,Female,ServiceNow,Write,Stable,No,24,13,15,7,Travel_Rarely,No,4,24,2,35,Medium
EMP0244,Sales,Sales Executive,3,46,Female,CRM Portal,Write,Stable,No,24,13,15,7,Travel_Rarely,No,4,24,2,35,Medium
EMP0245,Research & Development,Laboratory Technician,1,38,Female,Active Directory,Read,Stable,No,2,2,2,1,Travel_Rarely,No,3,2,3,20,Low
EMP0245,Research & Development,Laboratory Technician,1,38,Female,SAP,Read,Stable,No,2,2,2,1,Travel_Rarely,No,3,2,3,20,Low
EMP0245,Research & Development,Laboratory Technician,1,38,Female,SharePoint,Read,Stable,No,2,2,2,1,Travel_Rarely,No,3,2,3,20,Low
EMP0245,Research & Development,Laboratory Technician,1,38,Female,ServiceNow,Read,Stable,No,2,2,2,1,Travel_Rarely,No,3,2,3,20,Low
EMP0245,Research & Development,Laboratory Technician,1,38,Female,Lab Systems,Read,Stable,No,2,2,2,1,Travel_Rarely,No,3,2,3,20,Low
EMP0246,Research & Development,Research Scientist,1,31,Female,Active Directory,Write,Stable,No,4,2,0,2,Travel_Rarely,Yes,4,7,0,30,Medium
EMP0246,Research & Development,Research Scientist,1,31,Female,SAP,Write,Stable,No,4,2,0,2,Travel_Rarely,Yes,4,7,0,30,Medium
EMP0246,Research & Development,Research Scientist,1,31,Female,SharePoint,Write,Stable,No,4,2,0,2,Travel_Rarely,Yes,4,7,0,30,Medium
EMP0246,Research & Development,Research Scientist,1,31,Female,ServiceNow,Write,Stable,No,4,2,0,2,Travel_Rarely,Yes,4,7,0,30,Medium
EMP0246,Research & Development,Research Scientist,1,31,Female,Lab Systems,Write,Stable,No,4,2,0,2,Travel_Rarely,Yes,4,7,0,30,Medium
EMP0247,Research & Development,Research Scientist,1,34,Female,Active Directory,Write,Stable,No,3,2,1,2,Travel_Rarely,No,3,9,3,20,Low
EMP0247,Research & Development,Research Scientist,1,34,Female,SAP,Write,Stable,No,3,2,1,2,Travel_Rarely,No,3,9,3,20,Low
EMP0247,Research & Development,Research Scientist,1,34,Female,SharePoint,Write,Stable,No,3,2,1,2,Travel_Rarely,No,3,9,3,20,Low
EMP0247,Research & Development,Research Scientist,1,34,Female,ServiceNow,Write,Stable,No,3,2,1,2,Travel_Rarely,No,3,9,3,20,Low
EMP0247,Research & Development,Research Scientist,1,34,Female,Lab Systems,Write,Stable,No,3,2,1,2,Travel_Rarely,No,3,9,3,20,Low
EMP0248,Sales,Sales Representative,1,41,Female,Active Directory,Read,Leaver,Yes,4,3,0,2,Travel_Rarely,Yes,4,4,5,60,High
EMP0248,Sales,Sales Representative,1,41,Female,Salesforce,Read,Leaver,Yes,4,3,0,2,Travel_Rarely,Yes,4,4,5,60,High
EMP0248,Sales,Sales Representative,1,41,Female,SharePoint,Read,Leaver,Yes,4,3,0,2,Travel_Rarely,Yes,4,4,5,60,High
EMP0248,Sales,Sales Representative,1,41,Female,ServiceNow,Read,Leaver,Yes,4,3,0,2,Travel_Rarely,Yes,4,4,5,60,High
EMP0248,Sales,Sales Representative,1,41,Female,CRM Portal,Read,Leaver,Yes,4,3,0,2,Travel_Rarely,Yes,4,4,5,60,High
EMP0249,Research & Development,Laboratory Technician,1,50,Male,Active Directory,Read,Stable,No,3,2,0,2,Travel_Rarely,No,3,5,2,10,Low
EMP0249,Research & Development,Laboratory Technician,1,50,Male,SAP,Read,Stable,No,3,2,0,2,Travel_Rarely,No,3,5,2,10,Low
EMP0249,Research & Development,Laboratory Technician,1,50,Male,SharePoint,Read,Stable,No,3,2,0,2,Travel_Rarely,No,3,5,2,10,Low
EMP0249,Research & Development,Laboratory Technician,1,50,Male,ServiceNow,Read,Stable,No,3,2,0,2,Travel_Rarely,No,3,5,2,10,Low
EMP0249,Research & Development,Laboratory Technician,1,50,Male,Lab Systems,Read,Stable,No,3,2,0,2,Travel_Rarely,No,3,5,2,10,Low
EMP0250,Research & Development,Manufacturing Director,2,53,Female,Active Directory,Write,Stable,No,4,2,1,3,Travel_Rarely,No,3,5,3,20,Low
EMP0250,Research & Development,Manufacturing Director,2,53,Female,SAP,Write,Stable,No,4,2,1,3,Travel_Rarely,No,3,5,3,20,Low
EMP0250,Research & Development,Manufacturing Director,2,53,Female,SharePoint,Write,Stable,No,4,2,1,3,Travel_Rarely,No,3,5,3,20,Low
EMP0250,Research & Development,Manufacturing Director,2,53,Female,ServiceNow,Write,Stable,No,4,2,1,3,Travel_Rarely,No,3,5,3,20,Low
EMP0250,Research & Development,Manufacturing Director,2,53,Female,Lab Systems,Write,Stable,No,4,2,1,3,Travel_Rarely,No,3,5,3,20,Low
EMP0252,Research & Development,Research Scientist,1,33,Female,Active Directory,Write,Stable,No,8,7,1,6,Travel_Rarely,No,3,8,5,30,Medium
EMP0252,Research & Development,Research Scientist,1,33,Female,SAP,Write,Stable,No,8,7,1,6,Travel_Rarely,No,3,8,5,30,Medium
EMP0252,Research & Development,Research Scientist,1,33,Female,SharePoint,Write,Stable,No,8,7,1,6,Travel_Rarely,No,3,8,5,30,Medium
EMP0252,Research & Development,Research Scientist,1,33,Female,ServiceNow,Write,Stable,No,8,7,1,6,Travel_Rarely,No,3,8,5,30,Medium
EMP0252,Research & Development,Research Scientist,1,33,Female,Lab Systems,Write,Stable,No,8,7,1,6,Travel_Rarely,No,3,8,5,30,Medium
EMP0253,Research & Development,Manager,5,40,Female,Active Directory,Write,Stable,No,20,8,9,9,Travel_Rarely,No,3,21,2,35,Medium
EMP0253,Research & Development,Manager,5,40,Female,SAP,Write,Stable,No,20,8,9,9,Travel_Rarely,No,3,21,2,35,Medium
EMP0253,Research & Development,Manager,5,40,Female,SharePoint,Write,Stable,No,20,8,9,9,Travel_Rarely,No,3,21,2,35,Medium
EMP0253,Research & Development,Manager,5,40,Female,ServiceNow,Write,Stable,No,20,8,9,9,Travel_Rarely,No,3,21,2,35,Medium
EMP0253,Research & Development,Manager,5,40,Female,Lab Systems,Write,Stable,No,20,8,9,9,Travel_Rarely,No,3,21,2,35,Medium
EMP0254,Research & Development,Research Director,5,55,Male,Active Directory,Admin,Stable,No,24,15,2,15,Travel_Rarely,No,3,36,3,50,High
EMP0254,Research & Development,Research Director,5,55,Male,SAP,Admin,Stable,No,24,15,2,15,Travel_Rarely,No,3,36,3,50,High
EMP0254,Research & Development,Research Director,5,55,Male,SharePoint,Admin,Stable,No,24,15,2,15,Travel_Rarely,No,3,36,3,50,High
EMP0254,Research & Development,Research Director,5,55,Male,ServiceNow,Admin,Stable,No,24,15,2,15,Travel_Rarely,No,3,36,3,50,High
EMP0254,Research & Development,Research Director,5,55,Male,Lab Systems,Admin,Stable,No,24,15,2,15,Travel_Rarely,No,3,36,3,50,High
EMP0256,Research & Development,Manufacturing Director,2,34,Male,Active Directory,Write,Stable,No,10,9,1,9,Travel_Frequently,No,3,10,2,35,Medium
EMP0256,Research & Development,Manufacturing Director,2,34,Male,SAP,Write,Stable,No,10,9,1,9,Travel_Frequently,No,3,10,2,35,Medium
EMP0256,Research & Development,Manufacturing Director,2,34,Male,SharePoint,Write,Stable,No,10,9,1,9,Travel_Frequently,No,3,10,2,35,Medium
EMP0256,Research & Development,Manufacturing Director,2,34,Male,ServiceNow,Write,Stable,No,10,9,1,9,Travel_Frequently,No,3,10,2,35,Medium
EMP0256,Research & Development,Manufacturing Director,2,34,Male,Lab Systems,Write,Stable,No,10,9,1,9,Travel_Frequently,No,3,10,2,35,Medium
EMP0258,Research & Development,Healthcare Representative,4,51,Female,Active Directory,Read,Stable,No,7,7,1,0,Travel_Rarely,No,3,21,6,30,Medium
EMP0258,Research & Development,Healthcare Representative,4,51,Female,SAP,Read,Stable,No,7,7,1,0,Travel_Rarely,No,3,21,6,30,Medium
EMP0258,Research & Development,Healthcare Representative,4,51,Female,SharePoint,Read,Stable,No,7,7,1,0,Travel_Rarely,No,3,21,6,30,Medium
EMP0258,Research & Development,Healthcare Representative,4,51,Female,ServiceNow,Read,Stable,No,7,7,1,0,Travel_Rarely,No,3,21,6,30,Medium
EMP0258,Research & Development,Healthcare Representative,4,51,Female,Lab Systems,Read,Stable,No,7,7,1,0,Travel_Rarely,No,3,21,6,30,Medium
EMP0259,Research & Development,Manager,5,52,Male,Active Directory,Write,Stable,No,33,18,11,9,Travel_Rarely,No,3,34,5,35,Medium
EMP0259,Research & Development,Manager,5,52,Male,SAP,Write,Stable,No,33,18,11,9,Travel_Rarely,No,3,34,5,35,Medium
EMP0259,Research & Development,Manager,5,52,Male,SharePoint,Write,Stable,No,33,18,11,9,Travel_Rarely,No,3,34,5,35,Medium
EMP0259,Research & Development,Manager,5,52,Male,ServiceNow,Write,Stable,No,33,18,11,9,Travel_Rarely,No,3,34,5,35,Medium
EMP0259,Research & Development,Manager,5,52,Male,Lab Systems,Write,Stable,No,33,18,11,9,Travel_Rarely,No,3,34,5,35,Medium
EMP0260,Research & Development,Research Scientist,1,27,Female,Active Directory,Write,Stable,No,7,7,0,3,Travel_Rarely,No,3,7,2,30,Medium
EMP0260,Research & Development,Research Scientist,1,27,Female,SAP,Write,Stable,No,7,7,0,3,Travel_Rarely,No,3,7,2,30,Medium
EMP0260,Research & Development,Research Scientist,1,27,Female,SharePoint,Write,Stable,No,7,7,0,3,Travel_Rarely,No,3,7,2,30,Medium
EMP0260,Research & Development,Research Scientist,1,27,Female,ServiceNow,Write,Stable,No,7,7,0,3,Travel_Rarely,No,3,7,2,30,Medium
EMP0260,Research & Development,Research Scientist,1,27,Female,Lab Systems,Write,Stable,No,7,7,0,3,Travel_Rarely,No,3,7,2,30,Medium
EMP0261,Research & Development,Manufacturing Director,2,35,Male,Active Directory,Write,Leaver,Yes,1,0,0,1,Travel_Rarely,Yes,3,8,1,80,Critical
EMP0261,Research & Development,Manufacturing Director,2,35,Male,SAP,Write,Leaver,Yes,1,0,0,1,Travel_Rarely,Yes,3,8,1,80,Critical
EMP0261,Research & Development,Manufacturing Director,2,35,Male,SharePoint,Write,Leaver,Yes,1,0,0,1,Travel_Rarely,Yes,3,8,1,80,Critical
EMP0261,Research & Development,Manufacturing Director,2,35,Male,ServiceNow,Write,Leaver,Yes,1,0,0,1,Travel_Rarely,Yes,3,8,1,80,Critical
EMP0261,Research & Development,Manufacturing Director,2,35,Male,Lab Systems,Write,Leaver,Yes,1,0,0,1,Travel_Rarely,Yes,3,8,1,80,Critical
EMP0262,Research & Development,Research Scientist,1,43,Male,Active Directory,Write,Stable,No,5,4,2,2,Non-Travel,No,3,7,3,15,Low
EMP0262,Research & Development,Research Scientist,1,43,Male,SAP,Write,Stable,No,5,4,2,2,Non-Travel,No,3,7,3,15,Low
EMP0262,Research & Development,Research Scientist,1,43,Male,SharePoint,Write,Stable,No,5,4,2,2,Non-Travel,No,3,7,3,15,Low
EMP0262,Research & Development,Research Scientist,1,43,Male,ServiceNow,Write,Stable,No,5,4,2,2,Non-Travel,No,3,7,3,15,Low
EMP0262,Research & Development,Research Scientist,1,43,Male,Lab Systems,Write,Stable,No,5,4,2,2,Non-Travel,No,3,7,3,15,Low
EMP0264,Research & Development,Manager,4,45,Male,Active Directory,Write,Stable,No,20,8,11,8,Non-Travel,No,4,22,1,30,Medium
EMP0264,Research & Development,Manager,4,45,Male,SAP,Write,Stable,No,20,8,11,8,Non-Travel,No,4,22,1,30,Medium
EMP0264,Research & Development,Manager,4,45,Male,SharePoint,Write,Stable,No,20,8,11,8,Non-Travel,No,4,22,1,30,Medium
EMP0264,Research & Development,Manager,4,45,Male,ServiceNow,Write,Stable,No,20,8,11,8,Non-Travel,No,4,22,1,30,Medium
EMP0264,Research & Development,Manager,4,45,Male,Lab Systems,Write,Stable,No,20,8,11,8,Non-Travel,No,4,22,1,30,Medium
EMP0267,Research & Development,Research Scientist,1,37,Male,Active Directory,Write,Stable,No,8,7,1,7,Travel_Rarely,Yes,3,8,3,40,Medium
EMP0267,Research & Development,Research Scientist,1,37,Male,SAP,Write,Stable,No,8,7,1,7,Travel_Rarely,Yes,3,8,3,40,Medium
EMP0267,Research & Development,Research Scientist,1,37,Male,SharePoint,Write,Stable,No,8,7,1,7,Travel_Rarely,Yes,3,8,3,40,Medium
EMP0267,Research & Development,Research Scientist,1,37,Male,ServiceNow,Write,Stable,No,8,7,1,7,Travel_Rarely,Yes,3,8,3,40,Medium
EMP0267,Research & Development,Research Scientist,1,37,Male,Lab Systems,Write,Stable,No,8,7,1,7,Travel_Rarely,Yes,3,8,3,40,Medium
EMP0269,Research & Development,Laboratory Technician,2,35,Female,Active Directory,Read,Stable,No,6,2,1,2,Travel_Frequently,No,3,10,5,25,Low
EMP0269,Research & Development,Laboratory Technician,2,35,Female,SAP,Read,Stable,No,6,2,1,2,Travel_Frequently,No,3,10,5,25,Low
EMP0269,Research & Development,Laboratory Technician,2,35,Female,SharePoint,Read,Stable,No,6,2,1,2,Travel_Frequently,No,3,10,5,25,Low
EMP0269,Research & Development,Laboratory Technician,2,35,Female,ServiceNow,Read,Stable,No,6,2,1,2,Travel_Frequently,No,3,10,5,25,Low
EMP0269,Research & Development,Laboratory Technician,2,35,Female,Lab Systems,Read,Stable,No,6,2,1,2,Travel_Frequently,No,3,10,5,25,Low
EMP0270,Research & Development,Manufacturing Director,2,42,Female,Active Directory,Write,Stable,No,5,3,0,2,Non-Travel,No,3,11,5,15,Low
EMP0270,Research & Development,Manufacturing Director,2,42,Female,SAP,Write,Stable,No,5,3,0,2,Non-Travel,No,3,11,5,15,Low
EMP0270,Research & Development,Manufacturing Director,2,42,Female,SharePoint,Write,Stable,No,5,3,0,2,Non-Travel,No,3,11,5,15,Low
EMP0270,Research & Development,Manufacturing Director,2,42,Female,ServiceNow,Write,Stable,No,5,3,0,2,Non-Travel,No,3,11,5,15,Low
EMP0270,Research & Development,Manufacturing Director,2,42,Female,Lab Systems,Write,Stable,No,5,3,0,2,Non-Travel,No,3,11,5,15,Low
EMP0271,Research & Development,Manufacturing Director,2,38,Male,Active Directory,Write,Mover,No,1,0,0,0,Travel_Rarely,No,3,14,3,50,High
EMP0271,Research & Development,Manufacturing Director,2,38,Male,SAP,Write,Mover,No,1,0,0,0,Travel_Rarely,No,3,14,3,50,High
EMP0271,Research & Development,Manufacturing Director,2,38,Male,SharePoint,Write,Mover,No,1,0,0,0,Travel_Rarely,No,3,14,3,50,High
EMP0271,Research & Development,Manufacturing Director,2,38,Male,ServiceNow,Write,Mover,No,1,0,0,0,Travel_Rarely,No,3,14,3,50,High
EMP0271,Research & Development,Manufacturing Director,2,38,Male,Lab Systems,Write,Mover,No,1,0,0,0,Travel_Rarely,No,3,14,3,50,High
EMP0273,Research & Development,Manufacturing Director,2,38,Male,Active Directory,Write,Stable,No,7,7,1,7,Travel_Rarely,No,3,9,3,30,Medium
EMP0273,Research & Development,Manufacturing Director,2,38,Male,SAP,Write,Stable,No,7,7,1,7,Travel_Rarely,No,3,9,3,30,Medium
EMP0273,Research & Development,Manufacturing Director,2,38,Male,SharePoint,Write,Stable,No,7,7,1,7,Travel_Rarely,No,3,9,3,30,Medium
EMP0273,Research & Development,Manufacturing Director,2,38,Male,ServiceNow,Write,Stable,No,7,7,1,7,Travel_Rarely,No,3,9,3,30,Medium
EMP0273,Research & Development,Manufacturing Director,2,38,Male,Lab Systems,Write,Stable,No,7,7,1,7,Travel_Rarely,No,3,9,3,30,Medium
EMP0274,Research & Development,Manufacturing Director,2,27,Male,Active Directory,Write,Stable,No,2,2,2,0,Travel_Frequently,No,3,6,1,35,Medium
EMP0274,Research & Development,Manufacturing Director,2,27,Male,SAP,Write,Stable,No,2,2,2,0,Travel_Frequently,No,3,6,1,35,Medium
EMP0274,Research & Development,Manufacturing Director,2,27,Male,SharePoint,Write,Stable,No,2,2,2,0,Travel_Frequently,No,3,6,1,35,Medium
EMP0274,Research & Development,Manufacturing Director,2,27,Male,ServiceNow,Write,Stable,No,2,2,2,0,Travel_Frequently,No,3,6,1,35,Medium
EMP0274,Research & Development,Manufacturing Director,2,27,Male,Lab Systems,Write,Stable,No,2,2,2,0,Travel_Frequently,No,3,6,1,35,Medium
EMP0275,Research & Development,Manufacturing Director,2,49,Male,Active Directory,Write,Stable,No,7,7,1,7,Non-Travel,Yes,3,7,0,35,Medium
EMP0275,Research & Development,Manufacturing Director,2,49,Male,SAP,Write,Stable,No,7,7,1,7,Non-Travel,Yes,3,7,0,35,Medium
EMP0275,Research & Development,Manufacturing Director,2,49,Male,SharePoint,Write,Stable,No,7,7,1,7,Non-Travel,Yes,3,7,0,35,Medium
EMP0275,Research & Development,Manufacturing Director,2,49,Male,ServiceNow,Write,Stable,No,7,7,1,7,Non-Travel,Yes,3,7,0,35,Medium
EMP0275,Research & Development,Manufacturing Director,2,49,Male,Lab Systems,Write,Stable,No,7,7,1,7,Non-Travel,Yes,3,7,0,35,Medium
EMP0277,Research & Development,Research Scientist,1,34,Male,Active Directory,Write,Stable,No,5,3,2,0,Travel_Frequently,Yes,3,5,4,45,Medium
EMP0277,Research & Development,Research Scientist,1,34,Male,SAP,Write,Stable,No,5,3,2,0,Travel_Frequently,Yes,3,5,4,45,Medium
EMP0277,Research & Development,Research Scientist,1,34,Male,SharePoint,Write,Stable,No,5,3,2,0,Travel_Frequently,Yes,3,5,4,45,Medium
EMP0277,Research & Development,Research Scientist,1,34,Male,ServiceNow,Write,Stable,No,5,3,2,0,Travel_Frequently,Yes,3,5,4,45,Medium
EMP0277,Research & Development,Research Scientist,1,34,Male,Lab Systems,Write,Stable,No,5,3,2,0,Travel_Frequently,Yes,3,5,4,45,Medium
EMP0281,Research & Development,Laboratory Technician,2,40,Male,Active Directory,Read,Stable,No,7,2,3,7,Travel_Rarely,Yes,3,15,2,30,Medium
EMP0281,Research & Development,Laboratory Technician,2,40,Male,SAP,Read,Stable,No,7,2,3,7,Travel_Rarely,Yes,3,15,2,30,Medium
EMP0281,Research & Development,Laboratory Technician,2,40,Male,SharePoint,Read,Stable,No,7,2,3,7,Travel_Rarely,Yes,3,15,2,30,Medium
EMP0281,Research & Development,Laboratory Technician,2,40,Male,ServiceNow,Read,Stable,No,7,2,3,7,Travel_Rarely,Yes,3,15,2,30,Medium
EMP0281,Research & Development,Laboratory Technician,2,40,Male,Lab Systems,Read,Stable,No,7,2,3,7,Travel_Rarely,Yes,3,15,2,30,Medium
EMP0282,Research & Development,Healthcare Representative,2,38,Male,Active Directory,Read,Leaver,Yes,1,0,0,0,Travel_Rarely,Yes,3,17,2,70,Critical
EMP0282,Research & Development,Healthcare Representative,2,38,Male,SAP,Read,Leaver,Yes,1,0,0,0,Travel_Rarely,Yes,3,17,2,70,Critical
EMP0282,Research & Development,Healthcare Representative,2,38,Male,SharePoint,Read,Leaver,Yes,1,0,0,0,Travel_Rarely,Yes,3,17,2,70,Critical
EMP0282,Research & Development,Healthcare Representative,2,38,Male,ServiceNow,Read,Leaver,Yes,1,0,0,0,Travel_Rarely,Yes,3,17,2,70,Critical
EMP0282,Research & Development,Healthcare Representative,2,38,Male,Lab Systems,Read,Leaver,Yes,1,0,0,0,Travel_Rarely,Yes,3,17,2,70,Critical
EMP0283,Sales,Sales Executive,3,29,Female,Active Directory,Write,Leaver,Yes,10,4,1,9,Travel_Rarely,No,4,10,3,70,Critical
EMP0283,Sales,Sales Executive,3,29,Female,Salesforce,Write,Leaver,Yes,10,4,1,9,Travel_Rarely,No,4,10,3,70,Critical
EMP0283,Sales,Sales Executive,3,29,Female,SharePoint,Write,Leaver,Yes,10,4,1,9,Travel_Rarely,No,4,10,3,70,Critical
EMP0283,Sales,Sales Executive,3,29,Female,ServiceNow,Write,Leaver,Yes,10,4,1,9,Travel_Rarely,No,4,10,3,70,Critical
EMP0283,Sales,Sales Executive,3,29,Female,CRM Portal,Write,Leaver,Yes,10,4,1,9,Travel_Rarely,No,4,10,3,70,Critical
EMP0284,Research & Development,Research Scientist,1,22,Male,Active Directory,Write,Stable,No,4,2,2,2,Travel_Rarely,Yes,3,4,2,30,Medium
EMP0284,Research & Development,Research Scientist,1,22,Male,SAP,Write,Stable,No,4,2,2,2,Travel_Rarely,Yes,3,4,2,30,Medium
EMP0284,Research & Development,Research Scientist,1,22,Male,SharePoint,Write,Stable,No,4,2,2,2,Travel_Rarely,Yes,3,4,2,30,Medium
EMP0284,Research & Development,Research Scientist,1,22,Male,ServiceNow,Write,Stable,No,4,2,2,2,Travel_Rarely,Yes,3,4,2,30,Medium
EMP0284,Research & Development,Research Scientist,1,22,Male,Lab Systems,Write,Stable,No,4,2,2,2,Travel_Rarely,Yes,3,4,2,30,Medium
EMP0286,Research & Development,Laboratory Technician,1,36,Female,Active Directory,Read,Mover,No,8,1,1,7,Travel_Frequently,No,3,8,2,45,Medium
EMP0286,Research & Development,Laboratory Technician,1,36,Female,SAP,Read,Mover,No,8,1,1,7,Travel_Frequently,No,3,8,2,45,Medium
EMP0286,Research & Development,Laboratory Technician,1,36,Female,SharePoint,Read,Mover,No,8,1,1,7,Travel_Frequently,No,3,8,2,45,Medium
EMP0286,Research & Development,Laboratory Technician,1,36,Female,ServiceNow,Read,Mover,No,8,1,1,7,Travel_Frequently,No,3,8,2,45,Medium
EMP0286,Research & Development,Laboratory Technician,1,36,Female,Lab Systems,Read,Mover,No,8,1,1,7,Travel_Frequently,No,3,8,2,45,Medium
EMP0287,Research & Development,Healthcare Representative,2,40,Male,Active Directory,Read,Stable,No,3,2,0,2,Non-Travel,No,3,5,5,5,Low
EMP0287,Research & Development,Healthcare Representative,2,40,Male,SAP,Read,Stable,No,3,2,0,2,Non-Travel,No,3,5,5,5,Low
EMP0287,Research & Development,Healthcare Representative,2,40,Male,SharePoint,Read,Stable,No,3,2,0,2,Non-Travel,No,3,5,5,5,Low
EMP0287,Research & Development,Healthcare Representative,2,40,Male,ServiceNow,Read,Stable,No,3,2,0,2,Non-Travel,No,3,5,5,5,Low
EMP0287,Research & Development,Healthcare Representative,2,40,Male,Lab Systems,Read,Stable,No,3,2,0,2,Non-Travel,No,3,5,5,5,Low
EMP0288,Research & Development,Healthcare Representative,3,46,Male,Active Directory,Read,Stable,No,4,2,0,3,Travel_Rarely,No,3,17,3,10,Low
EMP0288,Research & Development,Healthcare Representative,3,46,Male,SAP,Read,Stable,No,4,2,0,3,Travel_Rarely,No,3,17,3,10,Low
EMP0288,Research & Development,Healthcare Representative,3,46,Male,SharePoint,Read,Stable,No,4,2,0,3,Travel_Rarely,No,3,17,3,10,Low
EMP0288,Research & Development,Healthcare Representative,3,46,Male,ServiceNow,Read,Stable,No,4,2,0,3,Travel_Rarely,No,3,17,3,10,Low
EMP0288,Research & Development,Healthcare Representative,3,46,Male,Lab Systems,Read,Stable,No,4,2,0,3,Travel_Rarely,No,3,17,3,10,Low
EMP0291,Sales,Sales Executive,3,32,Male,Active Directory,Write,Leaver,Yes,14,8,9,8,Travel_Rarely,No,3,14,2,75,Critical
EMP0291,Sales,Sales Executive,3,32,Male,Salesforce,Write,Leaver,Yes,14,8,9,8,Travel_Rarely,No,3,14,2,75,Critical
EMP0291,Sales,Sales Executive,3,32,Male,SharePoint,Write,Leaver,Yes,14,8,9,8,Travel_Rarely,No,3,14,2,75,Critical
EMP0291,Sales,Sales Executive,3,32,Male,ServiceNow,Write,Leaver,Yes,14,8,9,8,Travel_Rarely,No,3,14,2,75,Critical
EMP0291,Sales,Sales Executive,3,32,Male,CRM Portal,Write,Leaver,Yes,14,8,9,8,Travel_Rarely,No,3,14,2,75,Critical
EMP0292,Research & Development,Manufacturing Director,3,30,Male,Active Directory,Write,Stable,No,11,8,5,8,Non-Travel,No,4,12,2,30,Medium
EMP0292,Research & Development,Manufacturing Director,3,30,Male,SAP,Write,Stable,No,11,8,5,8,Non-Travel,No,4,12,2,30,Medium
EMP0292,Research & Development,Manufacturing Director,3,30,Male,SharePoint,Write,Stable,No,11,8,5,8,Non-Travel,No,4,12,2,30,Medium
EMP0292,Research & Development,Manufacturing Director,3,30,Male,ServiceNow,Write,Stable,No,11,8,5,8,Non-Travel,No,4,12,2,30,Medium
EMP0292,Research & Development,Manufacturing Director,3,30,Male,Lab Systems,Write,Stable,No,11,8,5,8,Non-Travel,No,4,12,2,30,Medium
EMP0293,Sales,Sales Executive,2,27,Female,Active Directory,Write,Stable,No,7,7,0,7,Travel_Frequently,No,3,7,2,35,Medium
EMP0293,Sales,Sales Executive,2,27,Female,Salesforce,Write,Stable,No,7,7,0,7,Travel_Frequently,No,3,7,2,35,Medium
EMP0293,Sales,Sales Executive,2,27,Female,SharePoint,Write,Stable,No,7,7,0,7,Travel_Frequently,No,3,7,2,35,Medium
EMP0293,Sales,Sales Executive,2,27,Female,ServiceNow,Write,Stable,No,7,7,0,7,Travel_Frequently,No,3,7,2,35,Medium
EMP0293,Sales,Sales Executive,2,27,Female,CRM Portal,Write,Stable,No,7,7,0,7,Travel_Frequently,No,3,7,2,35,Medium
EMP0296,Research & Development,Research Director,3,51,Male,Active Directory,Admin,Stable,No,10,9,4,7,Travel_Rarely,No,3,16,5,45,Medium
EMP0296,Research & Development,Research Director,3,51,Male,SAP,Admin,Stable,No,10,9,4,7,Travel_Rarely,No,3,16,5,45,Medium
EMP0296,Research & Development,Research Director,3,51,Male,SharePoint,Admin,Stable,No,10,9,4,7,Travel_Rarely,No,3,16,5,45,Medium
EMP0296,Research & Development,Research Director,3,51,Male,ServiceNow,Admin,Stable,No,10,9,4,7,Travel_Rarely,No,3,16,5,45,Medium
EMP0296,Research & Development,Research Director,3,51,Male,Lab Systems,Admin,Stable,No,10,9,4,7,Travel_Rarely,No,3,16,5,45,Medium
EMP0297,Research & Development,Research Scientist,1,30,Female,Active Directory,Write,Leaver,Yes,5,2,0,4,Travel_Rarely,Yes,3,8,5,70,Critical
EMP0297,Research & Development,Research Scientist,1,30,Female,SAP,Write,Leaver,Yes,5,2,0,4,Travel_Rarely,Yes,3,8,5,70,Critical
EMP0297,Research & Development,Research Scientist,1,30,Female,SharePoint,Write,Leaver,Yes,5,2,0,4,Travel_Rarely,Yes,3,8,5,70,Critical
EMP0297,Research & Development,Research Scientist,1,30,Female,ServiceNow,Write,Leaver,Yes,5,2,0,4,Travel_Rarely,Yes,3,8,5,70,Critical
EMP0297,Research & Development,Research Scientist,1,30,Female,Lab Systems,Write,Leaver,Yes,5,2,0,4,Travel_Rarely,Yes,3,8,5,70,Critical
EMP0298,Sales,Manager,3,41,Female,Active Directory,Write,Mover,No,1,0,0,0,Travel_Rarely,Yes,3,16,3,60,High
EMP0298,Sales,Manager,3,41,Female,Salesforce,Write,Mover,No,1,0,0,0,Travel_Rarely,Yes,3,16,3,60,High
EMP0298,Sales,Manager,3,41,Female,SharePoint,Write,Mover,No,1,0,0,0,Travel_Rarely,Yes,3,16,3,60,High
EMP0298,Sales,Manager,3,41,Female,ServiceNow,Write,Mover,No,1,0,0,0,Travel_Rarely,Yes,3,16,3,60,High
EMP0298,Sales,Manager,3,41,Female,CRM Portal,Write,Mover,No,1,0,0,0,Travel_Rarely,Yes,3,16,3,60,High
EMP0299,Sales,Sales Executive,2,30,Female,Active Directory,Write,Leaver,Yes,6,3,0,1,Travel_Frequently,No,3,9,5,85,Critical
EMP0299,Sales,Sales Executive,2,30,Female,Salesforce,Write,Leaver,Yes,6,3,0,1,Travel_Frequently,No,3,9,5,85,Critical
EMP0299,Sales,Sales Executive,2,30,Female,SharePoint,Write,Leaver,Yes,6,3,0,1,Travel_Frequently,No,3,9,5,85,Critical
EMP0299,Sales,Sales Executive,2,30,Female,ServiceNow,Write,Leaver,Yes,6,3,0,1,Travel_Frequently,No,3,9,5,85,Critical
EMP0299,Sales,Sales Executive,2,30,Female,CRM Portal,Write,Leaver,Yes,6,3,0,1,Travel_Frequently,No,3,9,5,85,Critical
EMP0300,Research & Development,Research Scientist,1,29,Male,Active Directory,Write,Leaver,Yes,6,2,1,5,Travel_Rarely,No,3,7,1,70,Critical
EMP0300,Research & Development,Research Scientist,1,29,Male,SAP,Write,Leaver,Yes,6,2,1,5,Travel_Rarely,No,3,7,1,70,Critical
EMP0300,Research & Development,Research Scientist,1,29,Male,SharePoint,Write,Leaver,Yes,6,2,1,5,Travel_Rarely,No,3,7,1,70,Critical
EMP0300,Research & Development,Research Scientist,1,29,Male,ServiceNow,Write,Leaver,Yes,6,2,1,5,Travel_Rarely,No,3,7,1,70,Critical
EMP0300,Research & Development,Research Scientist,1,29,Male,Lab Systems,Write,Leaver,Yes,6,2,1,5,Travel_Rarely,No,3,7,1,70,Critical
EMP0302,Sales,Sales Executive,3,45,Female,Active Directory,Write,Stable,No,19,7,12,8,Non-Travel,No,3,23,2,30,Medium
EMP0302,Sales,Sales Executive,3,45,Female,Salesforce,Write,Stable,No,19,7,12,8,Non-Travel,No,3,23,2,30,Medium
EMP0302,Sales,Sales Executive,3,45,Female,SharePoint,Write,Stable,No,19,7,12,8,Non-Travel,No,3,23,2,30,Medium
EMP0302,Sales,Sales Executive,3,45,Female,ServiceNow,Write,Stable,No,19,7,12,8,Non-Travel,No,3,23,2,30,Medium
EMP0302,Sales,Sales Executive,3,45,Female,CRM Portal,Write,Stable,No,19,7,12,8,Non-Travel,No,3,23,2,30,Medium
EMP0303,Sales,Sales Executive,2,54,Female,Active Directory,Write,Stable,No,6,2,0,5,Travel_Rarely,No,3,16,4,30,Medium
EMP0303,Sales,Sales Executive,2,54,Female,Salesforce,Write,Stable,No,6,2,0,5,Travel_Rarely,No,3,16,4,30,Medium
EMP0303,Sales,Sales Executive,2,54,Female,SharePoint,Write,Stable,No,6,2,0,5,Travel_Rarely,No,3,16,4,30,Medium
EMP0303,Sales,Sales Executive,2,54,Female,ServiceNow,Write,Stable,No,6,2,0,5,Travel_Rarely,No,3,16,4,30,Medium
EMP0303,Sales,Sales Executive,2,54,Female,CRM Portal,Write,Stable,No,6,2,0,5,Travel_Rarely,No,3,16,4,30,Medium
EMP0304,Research & Development,Laboratory Technician,2,36,Male,Active Directory,Read,Stable,No,13,11,3,7,Travel_Rarely,No,3,16,3,25,Low
EMP0304,Research & Development,Laboratory Technician,2,36,Male,SAP,Read,Stable,No,13,11,3,7,Travel_Rarely,No,3,16,3,25,Low
EMP0304,Research & Development,Laboratory Technician,2,36,Male,SharePoint,Read,Stable,No,13,11,3,7,Travel_Rarely,No,3,16,3,25,Low
EMP0304,Research & Development,Laboratory Technician,2,36,Male,ServiceNow,Read,Stable,No,13,11,3,7,Travel_Rarely,No,3,16,3,25,Low
EMP0304,Research & Development,Laboratory Technician,2,36,Male,Lab Systems,Read,Stable,No,13,11,3,7,Travel_Rarely,No,3,16,3,25,Low
EMP0305,Research & Development,Research Scientist,1,33,Female,Active Directory,Write,Stable,No,3,2,1,1,Travel_Rarely,No,4,7,3,30,Medium
EMP0305,Research & Development,Research Scientist,1,33,Female,SAP,Write,Stable,No,3,2,1,1,Travel_Rarely,No,4,7,3,30,Medium
EMP0305,Research & Development,Research Scientist,1,33,Female,SharePoint,Write,Stable,No,3,2,1,1,Travel_Rarely,No,4,7,3,30,Medium
EMP0305,Research & Development,Research Scientist,1,33,Female,ServiceNow,Write,Stable,No,3,2,1,1,Travel_Rarely,No,4,7,3,30,Medium
EMP0305,Research & Development,Research Scientist,1,33,Female,Lab Systems,Write,Stable,No,3,2,1,1,Travel_Rarely,No,4,7,3,30,Medium
EMP0306,Research & Development,Research Director,3,37,Male,Active Directory,Admin,Stable,No,10,8,0,7,Travel_Frequently,Yes,3,10,1,60,High
EMP0306,Research & Development,Research Director,3,37,Male,SAP,Admin,Stable,No,10,8,0,7,Travel_Frequently,Yes,3,10,1,60,High
EMP0306,Research & Development,Research Director,3,37,Male,SharePoint,Admin,Stable,No,10,8,0,7,Travel_Frequently,Yes,3,10,1,60,High
EMP0306,Research & Development,Research Director,3,37,Male,ServiceNow,Admin,Stable,No,10,8,0,7,Travel_Frequently,Yes,3,10,1,60,High
EMP0306,Research & Development,Research Director,3,37,Male,Lab Systems,Admin,Stable,No,10,8,0,7,Travel_Frequently,Yes,3,10,1,60,High
EMP0307,Sales,Sales Executive,3,38,Male,Active Directory,Write,Stable,No,16,10,5,13,Travel_Rarely,No,3,17,6,35,Medium
EMP0307,Sales,Sales Executive,3,38,Male,Salesforce,Write,Stable,No,16,10,5,13,Travel_Rarely,No,3,17,6,35,Medium
EMP0307,Sales,Sales Executive,3,38,Male,SharePoint,Write,Stable,No,16,10,5,13,Travel_Rarely,No,3,17,6,35,Medium
EMP0307,Sales,Sales Executive,3,38,Male,ServiceNow,Write,Stable,No,16,10,5,13,Travel_Rarely,No,3,17,6,35,Medium
EMP0307,Sales,Sales Executive,3,38,Male,CRM Portal,Write,Stable,No,16,10,5,13,Travel_Rarely,No,3,17,6,35,Medium
EMP0308,Research & Development,Manufacturing Director,2,31,Male,Active Directory,Write,Stable,No,5,4,1,4,Non-Travel,No,3,6,2,15,Low
EMP0308,Research & Development,Manufacturing Director,2,31,Male,SAP,Write,Stable,No,5,4,1,4,Non-Travel,No,3,6,2,15,Low
EMP0308,Research & Development,Manufacturing Director,2,31,Male,SharePoint,Write,Stable,No,5,4,1,4,Non-Travel,No,3,6,2,15,Low
EMP0308,Research & Development,Manufacturing Director,2,31,Male,ServiceNow,Write,Stable,No,5,4,1,4,Non-Travel,No,3,6,2,15,Low
EMP0308,Research & Development,Manufacturing Director,2,31,Male,Lab Systems,Write,Stable,No,5,4,1,4,Non-Travel,No,3,6,2,15,Low
EMP0309,Research & Development,Research Scientist,1,59,Male,Active Directory,Write,Mover,No,1,0,0,0,Travel_Rarely,No,3,7,6,50,High
EMP0309,Research & Development,Research Scientist,1,59,Male,SAP,Write,Mover,No,1,0,0,0,Travel_Rarely,No,3,7,6,50,High
EMP0309,Research & Development,Research Scientist,1,59,Male,SharePoint,Write,Mover,No,1,0,0,0,Travel_Rarely,No,3,7,6,50,High
EMP0309,Research & Development,Research Scientist,1,59,Male,ServiceNow,Write,Mover,No,1,0,0,0,Travel_Rarely,No,3,7,6,50,High
EMP0309,Research & Development,Research Scientist,1,59,Male,Lab Systems,Write,Mover,No,1,0,0,0,Travel_Rarely,No,3,7,6,50,High
EMP0311,Sales,Sales Representative,1,37,Male,Active Directory,Read,Stable,No,9,8,5,8,Travel_Frequently,No,3,13,2,25,Low
EMP0311,Sales,Sales Representative,1,37,Male,Salesforce,Read,Stable,No,9,8,5,8,Travel_Frequently,No,3,13,2,25,Low
EMP0311,Sales,Sales Representative,1,37,Male,SharePoint,Read,Stable,No,9,8,5,8,Travel_Frequently,No,3,13,2,25,Low
EMP0311,Sales,Sales Representative,1,37,Male,ServiceNow,Read,Stable,No,9,8,5,8,Travel_Frequently,No,3,13,2,25,Low
EMP0311,Sales,Sales Representative,1,37,Male,CRM Portal,Read,Stable,No,9,8,5,8,Travel_Frequently,No,3,13,2,25,Low
EMP0312,Sales,Sales Executive,3,29,Female,Active Directory,Write,Stable,No,11,10,4,1,Travel_Frequently,No,3,11,5,50,High
EMP0312,Sales,Sales Executive,3,29,Female,Salesforce,Write,Stable,No,11,10,4,1,Travel_Frequently,No,3,11,5,50,High
EMP0312,Sales,Sales Executive,3,29,Female,SharePoint,Write,Stable,No,11,10,4,1,Travel_Frequently,No,3,11,5,50,High
EMP0312,Sales,Sales Executive,3,29,Female,ServiceNow,Write,Stable,No,11,10,4,1,Travel_Frequently,No,3,11,5,50,High
EMP0312,Sales,Sales Executive,3,29,Female,CRM Portal,Write,Stable,No,11,10,4,1,Travel_Frequently,No,3,11,5,50,High
EMP0314,Sales,Sales Executive,3,35,Female,Active Directory,Write,Stable,No,10,7,0,8,Travel_Frequently,No,3,10,3,35,Medium
EMP0314,Sales,Sales Executive,3,35,Female,Salesforce,Write,Stable,No,10,7,0,8,Travel_Frequently,No,3,10,3,35,Medium
EMP0314,Sales,Sales Executive,3,35,Female,SharePoint,Write,Stable,No,10,7,0,8,Travel_Frequently,No,3,10,3,35,Medium
EMP0314,Sales,Sales Executive,3,35,Female,ServiceNow,Write,Stable,No,10,7,0,8,Travel_Frequently,No,3,10,3,35,Medium
EMP0314,Sales,Sales Executive,3,35,Female,CRM Portal,Write,Stable,No,10,7,0,8,Travel_Frequently,No,3,10,3,35,Medium
EMP0315,Research & Development,Research Scientist,1,29,Male,Active Directory,Write,Leaver,Yes,4,3,0,1,Travel_Rarely,Yes,3,4,3,80,Critical
EMP0315,Research & Development,Research Scientist,1,29,Male,SAP,Write,Leaver,Yes,4,3,0,1,Travel_Rarely,Yes,3,4,3,80,Critical
EMP0315,Research & Development,Research Scientist,1,29,Male,SharePoint,Write,Leaver,Yes,4,3,0,1,Travel_Rarely,Yes,3,4,3,80,Critical
EMP0315,Research & Development,Research Scientist,1,29,Male,ServiceNow,Write,Leaver,Yes,4,3,0,1,Travel_Rarely,Yes,3,4,3,80,Critical
EMP0315,Research & Development,Research Scientist,1,29,Male,Lab Systems,Write,Leaver,Yes,4,3,0,1,Travel_Rarely,Yes,3,4,3,80,Critical
EMP0316,Research & Development,Laboratory Technician,1,52,Female,Active Directory,Read,Stable,No,2,2,2,2,Travel_Rarely,No,3,6,3,10,Low
EMP0316,Research & Development,Laboratory Technician,1,52,Female,SAP,Read,Stable,No,2,2,2,2,Travel_Rarely,No,3,6,3,10,Low
EMP0316,Research & Development,Laboratory Technician,1,52,Female,SharePoint,Read,Stable,No,2,2,2,2,Travel_Rarely,No,3,6,3,10,Low
EMP0316,Research & Development,Laboratory Technician,1,52,Female,ServiceNow,Read,Stable,No,2,2,2,2,Travel_Rarely,No,3,6,3,10,Low
EMP0316,Research & Development,Laboratory Technician,1,52,Female,Lab Systems,Read,Stable,No,2,2,2,2,Travel_Rarely,No,3,6,3,10,Low
EMP0319,Research & Development,Manager,5,42,Male,Active Directory,Write,Stable,No,22,17,11,15,Travel_Rarely,No,3,22,3,35,Medium
EMP0319,Research & Development,Manager,5,42,Male,SAP,Write,Stable,No,22,17,11,15,Travel_Rarely,No,3,22,3,35,Medium
EMP0319,Research & Development,Manager,5,42,Male,SharePoint,Write,Stable,No,22,17,11,15,Travel_Rarely,No,3,22,3,35,Medium
EMP0319,Research & Development,Manager,5,42,Male,ServiceNow,Write,Stable,No,22,17,11,15,Travel_Rarely,No,3,22,3,35,Medium
EMP0319,Research & Development,Manager,5,42,Male,Lab Systems,Write,Stable,No,22,17,11,15,Travel_Rarely,No,3,22,3,35,Medium
EMP0321,Human Resources,Human Resources,1,59,Male,Active Directory,Read,Stable,No,2,2,2,2,Travel_Rarely,No,3,7,2,10,Low
EMP0321,Human Resources,Human Resources,1,59,Male,Workday,Read,Stable,No,2,2,2,2,Travel_Rarely,No,3,7,2,10,Low
EMP0321,Human Resources,Human Resources,1,59,Male,SharePoint,Read,Stable,No,2,2,2,2,Travel_Rarely,No,3,7,2,10,Low
EMP0321,Human Resources,Human Resources,1,59,Male,ServiceNow,Read,Stable,No,2,2,2,2,Travel_Rarely,No,3,7,2,10,Low
EMP0321,Human Resources,Human Resources,1,59,Male,HR Portal,Read,Stable,No,2,2,2,2,Travel_Rarely,No,3,7,2,10,Low
EMP0323,Sales,Manager,5,50,Female,Active Directory,Write,Mover,No,7,0,0,6,Travel_Rarely,No,3,32,3,50,High
EMP0323,Sales,Manager,5,50,Female,Salesforce,Write,Mover,No,7,0,0,6,Travel_Rarely,No,3,32,3,50,High
EMP0323,Sales,Manager,5,50,Female,SharePoint,Write,Mover,No,7,0,0,6,Travel_Rarely,No,3,32,3,50,High
EMP0323,Sales,Manager,5,50,Female,ServiceNow,Write,Mover,No,7,0,0,6,Travel_Rarely,No,3,32,3,50,High
EMP0323,Sales,Manager,5,50,Female,CRM Portal,Write,Mover,No,7,0,0,6,Travel_Rarely,No,3,32,3,50,High
EMP0325,Research & Development,Laboratory Technician,1,33,Male,Active Directory,Read,Leaver,Yes,5,4,0,4,Travel_Rarely,Yes,3,8,2,60,High
EMP0325,Research & Development,Laboratory Technician,1,33,Male,SAP,Read,Leaver,Yes,5,4,0,4,Travel_Rarely,Yes,3,8,2,60,High
EMP0325,Research & Development,Laboratory Technician,1,33,Male,SharePoint,Read,Leaver,Yes,5,4,0,4,Travel_Rarely,Yes,3,8,2,60,High
EMP0325,Research & Development,Laboratory Technician,1,33,Male,ServiceNow,Read,Leaver,Yes,5,4,0,4,Travel_Rarely,Yes,3,8,2,60,High
EMP0325,Research & Development,Laboratory Technician,1,33,Male,Lab Systems,Read,Leaver,Yes,5,4,0,4,Travel_Rarely,Yes,3,8,2,60,High
EMP0327,Sales,Manager,4,43,Female,Active Directory,Write,Stable,No,17,13,1,9,Travel_Rarely,Yes,4,22,3,45,Medium
EMP0327,Sales,Manager,4,43,Female,Salesforce,Write,Stable,No,17,13,1,9,Travel_Rarely,Yes,4,22,3,45,Medium
EMP0327,Sales,Manager,4,43,Female,SharePoint,Write,Stable,No,17,13,1,9,Travel_Rarely,Yes,4,22,3,45,Medium
EMP0327,Sales,Manager,4,43,Female,ServiceNow,Write,Stable,No,17,13,1,9,Travel_Rarely,Yes,4,22,3,45,Medium
EMP0327,Sales,Manager,4,43,Female,CRM Portal,Write,Stable,No,17,13,1,9,Travel_Rarely,Yes,4,22,3,45,Medium
EMP0328,Research & Development,Laboratory Technician,1,33,Female,Active Directory,Read,Leaver,Yes,9,7,1,7,Travel_Rarely,No,4,13,3,60,High
EMP0328,Research & Development,Laboratory Technician,1,33,Female,SAP,Read,Leaver,Yes,9,7,1,7,Travel_Rarely,No,4,13,3,60,High
EMP0328,Research & Development,Laboratory Technician,1,33,Female,SharePoint,Read,Leaver,Yes,9,7,1,7,Travel_Rarely,No,4,13,3,60,High
EMP0328,Research & Development,Laboratory Technician,1,33,Female,ServiceNow,Read,Leaver,Yes,9,7,1,7,Travel_Rarely,No,4,13,3,60,High
EMP0328,Research & Development,Laboratory Technician,1,33,Female,Lab Systems,Read,Leaver,Yes,9,7,1,7,Travel_Rarely,No,4,13,3,60,High
EMP0329,Sales,Manager,5,52,Male,Active Directory,Write,Stable,No,33,7,15,12,Non-Travel,Yes,3,33,2,40,Medium
EMP0329,Sales,Manager,5,52,Male,Salesforce,Write,Stable,No,33,7,15,12,Non-Travel,Yes,3,33,2,40,Medium
EMP0329,Sales,Manager,5,52,Male,SharePoint,Write,Stable,No,33,7,15,12,Non-Travel,Yes,3,33,2,40,Medium
EMP0329,Sales,Manager,5,52,Male,ServiceNow,Write,Stable,No,33,7,15,12,Non-Travel,Yes,3,33,2,40,Medium
EMP0329,Sales,Manager,5,52,Male,CRM Portal,Write,Stable,No,33,7,15,12,Non-Travel,Yes,3,33,2,40,Medium
EMP0330,Sales,Sales Representative,1,32,Female,Active Directory,Read,Stable,No,4,3,1,2,Travel_Rarely,No,3,6,5,10,Low
EMP0330,Sales,Sales Representative,1,32,Female,Salesforce,Read,Stable,No,4,3,1,2,Travel_Rarely,No,3,6,5,10,Low
EMP0330,Sales,Sales Representative,1,32,Female,SharePoint,Read,Stable,No,4,3,1,2,Travel_Rarely,No,3,6,5,10,Low
EMP0330,Sales,Sales Representative,1,32,Female,ServiceNow,Read,Stable,No,4,3,1,2,Travel_Rarely,No,3,6,5,10,Low
EMP0330,Sales,Sales Representative,1,32,Female,CRM Portal,Read,Stable,No,4,3,1,2,Travel_Rarely,No,3,6,5,10,Low
EMP0331,Research & Development,Laboratory Technician,1,32,Male,Active Directory,Read,Leaver,Yes,3,2,1,2,Travel_Rarely,Yes,3,4,2,60,High
EMP0331,Research & Development,Laboratory Technician,1,32,Male,SAP,Read,Leaver,Yes,3,2,1,2,Travel_Rarely,Yes,3,4,2,60,High
EMP0331,Research & Development,Laboratory Technician,1,32,Male,SharePoint,Read,Leaver,Yes,3,2,1,2,Travel_Rarely,Yes,3,4,2,60,High
EMP0331,Research & Development,Laboratory Technician,1,32,Male,ServiceNow,Read,Leaver,Yes,3,2,1,2,Travel_Rarely,Yes,3,4,2,60,High
EMP0331,Research & Development,Laboratory Technician,1,32,Male,Lab Systems,Read,Leaver,Yes,3,2,1,2,Travel_Rarely,Yes,3,4,2,60,High
EMP0332,Research & Development,Laboratory Technician,1,39,Female,Active Directory,Read,Stable,No,3,2,1,2,Travel_Rarely,No,3,7,1,10,Low
EMP0332,Research & Development,Laboratory Technician,1,39,Female,SAP,Read,Stable,No,3,2,1,2,Travel_Rarely,No,3,7,1,10,Low
EMP0332,Research & Development,Laboratory Technician,1,39,Female,SharePoint,Read,Stable,No,3,2,1,2,Travel_Rarely,No,3,7,1,10,Low
EMP0332,Research & Development,Laboratory Technician,1,39,Female,ServiceNow,Read,Stable,No,3,2,1,2,Travel_Rarely,No,3,7,1,10,Low
EMP0332,Research & Development,Laboratory Technician,1,39,Female,Lab Systems,Read,Stable,No,3,2,1,2,Travel_Rarely,No,3,7,1,10,Low
EMP0333,Sales,Sales Executive,2,32,Male,Active Directory,Write,Stable,No,3,2,2,2,Non-Travel,No,3,4,2,15,Low
EMP0333,Sales,Sales Executive,2,32,Male,Salesforce,Write,Stable,No,3,2,2,2,Non-Travel,No,3,4,2,15,Low
EMP0333,Sales,Sales Executive,2,32,Male,SharePoint,Write,Stable,No,3,2,2,2,Non-Travel,No,3,4,2,15,Low
EMP0333,Sales,Sales Executive,2,32,Male,ServiceNow,Write,Stable,No,3,2,2,2,Non-Travel,No,3,4,2,15,Low
EMP0333,Sales,Sales Executive,2,32,Male,CRM Portal,Write,Stable,No,3,2,2,2,Non-Travel,No,3,4,2,15,Low
EMP0334,Research & Development,Research Scientist,2,41,Male,Active Directory,Write,Mover,No,1,0,0,0,Travel_Rarely,No,3,17,2,50,High
EMP0334,Research & Development,Research Scientist,2,41,Male,SAP,Write,Mover,No,1,0,0,0,Travel_Rarely,No,3,17,2,50,High
EMP0334,Research & Development,Research Scientist,2,41,Male,SharePoint,Write,Mover,No,1,0,0,0,Travel_Rarely,No,3,17,2,50,High
EMP0334,Research & Development,Research Scientist,2,41,Male,ServiceNow,Write,Mover,No,1,0,0,0,Travel_Rarely,No,3,17,2,50,High
EMP0334,Research & Development,Research Scientist,2,41,Male,Lab Systems,Write,Mover,No,1,0,0,0,Travel_Rarely,No,3,17,2,50,High
EMP0335,Research & Development,Research Scientist,2,40,Male,Active Directory,Write,Stable,No,9,8,4,7,Travel_Rarely,No,3,9,3,30,Medium
EMP0335,Research & Development,Research Scientist,2,40,Male,SAP,Write,Stable,No,9,8,4,7,Travel_Rarely,No,3,9,3,30,Medium
EMP0335,Research & Development,Research Scientist,2,40,Male,SharePoint,Write,Stable,No,9,8,4,7,Travel_Rarely,No,3,9,3,30,Medium
EMP0335,Research & Development,Research Scientist,2,40,Male,ServiceNow,Write,Stable,No,9,8,4,7,Travel_Rarely,No,3,9,3,30,Medium
EMP0335,Research & Development,Research Scientist,2,40,Male,Lab Systems,Write,Stable,No,9,8,4,7,Travel_Rarely,No,3,9,3,30,Medium
EMP0336,Research & Development,Manager,5,45,Male,Active Directory,Write,Mover,No,24,0,1,7,Travel_Rarely,No,3,25,2,55,High
EMP0336,Research & Development,Manager,5,45,Male,SAP,Write,Mover,No,24,0,1,7,Travel_Rarely,No,3,25,2,55,High
EMP0336,Research & Development,Manager,5,45,Male,SharePoint,Write,Mover,No,24,0,1,7,Travel_Rarely,No,3,25,2,55,High
EMP0336,Research & Development,Manager,5,45,Male,ServiceNow,Write,Mover,No,24,0,1,7,Travel_Rarely,No,3,25,2,55,High
EMP0336,Research & Development,Manager,5,45,Male,Lab Systems,Write,Mover,No,24,0,1,7,Travel_Rarely,No,3,25,2,55,High
EMP0337,Research & Development,Research Director,3,31,Male,Active Directory,Admin,Stable,No,2,2,2,2,Travel_Frequently,No,3,9,3,40,Medium
EMP0337,Research & Development,Research Director,3,31,Male,SAP,Admin,Stable,No,2,2,2,2,Travel_Frequently,No,3,9,3,40,Medium
EMP0337,Research & Development,Research Director,3,31,Male,SharePoint,Admin,Stable,No,2,2,2,2,Travel_Frequently,No,3,9,3,40,Medium
EMP0337,Research & Development,Research Director,3,31,Male,ServiceNow,Admin,Stable,No,2,2,2,2,Travel_Frequently,No,3,9,3,40,Medium
EMP0337,Research & Development,Research Director,3,31,Male,Lab Systems,Admin,Stable,No,2,2,2,2,Travel_Frequently,No,3,9,3,40,Medium
EMP0338,Research & Development,Research Scientist,1,33,Female,Active Directory,Write,Stable,No,2,2,0,2,Travel_Rarely,No,3,2,2,20,Low
EMP0338,Research & Development,Research Scientist,1,33,Female,SAP,Write,Stable,No,2,2,0,2,Travel_Rarely,No,3,2,2,20,Low
EMP0338,Research & Development,Research Scientist,1,33,Female,SharePoint,Write,Stable,No,2,2,0,2,Travel_Rarely,No,3,2,2,20,Low
EMP0338,Research & Development,Research Scientist,1,33,Female,ServiceNow,Write,Stable,No,2,2,0,2,Travel_Rarely,No,3,2,2,20,Low
EMP0338,Research & Development,Research Scientist,1,33,Female,Lab Systems,Write,Stable,No,2,2,0,2,Travel_Rarely,No,3,2,2,20,Low
EMP0339,Research & Development,Manufacturing Director,2,34,Male,Active Directory,Write,Stable,No,11,9,5,9,Travel_Rarely,No,3,13,3,35,Medium
EMP0339,Research & Development,Manufacturing Director,2,34,Male,SAP,Write,Stable,No,11,9,5,9,Travel_Rarely,No,3,13,3,35,Medium
EMP0339,Research & Development,Manufacturing Director,2,34,Male,SharePoint,Write,Stable,No,11,9,5,9,Travel_Rarely,No,3,13,3,35,Medium
EMP0339,Research & Development,Manufacturing Director,2,34,Male,ServiceNow,Write,Stable,No,11,9,5,9,Travel_Rarely,No,3,13,3,35,Medium
EMP0339,Research & Development,Manufacturing Director,2,34,Male,Lab Systems,Write,Stable,No,11,9,5,9,Travel_Rarely,No,3,13,3,35,Medium
EMP0340,Research & Development,Research Scientist,1,37,Female,Active Directory,Write,Mover,No,3,1,0,2,Travel_Rarely,No,3,17,2,40,Medium
EMP0340,Research & Development,Research Scientist,1,37,Female,SAP,Write,Mover,No,3,1,0,2,Travel_Rarely,No,3,17,2,40,Medium
EMP0340,Research & Development,Research Scientist,1,37,Female,SharePoint,Write,Mover,No,3,1,0,2,Travel_Rarely,No,3,17,2,40,Medium
EMP0340,Research & Development,Research Scientist,1,37,Female,ServiceNow,Write,Mover,No,3,1,0,2,Travel_Rarely,No,3,17,2,40,Medium
EMP0340,Research & Development,Research Scientist,1,37,Female,Lab Systems,Write,Mover,No,3,1,0,2,Travel_Rarely,No,3,17,2,40,Medium
EMP0341,Research & Development,Manufacturing Director,2,45,Male,Active Directory,Write,Stable,No,3,2,0,2,Travel_Frequently,No,3,9,1,25,Low
EMP0341,Research & Development,Manufacturing Director,2,45,Male,SAP,Write,Stable,No,3,2,0,2,Travel_Frequently,No,3,9,1,25,Low
EMP0341,Research & Development,Manufacturing Director,2,45,Male,SharePoint,Write,Stable,No,3,2,0,2,Travel_Frequently,No,3,9,1,25,Low
EMP0341,Research & Development,Manufacturing Director,2,45,Male,ServiceNow,Write,Stable,No,3,2,0,2,Travel_Frequently,No,3,9,1,25,Low
EMP0341,Research & Development,Manufacturing Director,2,45,Male,Lab Systems,Write,Stable,No,3,2,0,2,Travel_Frequently,No,3,9,1,25,Low
EMP0342,Research & Development,Manufacturing Director,3,37,Male,Active Directory,Write,Leaver,Yes,1,0,0,0,Travel_Frequently,No,3,17,5,75,Critical
EMP0342,Research & Development,Manufacturing Director,3,37,Male,SAP,Write,Leaver,Yes,1,0,0,0,Travel_Frequently,No,3,17,5,75,Critical
EMP0342,Research & Development,Manufacturing Director,3,37,Male,SharePoint,Write,Leaver,Yes,1,0,0,0,Travel_Frequently,No,3,17,5,75,Critical
EMP0342,Research & Development,Manufacturing Director,3,37,Male,ServiceNow,Write,Leaver,Yes,1,0,0,0,Travel_Frequently,No,3,17,5,75,Critical
EMP0342,Research & Development,Manufacturing Director,3,37,Male,Lab Systems,Write,Leaver,Yes,1,0,0,0,Travel_Frequently,No,3,17,5,75,Critical
EMP0343,Research & Development,Healthcare Representative,3,39,Female,Active Directory,Read,Stable,No,19,6,11,8,Travel_Frequently,No,4,20,1,30,Medium
EMP0343,Research & Development,Healthcare Representative,3,39,Female,SAP,Read,Stable,No,19,6,11,8,Travel_Frequently,No,4,20,1,30,Medium
EMP0343,Research & Development,Healthcare Representative,3,39,Female,SharePoint,Read,Stable,No,19,6,11,8,Travel_Frequently,No,4,20,1,30,Medium
EMP0343,Research & Development,Healthcare Representative,3,39,Female,ServiceNow,Read,Stable,No,19,6,11,8,Travel_Frequently,No,4,20,1,30,Medium
EMP0343,Research & Development,Healthcare Representative,3,39,Female,Lab Systems,Read,Stable,No,19,6,11,8,Travel_Frequently,No,4,20,1,30,Medium
EMP0346,Research & Development,Research Scientist,1,29,Male,Active Directory,Write,Stable,No,6,5,1,5,Travel_Rarely,No,3,6,1,30,Medium
EMP0346,Research & Development,Research Scientist,1,29,Male,SAP,Write,Stable,No,6,5,1,5,Travel_Rarely,No,3,6,1,30,Medium
EMP0346,Research & Development,Research Scientist,1,29,Male,SharePoint,Write,Stable,No,6,5,1,5,Travel_Rarely,No,3,6,1,30,Medium
EMP0346,Research & Development,Research Scientist,1,29,Male,ServiceNow,Write,Stable,No,6,5,1,5,Travel_Rarely,No,3,6,1,30,Medium
EMP0346,Research & Development,Research Scientist,1,29,Male,Lab Systems,Write,Stable,No,6,5,1,5,Travel_Rarely,No,3,6,1,30,Medium
EMP0347,Research & Development,Research Scientist,2,42,Female,Active Directory,Write,Stable,No,3,2,0,2,Travel_Rarely,Yes,3,10,1,30,Medium
EMP0347,Research & Development,Research Scientist,2,42,Female,SAP,Write,Stable,No,3,2,0,2,Travel_Rarely,Yes,3,10,1,30,Medium
EMP0347,Research & Development,Research Scientist,2,42,Female,SharePoint,Write,Stable,No,3,2,0,2,Travel_Rarely,Yes,3,10,1,30,Medium
EMP0347,Research & Development,Research Scientist,2,42,Female,ServiceNow,Write,Stable,No,3,2,0,2,Travel_Rarely,Yes,3,10,1,30,Medium
EMP0347,Research & Development,Research Scientist,2,42,Female,Lab Systems,Write,Stable,No,3,2,0,2,Travel_Rarely,Yes,3,10,1,30,Medium
EMP0349,Sales,Sales Executive,2,29,Male,Active Directory,Write,Stable,No,3,2,0,2,Travel_Rarely,No,3,10,2,20,Low
EMP0349,Sales,Sales Executive,2,29,Male,Salesforce,Write,Stable,No,3,2,0,2,Travel_Rarely,No,3,10,2,20,Low
EMP0349,Sales,Sales Executive,2,29,Male,SharePoint,Write,Stable,No,3,2,0,2,Travel_Rarely,No,3,10,2,20,Low
EMP0349,Sales,Sales Executive,2,29,Male,ServiceNow,Write,Stable,No,3,2,0,2,Travel_Rarely,No,3,10,2,20,Low
EMP0349,Sales,Sales Executive,2,29,Male,CRM Portal,Write,Stable,No,3,2,0,2,Travel_Rarely,No,3,10,2,20,Low
EMP0350,Research & Development,Manufacturing Director,2,25,Female,Active Directory,Write,Stable,No,4,2,1,2,Travel_Rarely,No,3,5,3,20,Low
EMP0350,Research & Development,Manufacturing Director,2,25,Female,SAP,Write,Stable,No,4,2,1,2,Travel_Rarely,No,3,5,3,20,Low
EMP0350,Research & Development,Manufacturing Director,2,25,Female,SharePoint,Write,Stable,No,4,2,1,2,Travel_Rarely,No,3,5,3,20,Low
EMP0350,Research & Development,Manufacturing Director,2,25,Female,ServiceNow,Write,Stable,No,4,2,1,2,Travel_Rarely,No,3,5,3,20,Low
EMP0350,Research & Development,Manufacturing Director,2,25,Female,Lab Systems,Write,Stable,No,4,2,1,2,Travel_Rarely,No,3,5,3,20,Low
EMP0351,Research & Development,Laboratory Technician,1,42,Female,Active Directory,Read,Stable,No,9,6,7,8,Travel_Rarely,Yes,3,10,4,30,Medium
EMP0351,Research & Development,Laboratory Technician,1,42,Female,SAP,Read,Stable,No,9,6,7,8,Travel_Rarely,Yes,3,10,4,30,Medium
EMP0351,Research & Development,Laboratory Technician,1,42,Female,SharePoint,Read,Stable,No,9,6,7,8,Travel_Rarely,Yes,3,10,4,30,Medium
EMP0351,Research & Development,Laboratory Technician,1,42,Female,ServiceNow,Read,Stable,No,9,6,7,8,Travel_Rarely,Yes,3,10,4,30,Medium
EMP0351,Research & Development,Laboratory Technician,1,42,Female,Lab Systems,Read,Stable,No,9,6,7,8,Travel_Rarely,Yes,3,10,4,30,Medium
EMP0352,Research & Development,Research Director,5,40,Male,Active Directory,Admin,Stable,No,21,7,3,9,Travel_Rarely,No,3,22,5,50,High
EMP0352,Research & Development,Research Director,5,40,Male,SAP,Admin,Stable,No,21,7,3,9,Travel_Rarely,No,3,22,5,50,High
EMP0352,Research & Development,Research Director,5,40,Male,SharePoint,Admin,Stable,No,21,7,3,9,Travel_Rarely,No,3,22,5,50,High
EMP0352,Research & Development,Research Director,5,40,Male,ServiceNow,Admin,Stable,No,21,7,3,9,Travel_Rarely,No,3,22,5,50,High
EMP0352,Research & Development,Research Director,5,40,Male,Lab Systems,Admin,Stable,No,21,7,3,9,Travel_Rarely,No,3,22,5,50,High
EMP0353,Research & Development,Research Scientist,1,51,Male,Active Directory,Write,Mover,No,1,0,0,0,Travel_Rarely,No,3,1,0,50,High
EMP0353,Research & Development,Research Scientist,1,51,Male,SAP,Write,Mover,No,1,0,0,0,Travel_Rarely,No,3,1,0,50,High
EMP0353,Research & Development,Research Scientist,1,51,Male,SharePoint,Write,Mover,No,1,0,0,0,Travel_Rarely,No,3,1,0,50,High
EMP0353,Research & Development,Research Scientist,1,51,Male,ServiceNow,Write,Mover,No,1,0,0,0,Travel_Rarely,No,3,1,0,50,High
EMP0353,Research & Development,Research Scientist,1,51,Male,Lab Systems,Write,Mover,No,1,0,0,0,Travel_Rarely,No,3,1,0,50,High
EMP0355,Research & Development,Laboratory Technician,1,31,Male,Active Directory,Read,Leaver,Yes,5,4,1,4,Travel_Frequently,No,3,6,2,55,High
EMP0355,Research & Development,Laboratory Technician,1,31,Male,SAP,Read,Leaver,Yes,5,4,1,4,Travel_Frequently,No,3,6,2,55,High
EMP0355,Research & Development,Laboratory Technician,1,31,Male,SharePoint,Read,Leaver,Yes,5,4,1,4,Travel_Frequently,No,3,6,2,55,High
EMP0355,Research & Development,Laboratory Technician,1,31,Male,ServiceNow,Read,Leaver,Yes,5,4,1,4,Travel_Frequently,No,3,6,2,55,High
EMP0355,Research & Development,Laboratory Technician,1,31,Male,Lab Systems,Read,Leaver,Yes,5,4,1,4,Travel_Frequently,No,3,6,2,55,High
EMP0359,Research & Development,Laboratory Technician,1,32,Male,Active Directory,Read,Mover,No,5,1,0,3,Travel_Frequently,No,4,5,3,35,Medium
EMP0359,Research & Development,Laboratory Technician,1,32,Male,SAP,Read,Mover,No,5,1,0,3,Travel_Frequently,No,4,5,3,35,Medium
EMP0359,Research & Development,Laboratory Technician,1,32,Male,SharePoint,Read,Mover,No,5,1,0,3,Travel_Frequently,No,4,5,3,35,Medium
EMP0359,Research & Development,Laboratory Technician,1,32,Male,ServiceNow,Read,Mover,No,5,1,0,3,Travel_Frequently,No,4,5,3,35,Medium
EMP0359,Research & Development,Laboratory Technician,1,32,Male,Lab Systems,Read,Mover,No,5,1,0,3,Travel_Frequently,No,4,5,3,35,Medium
EMP0361,Sales,Sales Executive,2,38,Male,Active Directory,Write,Stable,No,8,7,7,5,Non-Travel,No,3,13,0,25,Low
EMP0361,Sales,Sales Executive,2,38,Male,Salesforce,Write,Stable,No,8,7,7,5,Non-Travel,No,3,13,0,25,Low
EMP0361,Sales,Sales Executive,2,38,Male,SharePoint,Write,Stable,No,8,7,7,5,Non-Travel,No,3,13,0,25,Low
EMP0361,Sales,Sales Executive,2,38,Male,ServiceNow,Write,Stable,No,8,7,7,5,Non-Travel,No,3,13,0,25,Low
EMP0361,Sales,Sales Executive,2,38,Male,CRM Portal,Write,Stable,No,8,7,7,5,Non-Travel,No,3,13,0,25,Low
EMP0362,Research & Development,Laboratory Technician,2,32,Male,Active Directory,Read,Stable,No,6,2,0,4,Travel_Rarely,No,3,9,5,20,Low
EMP0362,Research & Development,Laboratory Technician,2,32,Male,SAP,Read,Stable,No,6,2,0,4,Travel_Rarely,No,3,9,5,20,Low
EMP0362,Research & Development,Laboratory Technician,2,32,Male,SharePoint,Read,Stable,No,6,2,0,4,Travel_Rarely,No,3,9,5,20,Low
EMP0362,Research & Development,Laboratory Technician,2,32,Male,ServiceNow,Read,Stable,No,6,2,0,4,Travel_Rarely,No,3,9,5,20,Low
EMP0362,Research & Development,Laboratory Technician,2,32,Male,Lab Systems,Read,Stable,No,6,2,0,4,Travel_Rarely,No,3,9,5,20,Low
EMP0363,Sales,Manager,4,46,Female,Active Directory,Write,Stable,No,7,7,7,7,Travel_Rarely,Yes,3,28,2,40,Medium
EMP0363,Sales,Manager,4,46,Female,Salesforce,Write,Stable,No,7,7,7,7,Travel_Rarely,Yes,3,28,2,40,Medium
EMP0363,Sales,Manager,4,46,Female,SharePoint,Write,Stable,No,7,7,7,7,Travel_Rarely,Yes,3,28,2,40,Medium
EMP0363,Sales,Manager,4,46,Female,ServiceNow,Write,Stable,No,7,7,7,7,Travel_Rarely,Yes,3,28,2,40,Medium
EMP0363,Sales,Manager,4,46,Female,CRM Portal,Write,Stable,No,7,7,7,7,Travel_Rarely,Yes,3,28,2,40,Medium
EMP0364,Research & Development,Laboratory Technician,1,28,Male,Active Directory,Read,Leaver,Yes,0,0,0,0,Travel_Rarely,No,3,5,5,60,High
EMP0364,Research & Development,Laboratory Technician,1,28,Male,SAP,Read,Leaver,Yes,0,0,0,0,Travel_Rarely,No,3,5,5,60,High
EMP0364,Research & Development,Laboratory Technician,1,28,Male,SharePoint,Read,Leaver,Yes,0,0,0,0,Travel_Rarely,No,3,5,5,60,High
EMP0364,Research & Development,Laboratory Technician,1,28,Male,ServiceNow,Read,Leaver,Yes,0,0,0,0,Travel_Rarely,No,3,5,5,60,High
EMP0364,Research & Development,Laboratory Technician,1,28,Male,Lab Systems,Read,Leaver,Yes,0,0,0,0,Travel_Rarely,No,3,5,5,60,High
EMP0366,Sales,Sales Executive,2,29,Male,Active Directory,Write,Mover,No,0,0,0,0,Travel_Rarely,No,3,10,2,50,High
EMP0366,Sales,Sales Executive,2,29,Male,Salesforce,Write,Mover,No,0,0,0,0,Travel_Rarely,No,3,10,2,50,High
EMP0366,Sales,Sales Executive,2,29,Male,SharePoint,Write,Mover,No,0,0,0,0,Travel_Rarely,No,3,10,2,50,High
EMP0366,Sales,Sales Executive,2,29,Male,ServiceNow,Write,Mover,No,0,0,0,0,Travel_Rarely,No,3,10,2,50,High
EMP0366,Sales,Sales Executive,2,29,Male,CRM Portal,Write,Mover,No,0,0,0,0,Travel_Rarely,No,3,10,2,50,High
EMP0367,Research & Development,Healthcare Representative,2,31,Male,Active Directory,Read,Mover,No,9,0,7,8,Travel_Rarely,No,4,10,2,40,Medium
EMP0367,Research & Development,Healthcare Representative,2,31,Male,SAP,Read,Mover,No,9,0,7,8,Travel_Rarely,No,4,10,2,40,Medium
EMP0367,Research & Development,Healthcare Representative,2,31,Male,SharePoint,Read,Mover,No,9,0,7,8,Travel_Rarely,No,4,10,2,40,Medium
EMP0367,Research & Development,Healthcare Representative,2,31,Male,ServiceNow,Read,Mover,No,9,0,7,8,Travel_Rarely,No,4,10,2,40,Medium
EMP0367,Research & Development,Healthcare Representative,2,31,Male,Lab Systems,Read,Mover,No,9,0,7,8,Travel_Rarely,No,4,10,2,40,Medium
EMP0369,Research & Development,Healthcare Representative,2,25,Male,Active Directory,Read,Stable,No,6,3,1,5,Non-Travel,No,3,6,2,15,Low
EMP0369,Research & Development,Healthcare Representative,2,25,Male,SAP,Read,Stable,No,6,3,1,5,Non-Travel,No,3,6,2,15,Low
EMP0369,Research & Development,Healthcare Representative,2,25,Male,SharePoint,Read,Stable,No,6,3,1,5,Non-Travel,No,3,6,2,15,Low
EMP0369,Research & Development,Healthcare Representative,2,25,Male,ServiceNow,Read,Stable,No,6,3,1,5,Non-Travel,No,3,6,2,15,Low
EMP0369,Research & Development,Healthcare Representative,2,25,Male,Lab Systems,Read,Stable,No,6,3,1,5,Non-Travel,No,3,6,2,15,Low
EMP0372,Research & Development,Healthcare Representative,4,45,Male,Active Directory,Read,Stable,No,20,7,4,10,Travel_Rarely,Yes,3,21,2,35,Medium
EMP0372,Research & Development,Healthcare Representative,4,45,Male,SAP,Read,Stable,No,20,7,4,10,Travel_Rarely,Yes,3,21,2,35,Medium
EMP0372,Research & Development,Healthcare Representative,4,45,Male,SharePoint,Read,Stable,No,20,7,4,10,Travel_Rarely,Yes,3,21,2,35,Medium
EMP0372,Research & Development,Healthcare Representative,4,45,Male,ServiceNow,Read,Stable,No,20,7,4,10,Travel_Rarely,Yes,3,21,2,35,Medium
EMP0372,Research & Development,Healthcare Representative,4,45,Male,Lab Systems,Read,Stable,No,20,7,4,10,Travel_Rarely,Yes,3,21,2,35,Medium
EMP0373,Research & Development,Laboratory Technician,1,36,Male,Active Directory,Read,Stable,No,15,13,10,11,Travel_Rarely,No,3,16,4,25,Low
EMP0373,Research & Development,Laboratory Technician,1,36,Male,SAP,Read,Stable,No,15,13,10,11,Travel_Rarely,No,3,16,4,25,Low
EMP0373,Research & Development,Laboratory Technician,1,36,Male,SharePoint,Read,Stable,No,15,13,10,11,Travel_Rarely,No,3,16,4,25,Low
EMP0373,Research & Development,Laboratory Technician,1,36,Male,ServiceNow,Read,Stable,No,15,13,10,11,Travel_Rarely,No,3,16,4,25,Low
EMP0373,Research & Development,Laboratory Technician,1,36,Male,Lab Systems,Read,Stable,No,15,13,10,11,Travel_Rarely,No,3,16,4,25,Low
EMP0374,Research & Development,Manager,5,55,Male,Active Directory,Write,Stable,No,36,10,4,13,Travel_Rarely,Yes,3,37,2,45,Medium
EMP0374,Research & Development,Manager,5,55,Male,SAP,Write,Stable,No,36,10,4,13,Travel_Rarely,Yes,3,37,2,45,Medium
EMP0374,Research & Development,Manager,5,55,Male,SharePoint,Write,Stable,No,36,10,4,13,Travel_Rarely,Yes,3,37,2,45,Medium
EMP0374,Research & Development,Manager,5,55,Male,ServiceNow,Write,Stable,No,36,10,4,13,Travel_Rarely,Yes,3,37,2,45,Medium
EMP0374,Research & Development,Manager,5,55,Male,Lab Systems,Write,Stable,No,36,10,4,13,Travel_Rarely,Yes,3,37,2,45,Medium
EMP0376,Research & Development,Manager,3,47,Male,Active Directory,Write,Leaver,Yes,10,7,9,9,Non-Travel,Yes,3,10,2,75,Critical
EMP0376,Research & Development,Manager,3,47,Male,SAP,Write,Leaver,Yes,10,7,9,9,Non-Travel,Yes,3,10,2,75,Critical
EMP0376,Research & Development,Manager,3,47,Male,SharePoint,Write,Leaver,Yes,10,7,9,9,Non-Travel,Yes,3,10,2,75,Critical
EMP0376,Research & Development,Manager,3,47,Male,ServiceNow,Write,Leaver,Yes,10,7,9,9,Non-Travel,Yes,3,10,2,75,Critical
EMP0376,Research & Development,Manager,3,47,Male,Lab Systems,Write,Leaver,Yes,10,7,9,9,Non-Travel,Yes,3,10,2,75,Critical
EMP0377,Research & Development,Research Scientist,1,28,Male,Active Directory,Write,Stable,No,5,2,0,4,Travel_Rarely,No,4,5,3,20,Low
EMP0377,Research & Development,Research Scientist,1,28,Male,SAP,Write,Stable,No,5,2,0,4,Travel_Rarely,No,4,5,3,20,Low
EMP0377,Research & Development,Research Scientist,1,28,Male,SharePoint,Write,Stable,No,5,2,0,4,Travel_Rarely,No,4,5,3,20,Low
EMP0377,Research & Development,Research Scientist,1,28,Male,ServiceNow,Write,Stable,No,5,2,0,4,Travel_Rarely,No,4,5,3,20,Low
EMP0377,Research & Development,Research Scientist,1,28,Male,Lab Systems,Write,Stable,No,5,2,0,4,Travel_Rarely,No,4,5,3,20,Low
EMP0378,Sales,Sales Executive,2,37,Male,Active Directory,Write,Stable,No,5,4,0,1,Travel_Rarely,No,3,7,5,30,Medium
EMP0378,Sales,Sales Executive,2,37,Male,Salesforce,Write,Stable,No,5,4,0,1,Travel_Rarely,No,3,7,5,30,Medium
EMP0378,Sales,Sales Executive,2,37,Male,SharePoint,Write,Stable,No,5,4,0,1,Travel_Rarely,No,3,7,5,30,Medium
EMP0378,Sales,Sales Executive,2,37,Male,ServiceNow,Write,Stable,No,5,4,0,1,Travel_Rarely,No,3,7,5,30,Medium
EMP0378,Sales,Sales Executive,2,37,Male,CRM Portal,Write,Stable,No,5,4,0,1,Travel_Rarely,No,3,7,5,30,Medium
EMP0379,Research & Development,Research Scientist,1,21,Male,Active Directory,Write,Stable,No,3,2,1,0,Travel_Rarely,No,3,3,4,30,Medium
EMP0379,Research & Development,Research Scientist,1,21,Male,SAP,Write,Stable,No,3,2,1,0,Travel_Rarely,No,3,3,4,30,Medium
EMP0379,Research & Development,Research Scientist,1,21,Male,SharePoint,Write,Stable,No,3,2,1,0,Travel_Rarely,No,3,3,4,30,Medium
EMP0379,Research & Development,Research Scientist,1,21,Male,ServiceNow,Write,Stable,No,3,2,1,0,Travel_Rarely,No,3,3,4,30,Medium
EMP0379,Research & Development,Research Scientist,1,21,Male,Lab Systems,Write,Stable,No,3,2,1,0,Travel_Rarely,No,3,3,4,30,Medium
EMP0380,Research & Development,Research Director,3,37,Female,Active Directory,Admin,Stable,No,5,2,0,2,Non-Travel,Yes,3,15,2,40,Medium
EMP0380,Research & Development,Research Director,3,37,Female,SAP,Admin,Stable,No,5,2,0,2,Non-Travel,Yes,3,15,2,40,Medium
EMP0380,Research & Development,Research Director,3,37,Female,SharePoint,Admin,Stable,No,5,2,0,2,Non-Travel,Yes,3,15,2,40,Medium
EMP0380,Research & Development,Research Director,3,37,Female,ServiceNow,Admin,Stable,No,5,2,0,2,Non-Travel,Yes,3,15,2,40,Medium
EMP0380,Research & Development,Research Director,3,37,Female,Lab Systems,Admin,Stable,No,5,2,0,2,Non-Travel,Yes,3,15,2,40,Medium
EMP0381,Research & Development,Manager,3,35,Female,Active Directory,Write,Stable,No,7,7,6,2,Travel_Rarely,No,3,10,6,30,Medium
EMP0381,Research & Development,Manager,3,35,Female,SAP,Write,Stable,No,7,7,6,2,Travel_Rarely,No,3,10,6,30,Medium
EMP0381,Research & Development,Manager,3,35,Female,SharePoint,Write,Stable,No,7,7,6,2,Travel_Rarely,No,3,10,6,30,Medium
EMP0381,Research & Development,Manager,3,35,Female,ServiceNow,Write,Stable,No,7,7,6,2,Travel_Rarely,No,3,10,6,30,Medium
EMP0381,Research & Development,Manager,3,35,Female,Lab Systems,Write,Stable,No,7,7,6,2,Travel_Rarely,No,3,10,6,30,Medium
EMP0382,Sales,Sales Executive,2,38,Female,Active Directory,Write,Mover,No,8,0,7,7,Travel_Rarely,Yes,4,8,3,60,High
EMP0382,Sales,Sales Executive,2,38,Female,Salesforce,Write,Mover,No,8,0,7,7,Travel_Rarely,Yes,4,8,3,60,High
EMP0382,Sales,Sales Executive,2,38,Female,SharePoint,Write,Mover,No,8,0,7,7,Travel_Rarely,Yes,4,8,3,60,High
EMP0382,Sales,Sales Executive,2,38,Female,ServiceNow,Write,Mover,No,8,0,7,7,Travel_Rarely,Yes,4,8,3,60,High
EMP0382,Sales,Sales Executive,2,38,Female,CRM Portal,Write,Mover,No,8,0,7,7,Travel_Rarely,Yes,4,8,3,60,High
EMP0384,Research & Development,Manufacturing Director,2,26,Female,Active Directory,Write,Stable,No,6,5,1,4,Travel_Frequently,No,4,6,6,35,Medium
EMP0384,Research & Development,Manufacturing Director,2,26,Female,SAP,Write,Stable,No,6,5,1,4,Travel_Frequently,No,4,6,6,35,Medium
EMP0384,Research & Development,Manufacturing Director,2,26,Female,SharePoint,Write,Stable,No,6,5,1,4,Travel_Frequently,No,4,6,6,35,Medium
EMP0384,Research & Development,Manufacturing Director,2,26,Female,ServiceNow,Write,Stable,No,6,5,1,4,Travel_Frequently,No,4,6,6,35,Medium
EMP0384,Research & Development,Manufacturing Director,2,26,Female,Lab Systems,Write,Stable,No,6,5,1,4,Travel_Frequently,No,4,6,6,35,Medium
EMP0385,Research & Development,Research Director,5,50,Male,Active Directory,Admin,Stable,No,10,4,1,6,Travel_Rarely,No,3,28,4,45,Medium
EMP0385,Research & Development,Research Director,5,50,Male,SAP,Admin,Stable,No,10,4,1,6,Travel_Rarely,No,3,28,4,45,Medium
EMP0385,Research & Development,Research Director,5,50,Male,SharePoint,Admin,Stable,No,10,4,1,6,Travel_Rarely,No,3,28,4,45,Medium
EMP0385,Research & Development,Research Director,5,50,Male,ServiceNow,Admin,Stable,No,10,4,1,6,Travel_Rarely,No,3,28,4,45,Medium
EMP0385,Research & Development,Research Director,5,50,Male,Lab Systems,Admin,Stable,No,10,4,1,6,Travel_Rarely,No,3,28,4,45,Medium
EMP0386,Research & Development,Research Director,4,53,Male,Active Directory,Admin,Stable,No,5,3,1,3,Travel_Rarely,Yes,3,21,5,45,Medium
EMP0386,Research & Development,Research Director,4,53,Male,SAP,Admin,Stable,No,5,3,1,3,Travel_Rarely,Yes,3,21,5,45,Medium
EMP0386,Research & Development,Research Director,4,53,Male,SharePoint,Admin,Stable,No,5,3,1,3,Travel_Rarely,Yes,3,21,5,45,Medium
EMP0386,Research & Development,Research Director,4,53,Male,ServiceNow,Admin,Stable,No,5,3,1,3,Travel_Rarely,Yes,3,21,5,45,Medium
EMP0386,Research & Development,Research Director,4,53,Male,Lab Systems,Admin,Stable,No,5,3,1,3,Travel_Rarely,Yes,3,21,5,45,Medium
EMP0387,Sales,Sales Executive,2,42,Male,Active Directory,Write,Stable,No,20,16,11,6,Travel_Rarely,No,4,20,3,35,Medium
EMP0387,Sales,Sales Executive,2,42,Male,Salesforce,Write,Stable,No,20,16,11,6,Travel_Rarely,No,4,20,3,35,Medium
EMP0387,Sales,Sales Executive,2,42,Male,SharePoint,Write,Stable,No,20,16,11,6,Travel_Rarely,No,4,20,3,35,Medium
EMP0387,Sales,Sales Executive,2,42,Male,ServiceNow,Write,Stable,No,20,16,11,6,Travel_Rarely,No,4,20,3,35,Medium
EMP0387,Sales,Sales Executive,2,42,Male,CRM Portal,Write,Stable,No,20,16,11,6,Travel_Rarely,No,4,20,3,35,Medium
EMP0388,Sales,Sales Executive,2,29,Male,Active Directory,Write,Stable,No,10,7,0,9,Travel_Frequently,No,3,10,3,35,Medium
EMP0388,Sales,Sales Executive,2,29,Male,Salesforce,Write,Stable,No,10,7,0,9,Travel_Frequently,No,3,10,3,35,Medium
EMP0388,Sales,Sales Executive,2,29,Male,SharePoint,Write,Stable,No,10,7,0,9,Travel_Frequently,No,3,10,3,35,Medium
EMP0388,Sales,Sales Executive,2,29,Male,ServiceNow,Write,Stable,No,10,7,0,9,Travel_Frequently,No,3,10,3,35,Medium
EMP0388,Sales,Sales Executive,2,29,Male,CRM Portal,Write,Stable,No,10,7,0,9,Travel_Frequently,No,3,10,3,35,Medium
EMP0389,Research & Development,Laboratory Technician,2,55,Male,Active Directory,Read,Stable,No,10,7,0,8,Travel_Rarely,Yes,3,12,4,30,Medium
EMP0389,Research & Development,Laboratory Technician,2,55,Male,SAP,Read,Stable,No,10,7,0,8,Travel_Rarely,Yes,3,12,4,30,Medium
EMP0389,Research & Development,Laboratory Technician,2,55,Male,SharePoint,Read,Stable,No,10,7,0,8,Travel_Rarely,Yes,3,12,4,30,Medium
EMP0389,Research & Development,Laboratory Technician,2,55,Male,ServiceNow,Read,Stable,No,10,7,0,8,Travel_Rarely,Yes,3,12,4,30,Medium
EMP0389,Research & Development,Laboratory Technician,2,55,Male,Lab Systems,Read,Stable,No,10,7,0,8,Travel_Rarely,Yes,3,12,4,30,Medium
EMP0390,Research & Development,Healthcare Representative,2,26,Male,Active Directory,Read,Stable,No,5,3,3,3,Travel_Frequently,Yes,3,5,3,25,Low
EMP0390,Research & Development,Healthcare Representative,2,26,Male,SAP,Read,Stable,No,5,3,3,3,Travel_Frequently,Yes,3,5,3,25,Low
EMP0390,Research & Development,Healthcare Representative,2,26,Male,SharePoint,Read,Stable,No,5,3,3,3,Travel_Frequently,Yes,3,5,3,25,Low
EMP0390,Research & Development,Healthcare Representative,2,26,Male,ServiceNow,Read,Stable,No,5,3,3,3,Travel_Frequently,Yes,3,5,3,25,Low
EMP0390,Research & Development,Healthcare Representative,2,26,Male,Lab Systems,Read,Stable,No,5,3,3,3,Travel_Frequently,Yes,3,5,3,25,Low
EMP0391,Research & Development,Research Scientist,1,37,Female,Active Directory,Write,Stable,No,17,12,5,7,Travel_Rarely,No,3,17,3,35,Medium
EMP0391,Research & Development,Research Scientist,1,37,Female,SAP,Write,Stable,No,17,12,5,7,Travel_Rarely,No,3,17,3,35,Medium
EMP0391,Research & Development,Research Scientist,1,37,Female,SharePoint,Write,Stable,No,17,12,5,7,Travel_Rarely,No,3,17,3,35,Medium
EMP0391,Research & Development,Research Scientist,1,37,Female,ServiceNow,Write,Stable,No,17,12,5,7,Travel_Rarely,No,3,17,3,35,Medium
EMP0391,Research & Development,Research Scientist,1,37,Female,Lab Systems,Write,Stable,No,17,12,5,7,Travel_Rarely,No,3,17,3,35,Medium
EMP0392,Research & Development,Laboratory Technician,1,44,Male,Active Directory,Read,Leaver,Yes,1,0,0,0,Travel_Frequently,Yes,4,19,0,75,Critical
EMP0392,Research & Development,Laboratory Technician,1,44,Male,SAP,Read,Leaver,Yes,1,0,0,0,Travel_Frequently,Yes,4,19,0,75,Critical
EMP0392,Research & Development,Laboratory Technician,1,44,Male,SharePoint,Read,Leaver,Yes,1,0,0,0,Travel_Frequently,Yes,4,19,0,75,Critical
EMP0392,Research & Development,Laboratory Technician,1,44,Male,ServiceNow,Read,Leaver,Yes,1,0,0,0,Travel_Frequently,Yes,4,19,0,75,Critical
EMP0392,Research & Development,Laboratory Technician,1,44,Male,Lab Systems,Read,Leaver,Yes,1,0,0,0,Travel_Frequently,Yes,4,19,0,75,Critical
EMP0393,Research & Development,Healthcare Representative,2,38,Male,Active Directory,Read,Stable,No,2,2,1,2,Travel_Rarely,No,3,10,2,10,Low
EMP0393,Research & Development,Healthcare Representative,2,38,Male,SAP,Read,Stable,No,2,2,1,2,Travel_Rarely,No,3,10,2,10,Low
EMP0393,Research & Development,Healthcare Representative,2,38,Male,SharePoint,Read,Stable,No,2,2,1,2,Travel_Rarely,No,3,10,2,10,Low
EMP0393,Research & Development,Healthcare Representative,2,38,Male,ServiceNow,Read,Stable,No,2,2,1,2,Travel_Rarely,No,3,10,2,10,Low
EMP0393,Research & Development,Healthcare Representative,2,38,Male,Lab Systems,Read,Stable,No,2,2,1,2,Travel_Rarely,No,3,10,2,10,Low
EMP0394,Research & Development,Laboratory Technician,1,26,Male,Active Directory,Read,Leaver,Yes,3,2,0,2,Travel_Rarely,Yes,3,5,2,60,High
EMP0394,Research & Development,Laboratory Technician,1,26,Male,SAP,Read,Leaver,Yes,3,2,0,2,Travel_Rarely,Yes,3,5,2,60,High
EMP0394,Research & Development,Laboratory Technician,1,26,Male,SharePoint,Read,Leaver,Yes,3,2,0,2,Travel_Rarely,Yes,3,5,2,60,High
EMP0394,Research & Development,Laboratory Technician,1,26,Male,ServiceNow,Read,Leaver,Yes,3,2,0,2,Travel_Rarely,Yes,3,5,2,60,High
EMP0394,Research & Development,Laboratory Technician,1,26,Male,Lab Systems,Read,Leaver,Yes,3,2,0,2,Travel_Rarely,Yes,3,5,2,60,High
EMP0395,Research & Development,Research Scientist,1,28,Female,Active Directory,Write,Stable,No,5,3,0,2,Travel_Rarely,No,4,5,3,20,Low
EMP0395,Research & Development,Research Scientist,1,28,Female,SAP,Write,Stable,No,5,3,0,2,Travel_Rarely,No,4,5,3,20,Low
EMP0395,Research & Development,Research Scientist,1,28,Female,SharePoint,Write,Stable,No,5,3,0,2,Travel_Rarely,No,4,5,3,20,Low
EMP0395,Research & Development,Research Scientist,1,28,Female,ServiceNow,Write,Stable,No,5,3,0,2,Travel_Rarely,No,4,5,3,20,Low
EMP0395,Research & Development,Research Scientist,1,28,Female,Lab Systems,Write,Stable,No,5,3,0,2,Travel_Rarely,No,4,5,3,20,Low
EMP0396,Research & Development,Research Director,5,49,Female,Active Directory,Admin,Stable,No,3,2,1,2,Travel_Frequently,Yes,3,22,4,50,High
EMP0396,Research & Development,Research Director,5,49,Female,SAP,Admin,Stable,No,3,2,1,2,Travel_Frequently,Yes,3,22,4,50,High
EMP0396,Research & Development,Research Director,5,49,Female,SharePoint,Admin,Stable,No,3,2,1,2,Travel_Frequently,Yes,3,22,4,50,High
EMP0396,Research & Development,Research Director,5,49,Female,ServiceNow,Admin,Stable,No,3,2,1,2,Travel_Frequently,Yes,3,22,4,50,High
EMP0396,Research & Development,Research Director,5,49,Female,Lab Systems,Admin,Stable,No,3,2,1,2,Travel_Frequently,Yes,3,22,4,50,High
EMP0397,Research & Development,Research Scientist,2,36,Male,Active Directory,Write,Mover,No,8,0,7,7,Travel_Rarely,No,3,10,2,50,High
EMP0397,Research & Development,Research Scientist,2,36,Male,SAP,Write,Mover,No,8,0,7,7,Travel_Rarely,No,3,10,2,50,High
EMP0397,Research & Development,Research Scientist,2,36,Male,SharePoint,Write,Mover,No,8,0,7,7,Travel_Rarely,No,3,10,2,50,High
EMP0397,Research & Development,Research Scientist,2,36,Male,ServiceNow,Write,Mover,No,8,0,7,7,Travel_Rarely,No,3,10,2,50,High
EMP0397,Research & Development,Research Scientist,2,36,Male,Lab Systems,Write,Mover,No,8,0,7,7,Travel_Rarely,No,3,10,2,50,High
EMP0399,Sales,Sales Representative,1,31,Female,Active Directory,Read,Stable,No,2,2,2,2,Travel_Frequently,No,3,2,5,15,Low
EMP0399,Sales,Sales Representative,1,31,Female,Salesforce,Read,Stable,No,2,2,2,2,Travel_Frequently,No,3,2,5,15,Low
EMP0399,Sales,Sales Representative,1,31,Female,SharePoint,Read,Stable,No,2,2,2,2,Travel_Frequently,No,3,2,5,15,Low
EMP0399,Sales,Sales Representative,1,31,Female,ServiceNow,Read,Stable,No,2,2,2,2,Travel_Frequently,No,3,2,5,15,Low
EMP0399,Sales,Sales Representative,1,31,Female,CRM Portal,Read,Stable,No,2,2,2,2,Travel_Frequently,No,3,2,5,15,Low
EMP0401,Sales,Sales Executive,2,26,Male,Active Directory,Write,Leaver,Yes,8,7,7,4,Travel_Rarely,Yes,3,8,0,80,Critical
EMP0401,Sales,Sales Executive,2,26,Male,Salesforce,Write,Leaver,Yes,8,7,7,4,Travel_Rarely,Yes,3,8,0,80,Critical
EMP0401,Sales,Sales Executive,2,26,Male,SharePoint,Write,Leaver,Yes,8,7,7,4,Travel_Rarely,Yes,3,8,0,80,Critical
EMP0401,Sales,Sales Executive,2,26,Male,ServiceNow,Write,Leaver,Yes,8,7,7,4,Travel_Rarely,Yes,3,8,0,80,Critical
EMP0401,Sales,Sales Executive,2,26,Male,CRM Portal,Write,Leaver,Yes,8,7,7,4,Travel_Rarely,Yes,3,8,0,80,Critical
EMP0403,Research & Development,Research Scientist,1,37,Male,Active Directory,Write,Stable,No,4,2,1,2,Travel_Frequently,Yes,3,4,3,35,Medium
EMP0403,Research & Development,Research Scientist,1,37,Male,SAP,Write,Stable,No,4,2,1,2,Travel_Frequently,Yes,3,4,3,35,Medium
EMP0403,Research & Development,Research Scientist,1,37,Male,SharePoint,Write,Stable,No,4,2,1,2,Travel_Frequently,Yes,3,4,3,35,Medium
EMP0403,Research & Development,Research Scientist,1,37,Male,ServiceNow,Write,Stable,No,4,2,1,2,Travel_Frequently,Yes,3,4,3,35,Medium
EMP0403,Research & Development,Research Scientist,1,37,Male,Lab Systems,Write,Stable,No,4,2,1,2,Travel_Frequently,Yes,3,4,3,35,Medium
EMP0404,Sales,Sales Executive,4,42,Female,Active Directory,Write,Stable,No,20,4,4,8,Travel_Frequently,No,3,23,2,40,Medium
EMP0404,Sales,Sales Executive,4,42,Female,Salesforce,Write,Stable,No,20,4,4,8,Travel_Frequently,No,3,23,2,40,Medium
EMP0404,Sales,Sales Executive,4,42,Female,SharePoint,Write,Stable,No,20,4,4,8,Travel_Frequently,No,3,23,2,40,Medium
EMP0404,Sales,Sales Executive,4,42,Female,ServiceNow,Write,Stable,No,20,4,4,8,Travel_Frequently,No,3,23,2,40,Medium
EMP0404,Sales,Sales Executive,4,42,Female,CRM Portal,Write,Stable,No,20,4,4,8,Travel_Frequently,No,3,23,2,40,Medium
EMP0405,Research & Development,Laboratory Technician,1,18,Male,Active Directory,Read,Leaver,Yes,0,0,0,0,Travel_Rarely,No,3,0,2,60,High
EMP0405,Research & Development,Laboratory Technician,1,18,Male,SAP,Read,Leaver,Yes,0,0,0,0,Travel_Rarely,No,3,0,2,60,High
EMP0405,Research & Development,Laboratory Technician,1,18,Male,SharePoint,Read,Leaver,Yes,0,0,0,0,Travel_Rarely,No,3,0,2,60,High
EMP0405,Research & Development,Laboratory Technician,1,18,Male,ServiceNow,Read,Leaver,Yes,0,0,0,0,Travel_Rarely,No,3,0,2,60,High
EMP0405,Research & Development,Laboratory Technician,1,18,Male,Lab Systems,Read,Leaver,Yes,0,0,0,0,Travel_Rarely,No,3,0,2,60,High
EMP0406,Sales,Sales Executive,3,35,Male,Active Directory,Write,Stable,No,11,9,6,9,Travel_Rarely,No,3,12,3,35,Medium
EMP0406,Sales,Sales Executive,3,35,Male,Salesforce,Write,Stable,No,11,9,6,9,Travel_Rarely,No,3,12,3,35,Medium
EMP0406,Sales,Sales Executive,3,35,Male,SharePoint,Write,Stable,No,11,9,6,9,Travel_Rarely,No,3,12,3,35,Medium
EMP0406,Sales,Sales Executive,3,35,Male,ServiceNow,Write,Stable,No,11,9,6,9,Travel_Rarely,No,3,12,3,35,Medium
EMP0406,Sales,Sales Executive,3,35,Male,CRM Portal,Write,Stable,No,11,9,6,9,Travel_Rarely,No,3,12,3,35,Medium
EMP0407,Research & Development,Laboratory Technician,1,36,Male,Active Directory,Read,Mover,No,1,0,0,0,Travel_Frequently,No,3,4,2,45,Medium
EMP0407,Research & Development,Laboratory Technician,1,36,Male,SAP,Read,Mover,No,1,0,0,0,Travel_Frequently,No,3,4,2,45,Medium
EMP0407,Research & Development,Laboratory Technician,1,36,Male,SharePoint,Read,Mover,No,1,0,0,0,Travel_Frequently,No,3,4,2,45,Medium
EMP0407,Research & Development,Laboratory Technician,1,36,Male,ServiceNow,Read,Mover,No,1,0,0,0,Travel_Frequently,No,3,4,2,45,Medium
EMP0407,Research & Development,Laboratory Technician,1,36,Male,Lab Systems,Read,Mover,No,1,0,0,0,Travel_Frequently,No,3,4,2,45,Medium
EMP0408,Research & Development,Manufacturing Director,2,51,Male,Active Directory,Write,Mover,No,4,1,1,2,Travel_Rarely,No,3,13,3,40,Medium
EMP0408,Research & Development,Manufacturing Director,2,51,Male,SAP,Write,Mover,No,4,1,1,2,Travel_Rarely,No,3,13,3,40,Medium
EMP0408,Research & Development,Manufacturing Director,2,51,Male,SharePoint,Write,Mover,No,4,1,1,2,Travel_Rarely,No,3,13,3,40,Medium
EMP0408,Research & Development,Manufacturing Director,2,51,Male,ServiceNow,Write,Mover,No,4,1,1,2,Travel_Rarely,No,3,13,3,40,Medium
EMP0408,Research & Development,Manufacturing Director,2,51,Male,Lab Systems,Write,Mover,No,4,1,1,2,Travel_Rarely,No,3,13,3,40,Medium
EMP0410,Sales,Manager,4,41,Male,Active Directory,Write,Stable,No,22,10,0,4,Travel_Rarely,No,3,22,2,35,Medium
EMP0410,Sales,Manager,4,41,Male,Salesforce,Write,Stable,No,22,10,0,4,Travel_Rarely,No,3,22,2,35,Medium
EMP0410,Sales,Manager,4,41,Male,SharePoint,Write,Stable,No,22,10,0,4,Travel_Rarely,No,3,22,2,35,Medium
EMP0410,Sales,Manager,4,41,Male,ServiceNow,Write,Stable,No,22,10,0,4,Travel_Rarely,No,3,22,2,35,Medium
EMP0410,Sales,Manager,4,41,Male,CRM Portal,Write,Stable,No,22,10,0,4,Travel_Rarely,No,3,22,2,35,Medium
EMP0411,Sales,Sales Representative,1,18,Female,Active Directory,Read,Mover,No,0,0,0,0,Travel_Rarely,No,3,0,2,40,Medium
EMP0411,Sales,Sales Representative,1,18,Female,Salesforce,Read,Mover,No,0,0,0,0,Travel_Rarely,No,3,0,2,40,Medium
EMP0411,Sales,Sales Representative,1,18,Female,SharePoint,Read,Mover,No,0,0,0,0,Travel_Rarely,No,3,0,2,40,Medium
EMP0411,Sales,Sales Representative,1,18,Female,ServiceNow,Read,Mover,No,0,0,0,0,Travel_Rarely,No,3,0,2,40,Medium
EMP0411,Sales,Sales Representative,1,18,Female,CRM Portal,Read,Mover,No,0,0,0,0,Travel_Rarely,No,3,0,2,40,Medium
EMP0412,Research & Development,Healthcare Representative,2,28,Male,Active Directory,Read,Stable,No,8,3,0,7,Travel_Rarely,No,3,9,2,20,Low
EMP0412,Research & Development,Healthcare Representative,2,28,Male,SAP,Read,Stable,No,8,3,0,7,Travel_Rarely,No,3,9,2,20,Low
EMP0412,Research & Development,Healthcare Representative,2,28,Male,SharePoint,Read,Stable,No,8,3,0,7,Travel_Rarely,No,3,9,2,20,Low
EMP0412,Research & Development,Healthcare Representative,2,28,Male,ServiceNow,Read,Stable,No,8,3,0,7,Travel_Rarely,No,3,9,2,20,Low
EMP0412,Research & Development,Healthcare Representative,2,28,Male,Lab Systems,Read,Stable,No,8,3,0,7,Travel_Rarely,No,3,9,2,20,Low
EMP0416,Sales,Sales Executive,2,31,Male,Active Directory,Write,Stable,No,8,7,7,7,Travel_Rarely,No,3,10,3,30,Medium
EMP0416,Sales,Sales Executive,2,31,Male,Salesforce,Write,Stable,No,8,7,7,7,Travel_Rarely,No,3,10,3,30,Medium
EMP0416,Sales,Sales Executive,2,31,Male,SharePoint,Write,Stable,No,8,7,7,7,Travel_Rarely,No,3,10,3,30,Medium
EMP0416,Sales,Sales Executive,2,31,Male,ServiceNow,Write,Stable,No,8,7,7,7,Travel_Rarely,No,3,10,3,30,Medium
EMP0416,Sales,Sales Executive,2,31,Male,CRM Portal,Write,Stable,No,8,7,7,7,Travel_Rarely,No,3,10,3,30,Medium
EMP0417,Research & Development,Healthcare Representative,3,39,Male,Active Directory,Read,Stable,No,18,10,3,7,Travel_Rarely,No,3,19,5,25,Low
EMP0417,Research & Development,Healthcare Representative,3,39,Male,SAP,Read,Stable,No,18,10,3,7,Travel_Rarely,No,3,19,5,25,Low
EMP0417,Research & Development,Healthcare Representative,3,39,Male,SharePoint,Read,Stable,No,18,10,3,7,Travel_Rarely,No,3,19,5,25,Low
EMP0417,Research & Development,Healthcare Representative,3,39,Male,ServiceNow,Read,Stable,No,18,10,3,7,Travel_Rarely,No,3,19,5,25,Low
EMP0417,Research & Development,Healthcare Representative,3,39,Male,Lab Systems,Read,Stable,No,18,10,3,7,Travel_Rarely,No,3,19,5,25,Low
EMP0419,Research & Development,Laboratory Technician,2,36,Female,Active Directory,Read,Stable,No,9,8,0,8,Non-Travel,No,3,11,3,15,Low
EMP0419,Research & Development,Laboratory Technician,2,36,Female,SAP,Read,Stable,No,9,8,0,8,Non-Travel,No,3,11,3,15,Low
EMP0419,Research & Development,Laboratory Technician,2,36,Female,SharePoint,Read,Stable,No,9,8,0,8,Non-Travel,No,3,11,3,15,Low
EMP0419,Research & Development,Laboratory Technician,2,36,Female,ServiceNow,Read,Stable,No,9,8,0,8,Non-Travel,No,3,11,3,15,Low
EMP0419,Research & Development,Laboratory Technician,2,36,Female,Lab Systems,Read,Stable,No,9,8,0,8,Non-Travel,No,3,11,3,15,Low
EMP0420,Sales,Sales Executive,2,32,Male,Active Directory,Write,Stable,No,13,8,4,8,Travel_Rarely,No,3,13,3,35,Medium
EMP0420,Sales,Sales Executive,2,32,Male,Salesforce,Write,Stable,No,13,8,4,8,Travel_Rarely,No,3,13,3,35,Medium
EMP0420,Sales,Sales Executive,2,32,Male,SharePoint,Write,Stable,No,13,8,4,8,Travel_Rarely,No,3,13,3,35,Medium
EMP0420,Sales,Sales Executive,2,32,Male,ServiceNow,Write,Stable,No,13,8,4,8,Travel_Rarely,No,3,13,3,35,Medium
EMP0420,Sales,Sales Executive,2,32,Male,CRM Portal,Write,Stable,No,13,8,4,8,Travel_Rarely,No,3,13,3,35,Medium
EMP0421,Research & Development,Research Director,3,38,Female,Active Directory,Admin,Stable,No,10,8,0,1,Travel_Rarely,No,3,19,2,55,High
EMP0421,Research & Development,Research Director,3,38,Female,SAP,Admin,Stable,No,10,8,0,1,Travel_Rarely,No,3,19,2,55,High
EMP0421,Research & Development,Research Director,3,38,Female,SharePoint,Admin,Stable,No,10,8,0,1,Travel_Rarely,No,3,19,2,55,High
EMP0421,Research & Development,Research Director,3,38,Female,ServiceNow,Admin,Stable,No,10,8,0,1,Travel_Rarely,No,3,19,2,55,High
EMP0421,Research & Development,Research Director,3,38,Female,Lab Systems,Admin,Stable,No,10,8,0,1,Travel_Rarely,No,3,19,2,55,High
EMP0422,Research & Development,Healthcare Representative,2,58,Male,Active Directory,Read,Stable,No,5,3,1,2,Non-Travel,Yes,3,12,2,15,Low
EMP0422,Research & Development,Healthcare Representative,2,58,Male,SAP,Read,Stable,No,5,3,1,2,Non-Travel,Yes,3,12,2,15,Low
EMP0422,Research & Development,Healthcare Representative,2,58,Male,SharePoint,Read,Stable,No,5,3,1,2,Non-Travel,Yes,3,12,2,15,Low
EMP0422,Research & Development,Healthcare Representative,2,58,Male,ServiceNow,Read,Stable,No,5,3,1,2,Non-Travel,Yes,3,12,2,15,Low
EMP0422,Research & Development,Healthcare Representative,2,58,Male,Lab Systems,Read,Stable,No,5,3,1,2,Non-Travel,Yes,3,12,2,15,Low
EMP0423,Research & Development,Research Scientist,1,31,Male,Active Directory,Write,Stable,No,5,2,0,3,Travel_Rarely,Yes,3,6,4,30,Medium
EMP0423,Research & Development,Research Scientist,1,31,Male,SAP,Write,Stable,No,5,2,0,3,Travel_Rarely,Yes,3,6,4,30,Medium
EMP0423,Research & Development,Research Scientist,1,31,Male,SharePoint,Write,Stable,No,5,2,0,3,Travel_Rarely,Yes,3,6,4,30,Medium
EMP0423,Research & Development,Research Scientist,1,31,Male,ServiceNow,Write,Stable,No,5,2,0,3,Travel_Rarely,Yes,3,6,4,30,Medium
EMP0423,Research & Development,Research Scientist,1,31,Male,Lab Systems,Write,Stable,No,5,2,0,3,Travel_Rarely,Yes,3,6,4,30,Medium
EMP0424,Human Resources,Human Resources,2,31,Male,Active Directory,Read,Stable,No,2,2,1,0,Travel_Rarely,No,3,9,1,20,Low
EMP0424,Human Resources,Human Resources,2,31,Male,Workday,Read,Stable,No,2,2,1,0,Travel_Rarely,No,3,9,1,20,Low
EMP0424,Human Resources,Human Resources,2,31,Male,SharePoint,Read,Stable,No,2,2,1,0,Travel_Rarely,No,3,9,1,20,Low
EMP0424,Human Resources,Human Resources,2,31,Male,ServiceNow,Read,Stable,No,2,2,1,0,Travel_Rarely,No,3,9,1,20,Low
EMP0424,Human Resources,Human Resources,2,31,Male,HR Portal,Read,Stable,No,2,2,1,0,Travel_Rarely,No,3,9,1,20,Low
EMP0425,Research & Development,Laboratory Technician,3,45,Male,Active Directory,Read,Stable,No,24,9,9,11,Travel_Frequently,No,3,24,2,30,Medium
EMP0425,Research & Development,Laboratory Technician,3,45,Male,SAP,Read,Stable,No,24,9,9,11,Travel_Frequently,No,3,24,2,30,Medium
EMP0425,Research & Development,Laboratory Technician,3,45,Male,SharePoint,Read,Stable,No,24,9,9,11,Travel_Frequently,No,3,24,2,30,Medium
EMP0425,Research & Development,Laboratory Technician,3,45,Male,ServiceNow,Read,Stable,No,24,9,9,11,Travel_Frequently,No,3,24,2,30,Medium
EMP0425,Research & Development,Laboratory Technician,3,45,Male,Lab Systems,Read,Stable,No,24,9,9,11,Travel_Frequently,No,3,24,2,30,Medium
EMP0426,Research & Development,Research Scientist,1,31,Male,Active Directory,Write,Stable,No,2,2,2,2,Travel_Rarely,Yes,3,3,2,30,Medium
EMP0426,Research & Development,Research Scientist,1,31,Male,SAP,Write,Stable,No,2,2,2,2,Travel_Rarely,Yes,3,3,2,30,Medium
EMP0426,Research & Development,Research Scientist,1,31,Male,SharePoint,Write,Stable,No,2,2,2,2,Travel_Rarely,Yes,3,3,2,30,Medium
EMP0426,Research & Development,Research Scientist,1,31,Male,ServiceNow,Write,Stable,No,2,2,2,2,Travel_Rarely,Yes,3,3,2,30,Medium
EMP0426,Research & Development,Research Scientist,1,31,Male,Lab Systems,Write,Stable,No,2,2,2,2,Travel_Rarely,Yes,3,3,2,30,Medium
EMP0428,Research & Development,Manager,3,33,Female,Active Directory,Write,Stable,No,10,6,8,8,Travel_Frequently,No,3,12,2,35,Medium
EMP0428,Research & Development,Manager,3,33,Female,SAP,Write,Stable,No,10,6,8,8,Travel_Frequently,No,3,12,2,35,Medium
EMP0428,Research & Development,Manager,3,33,Female,SharePoint,Write,Stable,No,10,6,8,8,Travel_Frequently,No,3,12,2,35,Medium
EMP0428,Research & Development,Manager,3,33,Female,ServiceNow,Write,Stable,No,10,6,8,8,Travel_Frequently,No,3,12,2,35,Medium
EMP0428,Research & Development,Manager,3,33,Female,Lab Systems,Write,Stable,No,10,6,8,8,Travel_Frequently,No,3,12,2,35,Medium
EMP0429,Research & Development,Manager,4,39,Male,Active Directory,Write,Stable,No,21,9,11,10,Travel_Rarely,Yes,3,21,3,45,Medium
EMP0429,Research & Development,Manager,4,39,Male,SAP,Write,Stable,No,21,9,11,10,Travel_Rarely,Yes,3,21,3,45,Medium
EMP0429,Research & Development,Manager,4,39,Male,SharePoint,Write,Stable,No,21,9,11,10,Travel_Rarely,Yes,3,21,3,45,Medium
EMP0429,Research & Development,Manager,4,39,Male,ServiceNow,Write,Stable,No,21,9,11,10,Travel_Rarely,Yes,3,21,3,45,Medium
EMP0429,Research & Development,Manager,4,39,Male,Lab Systems,Write,Stable,No,21,9,11,10,Travel_Rarely,Yes,3,21,3,45,Medium
EMP0430,Research & Development,Laboratory Technician,1,43,Female,Active Directory,Read,Stable,No,8,7,1,7,Travel_Frequently,No,3,9,5,25,Low
EMP0430,Research & Development,Laboratory Technician,1,43,Female,SAP,Read,Stable,No,8,7,1,7,Travel_Frequently,No,3,9,5,25,Low
EMP0430,Research & Development,Laboratory Technician,1,43,Female,SharePoint,Read,Stable,No,8,7,1,7,Travel_Frequently,No,3,9,5,25,Low
EMP0430,Research & Development,Laboratory Technician,1,43,Female,ServiceNow,Read,Stable,No,8,7,1,7,Travel_Frequently,No,3,9,5,25,Low
EMP0430,Research & Development,Laboratory Technician,1,43,Female,Lab Systems,Read,Stable,No,8,7,1,7,Travel_Frequently,No,3,9,5,25,Low
EMP0431,Research & Development,Healthcare Representative,4,49,Female,Active Directory,Read,Mover,No,7,1,0,7,Travel_Rarely,Yes,3,25,2,50,High
EMP0431,Research & Development,Healthcare Representative,4,49,Female,SAP,Read,Mover,No,7,1,0,7,Travel_Rarely,Yes,3,25,2,50,High
EMP0431,Research & Development,Healthcare Representative,4,49,Female,SharePoint,Read,Mover,No,7,1,0,7,Travel_Rarely,Yes,3,25,2,50,High
EMP0431,Research & Development,Healthcare Representative,4,49,Female,ServiceNow,Read,Mover,No,7,1,0,7,Travel_Rarely,Yes,3,25,2,50,High
EMP0431,Research & Development,Healthcare Representative,4,49,Female,Lab Systems,Read,Mover,No,7,1,0,7,Travel_Rarely,Yes,3,25,2,50,High
EMP0433,Research & Development,Research Scientist,2,52,Male,Active Directory,Write,Leaver,Yes,8,2,7,7,Travel_Rarely,No,3,11,3,70,Critical
EMP0433,Research & Development,Research Scientist,2,52,Male,SAP,Write,Leaver,Yes,8,2,7,7,Travel_Rarely,No,3,11,3,70,Critical
EMP0433,Research & Development,Research Scientist,2,52,Male,SharePoint,Write,Leaver,Yes,8,2,7,7,Travel_Rarely,No,3,11,3,70,Critical
EMP0433,Research & Development,Research Scientist,2,52,Male,ServiceNow,Write,Leaver,Yes,8,2,7,7,Travel_Rarely,No,3,11,3,70,Critical
EMP0433,Research & Development,Research Scientist,2,52,Male,Lab Systems,Write,Leaver,Yes,8,2,7,7,Travel_Rarely,No,3,11,3,70,Critical
EMP0434,Research & Development,Research Scientist,1,27,Female,Active Directory,Write,Stable,No,4,3,1,2,Travel_Rarely,Yes,3,4,2,30,Medium
EMP0434,Research & Development,Research Scientist,1,27,Female,SAP,Write,Stable,No,4,3,1,2,Travel_Rarely,Yes,3,4,2,30,Medium
EMP0434,Research & Development,Research Scientist,1,27,Female,SharePoint,Write,Stable,No,4,3,1,2,Travel_Rarely,Yes,3,4,2,30,Medium
EMP0434,Research & Development,Research Scientist,1,27,Female,ServiceNow,Write,Stable,No,4,3,1,2,Travel_Rarely,Yes,3,4,2,30,Medium
EMP0434,Research & Development,Research Scientist,1,27,Female,Lab Systems,Write,Stable,No,4,3,1,2,Travel_Rarely,Yes,3,4,2,30,Medium
EMP0436,Sales,Sales Executive,2,32,Female,Active Directory,Write,Stable,No,13,12,11,9,Travel_Rarely,Yes,3,13,2,45,Medium
EMP0436,Sales,Sales Executive,2,32,Female,Salesforce,Write,Stable,No,13,12,11,9,Travel_Rarely,Yes,3,13,2,45,Medium
EMP0436,Sales,Sales Executive,2,32,Female,SharePoint,Write,Stable,No,13,12,11,9,Travel_Rarely,Yes,3,13,2,45,Medium
EMP0436,Sales,Sales Executive,2,32,Female,ServiceNow,Write,Stable,No,13,12,11,9,Travel_Rarely,Yes,3,13,2,45,Medium
EMP0436,Sales,Sales Executive,2,32,Female,CRM Portal,Write,Stable,No,13,12,11,9,Travel_Rarely,Yes,3,13,2,45,Medium
EMP0437,Sales,Sales Executive,2,27,Male,Active Directory,Write,Stable,No,5,4,0,4,Travel_Rarely,Yes,3,5,3,30,Medium
EMP0437,Sales,Sales Executive,2,27,Male,Salesforce,Write,Stable,No,5,4,0,4,Travel_Rarely,Yes,3,5,3,30,Medium
EMP0437,Sales,Sales Executive,2,27,Male,SharePoint,Write,Stable,No,5,4,0,4,Travel_Rarely,Yes,3,5,3,30,Medium
EMP0437,Sales,Sales Executive,2,27,Male,ServiceNow,Write,Stable,No,5,4,0,4,Travel_Rarely,Yes,3,5,3,30,Medium
EMP0437,Sales,Sales Executive,2,27,Male,CRM Portal,Write,Stable,No,5,4,0,4,Travel_Rarely,Yes,3,5,3,30,Medium
EMP0438,Sales,Sales Executive,2,31,Male,Active Directory,Write,Stable,No,7,7,1,7,Travel_Rarely,No,3,13,3,30,Medium
EMP0438,Sales,Sales Executive,2,31,Male,Salesforce,Write,Stable,No,7,7,1,7,Travel_Rarely,No,3,13,3,30,Medium
EMP0438,Sales,Sales Executive,2,31,Male,SharePoint,Write,Stable,No,7,7,1,7,Travel_Rarely,No,3,13,3,30,Medium
EMP0438,Sales,Sales Executive,2,31,Male,ServiceNow,Write,Stable,No,7,7,1,7,Travel_Rarely,No,3,13,3,30,Medium
EMP0438,Sales,Sales Executive,2,31,Male,CRM Portal,Write,Stable,No,7,7,1,7,Travel_Rarely,No,3,13,3,30,Medium
EMP0439,Research & Development,Research Scientist,2,32,Female,Active Directory,Write,Stable,No,7,7,0,7,Travel_Rarely,No,3,10,0,30,Medium
EMP0439,Research & Development,Research Scientist,2,32,Female,SAP,Write,Stable,No,7,7,0,7,Travel_Rarely,No,3,10,0,30,Medium
EMP0439,Research & Development,Research Scientist,2,32,Female,SharePoint,Write,Stable,No,7,7,0,7,Travel_Rarely,No,3,10,0,30,Medium
EMP0439,Research & Development,Research Scientist,2,32,Female,ServiceNow,Write,Stable,No,7,7,0,7,Travel_Rarely,No,3,10,0,30,Medium
EMP0439,Research & Development,Research Scientist,2,32,Female,Lab Systems,Write,Stable,No,7,7,0,7,Travel_Rarely,No,3,10,0,30,Medium
EMP0440,Research & Development,Research Scientist,1,28,Male,Active Directory,Write,Leaver,Yes,3,2,2,2,Travel_Rarely,Yes,3,5,4,70,Critical
EMP0440,Research & Development,Research Scientist,1,28,Male,SAP,Write,Leaver,Yes,3,2,2,2,Travel_Rarely,Yes,3,5,4,70,Critical
EMP0440,Research & Development,Research Scientist,1,28,Male,SharePoint,Write,Leaver,Yes,3,2,2,2,Travel_Rarely,Yes,3,5,4,70,Critical
EMP0440,Research & Development,Research Scientist,1,28,Male,ServiceNow,Write,Leaver,Yes,3,2,2,2,Travel_Rarely,Yes,3,5,4,70,Critical
EMP0440,Research & Development,Research Scientist,1,28,Male,Lab Systems,Write,Leaver,Yes,3,2,2,2,Travel_Rarely,Yes,3,5,4,70,Critical
EMP0441,Research & Development,Research Scientist,2,30,Female,Active Directory,Write,Stable,No,10,8,1,9,Travel_Rarely,No,3,11,2,30,Medium
EMP0441,Research & Development,Research Scientist,2,30,Female,SAP,Write,Stable,No,10,8,1,9,Travel_Rarely,No,3,11,2,30,Medium
EMP0441,Research & Development,Research Scientist,2,30,Female,SharePoint,Write,Stable,No,10,8,1,9,Travel_Rarely,No,3,11,2,30,Medium
EMP0441,Research & Development,Research Scientist,2,30,Female,ServiceNow,Write,Stable,No,10,8,1,9,Travel_Rarely,No,3,11,2,30,Medium
EMP0441,Research & Development,Research Scientist,2,30,Female,Lab Systems,Write,Stable,No,10,8,1,9,Travel_Rarely,No,3,11,2,30,Medium
EMP0442,Research & Development,Manufacturing Director,3,31,Female,Active Directory,Write,Stable,No,10,9,8,9,Travel_Frequently,No,4,10,2,35,Medium
EMP0442,Research & Development,Manufacturing Director,3,31,Female,SAP,Write,Stable,No,10,9,8,9,Travel_Frequently,No,4,10,2,35,Medium
EMP0442,Research & Development,Manufacturing Director,3,31,Female,SharePoint,Write,Stable,No,10,9,8,9,Travel_Frequently,No,4,10,2,35,Medium
EMP0442,Research & Development,Manufacturing Director,3,31,Female,ServiceNow,Write,Stable,No,10,9,8,9,Travel_Frequently,No,4,10,2,35,Medium
EMP0442,Research & Development,Manufacturing Director,3,31,Female,Lab Systems,Write,Stable,No,10,9,8,9,Travel_Frequently,No,4,10,2,35,Medium
EMP0444,Research & Development,Manager,5,39,Male,Active Directory,Write,Stable,No,21,9,13,3,Travel_Frequently,No,3,21,2,40,Medium
EMP0444,Research & Development,Manager,5,39,Male,SAP,Write,Stable,No,21,9,13,3,Travel_Frequently,No,3,21,2,40,Medium
EMP0444,Research & Development,Manager,5,39,Male,SharePoint,Write,Stable,No,21,9,13,3,Travel_Frequently,No,3,21,2,40,Medium
EMP0444,Research & Development,Manager,5,39,Male,ServiceNow,Write,Stable,No,21,9,13,3,Travel_Frequently,No,3,21,2,40,Medium
EMP0444,Research & Development,Manager,5,39,Male,Lab Systems,Write,Stable,No,21,9,13,3,Travel_Frequently,No,3,21,2,40,Medium
EMP0445,Sales,Sales Executive,2,39,Female,Active Directory,Write,Leaver,Yes,1,0,0,0,Travel_Rarely,Yes,3,12,3,80,Critical
EMP0445,Sales,Sales Executive,2,39,Female,Salesforce,Write,Leaver,Yes,1,0,0,0,Travel_Rarely,Yes,3,12,3,80,Critical
EMP0445,Sales,Sales Executive,2,39,Female,SharePoint,Write,Leaver,Yes,1,0,0,0,Travel_Rarely,Yes,3,12,3,80,Critical
EMP0445,Sales,Sales Executive,2,39,Female,ServiceNow,Write,Leaver,Yes,1,0,0,0,Travel_Rarely,Yes,3,12,3,80,Critical
EMP0445,Sales,Sales Executive,2,39,Female,CRM Portal,Write,Leaver,Yes,1,0,0,0,Travel_Rarely,Yes,3,12,3,80,Critical
EMP0446,Sales,Sales Executive,2,33,Male,Active Directory,Write,Stable,No,7,7,0,1,Travel_Frequently,No,3,9,6,45,Medium
EMP0446,Sales,Sales Executive,2,33,Male,Salesforce,Write,Stable,No,7,7,0,1,Travel_Frequently,No,3,9,6,45,Medium
EMP0446,Sales,Sales Executive,2,33,Male,SharePoint,Write,Stable,No,7,7,0,1,Travel_Frequently,No,3,9,6,45,Medium
EMP0446,Sales,Sales Executive,2,33,Male,ServiceNow,Write,Stable,No,7,7,0,1,Travel_Frequently,No,3,9,6,45,Medium
EMP0446,Sales,Sales Executive,2,33,Male,CRM Portal,Write,Stable,No,7,7,0,1,Travel_Frequently,No,3,9,6,45,Medium
EMP0447,Research & Development,Research Director,5,47,Male,Active Directory,Admin,Stable,No,3,2,1,1,Travel_Rarely,No,3,21,2,45,Medium
EMP0447,Research & Development,Research Director,5,47,Male,SAP,Admin,Stable,No,3,2,1,1,Travel_Rarely,No,3,21,2,45,Medium
EMP0447,Research & Development,Research Director,5,47,Male,SharePoint,Admin,Stable,No,3,2,1,1,Travel_Rarely,No,3,21,2,45,Medium
EMP0447,Research & Development,Research Director,5,47,Male,ServiceNow,Admin,Stable,No,3,2,1,1,Travel_Rarely,No,3,21,2,45,Medium
EMP0447,Research & Development,Research Director,5,47,Male,Lab Systems,Admin,Stable,No,3,2,1,1,Travel_Rarely,No,3,21,2,45,Medium
EMP0448,Research & Development,Laboratory Technician,2,43,Female,Active Directory,Read,Stable,No,9,7,0,0,Travel_Frequently,No,3,9,3,35,Medium
EMP0448,Research & Development,Laboratory Technician,2,43,Female,SAP,Read,Stable,No,9,7,0,0,Travel_Frequently,No,3,9,3,35,Medium
EMP0448,Research & Development,Laboratory Technician,2,43,Female,SharePoint,Read,Stable,No,9,7,0,0,Travel_Frequently,No,3,9,3,35,Medium
EMP0448,Research & Development,Laboratory Technician,2,43,Female,ServiceNow,Read,Stable,No,9,7,0,0,Travel_Frequently,No,3,9,3,35,Medium
EMP0448,Research & Development,Laboratory Technician,2,43,Female,Lab Systems,Read,Stable,No,9,7,0,0,Travel_Frequently,No,3,9,3,35,Medium
EMP0449,Sales,Sales Executive,2,27,Male,Active Directory,Write,Stable,No,5,4,1,4,Non-Travel,Yes,3,6,0,25,Low
EMP0449,Sales,Sales Executive,2,27,Male,Salesforce,Write,Stable,No,5,4,1,4,Non-Travel,Yes,3,6,0,25,Low
EMP0449,Sales,Sales Executive,2,27,Male,SharePoint,Write,Stable,No,5,4,1,4,Non-Travel,Yes,3,6,0,25,Low
EMP0449,Sales,Sales Executive,2,27,Male,ServiceNow,Write,Stable,No,5,4,1,4,Non-Travel,Yes,3,6,0,25,Low
EMP0449,Sales,Sales Executive,2,27,Male,CRM Portal,Write,Stable,No,5,4,1,4,Non-Travel,Yes,3,6,0,25,Low
EMP0450,Research & Development,Research Scientist,2,54,Female,Active Directory,Write,Stable,No,4,3,0,3,Travel_Frequently,No,3,20,4,25,Low
EMP0450,Research & Development,Research Scientist,2,54,Female,SAP,Write,Stable,No,4,3,0,3,Travel_Frequently,No,3,20,4,25,Low
EMP0450,Research & Development,Research Scientist,2,54,Female,SharePoint,Write,Stable,No,4,3,0,3,Travel_Frequently,No,3,20,4,25,Low
EMP0450,Research & Development,Research Scientist,2,54,Female,ServiceNow,Write,Stable,No,4,3,0,3,Travel_Frequently,No,3,20,4,25,Low
EMP0450,Research & Development,Research Scientist,2,54,Female,Lab Systems,Write,Stable,No,4,3,0,3,Travel_Frequently,No,3,20,4,25,Low
EMP0451,Research & Development,Healthcare Representative,3,43,Female,Active Directory,Read,Mover,No,1,0,0,0,Travel_Rarely,No,3,10,1,40,Medium
EMP0451,Research & Development,Healthcare Representative,3,43,Female,SAP,Read,Mover,No,1,0,0,0,Travel_Rarely,No,3,10,1,40,Medium
EMP0451,Research & Development,Healthcare Representative,3,43,Female,SharePoint,Read,Mover,No,1,0,0,0,Travel_Rarely,No,3,10,1,40,Medium
EMP0451,Research & Development,Healthcare Representative,3,43,Female,ServiceNow,Read,Mover,No,1,0,0,0,Travel_Rarely,No,3,10,1,40,Medium
EMP0451,Research & Development,Healthcare Representative,3,43,Female,Lab Systems,Read,Mover,No,1,0,0,0,Travel_Rarely,No,3,10,1,40,Medium
EMP0452,Research & Development,Research Scientist,2,45,Male,Active Directory,Write,Stable,No,10,9,9,8,Travel_Rarely,No,3,12,3,30,Medium
EMP0452,Research & Development,Research Scientist,2,45,Male,SAP,Write,Stable,No,10,9,9,8,Travel_Rarely,No,3,12,3,30,Medium
EMP0452,Research & Development,Research Scientist,2,45,Male,SharePoint,Write,Stable,No,10,9,9,8,Travel_Rarely,No,3,12,3,30,Medium
EMP0452,Research & Development,Research Scientist,2,45,Male,ServiceNow,Write,Stable,No,10,9,9,8,Travel_Rarely,No,3,12,3,30,Medium
EMP0452,Research & Development,Research Scientist,2,45,Male,Lab Systems,Write,Stable,No,10,9,9,8,Travel_Rarely,No,3,12,3,30,Medium
EMP0453,Sales,Sales Executive,2,40,Male,Active Directory,Write,Stable,No,4,3,0,2,Travel_Rarely,Yes,4,6,2,30,Medium
EMP0453,Sales,Sales Executive,2,40,Male,Salesforce,Write,Stable,No,4,3,0,2,Travel_Rarely,Yes,4,6,2,30,Medium
EMP0453,Sales,Sales Executive,2,40,Male,SharePoint,Write,Stable,No,4,3,0,2,Travel_Rarely,Yes,4,6,2,30,Medium
EMP0453,Sales,Sales Executive,2,40,Male,ServiceNow,Write,Stable,No,4,3,0,2,Travel_Rarely,Yes,4,6,2,30,Medium
EMP0453,Sales,Sales Executive,2,40,Male,CRM Portal,Write,Stable,No,4,3,0,2,Travel_Rarely,Yes,4,6,2,30,Medium
EMP0454,Research & Development,Laboratory Technician,1,29,Male,Active Directory,Read,Leaver,Yes,7,7,0,7,Travel_Rarely,Yes,3,7,4,70,Critical
EMP0454,Research & Development,Laboratory Technician,1,29,Male,SAP,Read,Leaver,Yes,7,7,0,7,Travel_Rarely,Yes,3,7,4,70,Critical
EMP0454,Research & Development,Laboratory Technician,1,29,Male,SharePoint,Read,Leaver,Yes,7,7,0,7,Travel_Rarely,Yes,3,7,4,70,Critical
EMP0454,Research & Development,Laboratory Technician,1,29,Male,ServiceNow,Read,Leaver,Yes,7,7,0,7,Travel_Rarely,Yes,3,7,4,70,Critical
EMP0454,Research & Development,Laboratory Technician,1,29,Male,Lab Systems,Read,Leaver,Yes,7,7,0,7,Travel_Rarely,Yes,3,7,4,70,Critical
EMP0455,Research & Development,Laboratory Technician,1,29,Male,Active Directory,Read,Stable,No,3,2,2,2,Travel_Rarely,No,3,4,2,10,Low
EMP0455,Research & Development,Laboratory Technician,1,29,Male,SAP,Read,Stable,No,3,2,2,2,Travel_Rarely,No,3,4,2,10,Low
EMP0455,Research & Development,Laboratory Technician,1,29,Male,SharePoint,Read,Stable,No,3,2,2,2,Travel_Rarely,No,3,4,2,10,Low
EMP0455,Research & Development,Laboratory Technician,1,29,Male,ServiceNow,Read,Stable,No,3,2,2,2,Travel_Rarely,No,3,4,2,10,Low
EMP0455,Research & Development,Laboratory Technician,1,29,Male,Lab Systems,Read,Stable,No,3,2,2,2,Travel_Rarely,No,3,4,2,10,Low
EMP0456,Sales,Sales Executive,2,30,Female,Active Directory,Write,Stable,No,10,9,1,2,Travel_Rarely,No,3,10,2,30,Medium
EMP0456,Sales,Sales Executive,2,30,Female,Salesforce,Write,Stable,No,10,9,1,2,Travel_Rarely,No,3,10,2,30,Medium
EMP0456,Sales,Sales Executive,2,30,Female,SharePoint,Write,Stable,No,10,9,1,2,Travel_Rarely,No,3,10,2,30,Medium
EMP0456,Sales,Sales Executive,2,30,Female,ServiceNow,Write,Stable,No,10,9,1,2,Travel_Rarely,No,3,10,2,30,Medium
EMP0456,Sales,Sales Executive,2,30,Female,CRM Portal,Write,Stable,No,10,9,1,2,Travel_Rarely,No,3,10,2,30,Medium
EMP0458,Sales,Sales Executive,2,27,Female,Active Directory,Write,Stable,No,8,7,0,7,Travel_Rarely,No,3,8,3,30,Medium
EMP0458,Sales,Sales Executive,2,27,Female,Salesforce,Write,Stable,No,8,7,0,7,Travel_Rarely,No,3,8,3,30,Medium
EMP0458,Sales,Sales Executive,2,27,Female,SharePoint,Write,Stable,No,8,7,0,7,Travel_Rarely,No,3,8,3,30,Medium
EMP0458,Sales,Sales Executive,2,27,Female,ServiceNow,Write,Stable,No,8,7,0,7,Travel_Rarely,No,3,8,3,30,Medium
EMP0458,Sales,Sales Executive,2,27,Female,CRM Portal,Write,Stable,No,8,7,0,7,Travel_Rarely,No,3,8,3,30,Medium
EMP0460,Research & Development,Manufacturing Director,2,37,Male,Active Directory,Write,Stable,No,6,2,0,4,Travel_Rarely,No,3,8,2,30,Medium
EMP0460,Research & Development,Manufacturing Director,2,37,Male,SAP,Write,Stable,No,6,2,0,4,Travel_Rarely,No,3,8,2,30,Medium
EMP0460,Research & Development,Manufacturing Director,2,37,Male,SharePoint,Write,Stable,No,6,2,0,4,Travel_Rarely,No,3,8,2,30,Medium
EMP0460,Research & Development,Manufacturing Director,2,37,Male,ServiceNow,Write,Stable,No,6,2,0,4,Travel_Rarely,No,3,8,2,30,Medium
EMP0460,Research & Development,Manufacturing Director,2,37,Male,Lab Systems,Write,Stable,No,6,2,0,4,Travel_Rarely,No,3,8,2,30,Medium
EMP0461,Research & Development,Research Director,3,38,Male,Active Directory,Admin,Stable,No,11,10,2,9,Travel_Rarely,Yes,3,12,3,60,High
EMP0461,Research & Development,Research Director,3,38,Male,SAP,Admin,Stable,No,11,10,2,9,Travel_Rarely,Yes,3,12,3,60,High
EMP0461,Research & Development,Research Director,3,38,Male,SharePoint,Admin,Stable,No,11,10,2,9,Travel_Rarely,Yes,3,12,3,60,High
EMP0461,Research & Development,Research Director,3,38,Male,ServiceNow,Admin,Stable,No,11,10,2,9,Travel_Rarely,Yes,3,12,3,60,High
EMP0461,Research & Development,Research Director,3,38,Male,Lab Systems,Admin,Stable,No,11,10,2,9,Travel_Rarely,Yes,3,12,3,60,High
EMP0462,Research & Development,Manufacturing Director,3,31,Female,Active Directory,Write,Stable,No,11,9,4,10,Travel_Rarely,Yes,3,11,2,45,Medium
EMP0462,Research & Development,Manufacturing Director,3,31,Female,SAP,Write,Stable,No,11,9,4,10,Travel_Rarely,Yes,3,11,2,45,Medium
EMP0462,Research & Development,Manufacturing Director,3,31,Female,SharePoint,Write,Stable,No,11,9,4,10,Travel_Rarely,Yes,3,11,2,45,Medium
EMP0462,Research & Development,Manufacturing Director,3,31,Female,ServiceNow,Write,Stable,No,11,9,4,10,Travel_Rarely,Yes,3,11,2,45,Medium
EMP0462,Research & Development,Manufacturing Director,3,31,Female,Lab Systems,Write,Stable,No,11,9,4,10,Travel_Rarely,Yes,3,11,2,45,Medium
EMP0463,Sales,Sales Executive,2,29,Female,Active Directory,Write,Stable,No,7,7,1,7,Travel_Rarely,Yes,3,7,2,40,Medium
EMP0463,Sales,Sales Executive,2,29,Female,Salesforce,Write,Stable,No,7,7,1,7,Travel_Rarely,Yes,3,7,2,40,Medium
EMP0463,Sales,Sales Executive,2,29,Female,SharePoint,Write,Stable,No,7,7,1,7,Travel_Rarely,Yes,3,7,2,40,Medium
EMP0463,Sales,Sales Executive,2,29,Female,ServiceNow,Write,Stable,No,7,7,1,7,Travel_Rarely,Yes,3,7,2,40,Medium
EMP0463,Sales,Sales Executive,2,29,Female,CRM Portal,Write,Stable,No,7,7,1,7,Travel_Rarely,Yes,3,7,2,40,Medium
EMP0464,Research & Development,Manufacturing Director,3,35,Male,Active Directory,Write,Stable,No,16,6,0,13,Travel_Rarely,No,3,17,5,35,Medium
EMP0464,Research & Development,Manufacturing Director,3,35,Male,SAP,Write,Stable,No,16,6,0,13,Travel_Rarely,No,3,17,5,35,Medium
EMP0464,Research & Development,Manufacturing Director,3,35,Male,SharePoint,Write,Stable,No,16,6,0,13,Travel_Rarely,No,3,17,5,35,Medium
EMP0464,Research & Development,Manufacturing Director,3,35,Male,ServiceNow,Write,Stable,No,16,6,0,13,Travel_Rarely,No,3,17,5,35,Medium
EMP0464,Research & Development,Manufacturing Director,3,35,Male,Lab Systems,Write,Stable,No,16,6,0,13,Travel_Rarely,No,3,17,5,35,Medium
EMP0465,Research & Development,Research Scientist,1,23,Male,Active Directory,Write,Stable,No,4,2,0,2,Travel_Rarely,No,3,4,2,20,Low
EMP0465,Research & Development,Research Scientist,1,23,Male,SAP,Write,Stable,No,4,2,0,2,Travel_Rarely,No,3,4,2,20,Low
EMP0465,Research & Development,Research Scientist,1,23,Male,SharePoint,Write,Stable,No,4,2,0,2,Travel_Rarely,No,3,4,2,20,Low
EMP0465,Research & Development,Research Scientist,1,23,Male,ServiceNow,Write,Stable,No,4,2,0,2,Travel_Rarely,No,3,4,2,20,Low
EMP0465,Research & Development,Research Scientist,1,23,Male,Lab Systems,Write,Stable,No,4,2,0,2,Travel_Rarely,No,3,4,2,20,Low
EMP0466,Research & Development,Manufacturing Director,2,41,Male,Active Directory,Write,Stable,No,5,4,1,2,Travel_Rarely,Yes,3,8,3,30,Medium
EMP0466,Research & Development,Manufacturing Director,2,41,Male,SAP,Write,Stable,No,5,4,1,2,Travel_Rarely,Yes,3,8,3,30,Medium
EMP0466,Research & Development,Manufacturing Director,2,41,Male,SharePoint,Write,Stable,No,5,4,1,2,Travel_Rarely,Yes,3,8,3,30,Medium
EMP0466,Research & Development,Manufacturing Director,2,41,Male,ServiceNow,Write,Stable,No,5,4,1,2,Travel_Rarely,Yes,3,8,3,30,Medium
EMP0466,Research & Development,Manufacturing Director,2,41,Male,Lab Systems,Write,Stable,No,5,4,1,2,Travel_Rarely,Yes,3,8,3,30,Medium
EMP0467,Sales,Sales Representative,2,47,Male,Active Directory,Read,Mover,No,0,0,0,0,Travel_Frequently,No,3,5,3,45,Medium
EMP0467,Sales,Sales Representative,2,47,Male,Salesforce,Read,Mover,No,0,0,0,0,Travel_Frequently,No,3,5,3,45,Medium
EMP0467,Sales,Sales Representative,2,47,Male,SharePoint,Read,Mover,No,0,0,0,0,Travel_Frequently,No,3,5,3,45,Medium
EMP0467,Sales,Sales Representative,2,47,Male,ServiceNow,Read,Mover,No,0,0,0,0,Travel_Frequently,No,3,5,3,45,Medium
EMP0467,Sales,Sales Representative,2,47,Male,CRM Portal,Read,Mover,No,0,0,0,0,Travel_Frequently,No,3,5,3,45,Medium
EMP0468,Research & Development,Research Director,4,42,Female,Active Directory,Admin,Mover,No,1,0,0,0,Travel_Rarely,No,3,16,2,65,High
EMP0468,Research & Development,Research Director,4,42,Female,SAP,Admin,Mover,No,1,0,0,0,Travel_Rarely,No,3,16,2,65,High
EMP0468,Research & Development,Research Director,4,42,Female,SharePoint,Admin,Mover,No,1,0,0,0,Travel_Rarely,No,3,16,2,65,High
EMP0468,Research & Development,Research Director,4,42,Female,ServiceNow,Admin,Mover,No,1,0,0,0,Travel_Rarely,No,3,16,2,65,High
EMP0468,Research & Development,Research Director,4,42,Female,Lab Systems,Admin,Mover,No,1,0,0,0,Travel_Rarely,No,3,16,2,65,High
EMP0469,Sales,Sales Executive,2,29,Male,Active Directory,Write,Stable,No,4,3,0,2,Non-Travel,No,3,4,3,15,Low
EMP0469,Sales,Sales Executive,2,29,Male,Salesforce,Write,Stable,No,4,3,0,2,Non-Travel,No,3,4,3,15,Low
EMP0469,Sales,Sales Executive,2,29,Male,SharePoint,Write,Stable,No,4,3,0,2,Non-Travel,No,3,4,3,15,Low
EMP0469,Sales,Sales Executive,2,29,Male,ServiceNow,Write,Stable,No,4,3,0,2,Non-Travel,No,3,4,3,15,Low
EMP0469,Sales,Sales Executive,2,29,Male,CRM Portal,Write,Stable,No,4,3,0,2,Non-Travel,No,3,4,3,15,Low
EMP0470,Human Resources,Human Resources,1,42,Male,Active Directory,Read,Stable,No,3,2,1,0,Travel_Rarely,Yes,3,4,5,30,Medium
EMP0470,Human Resources,Human Resources,1,42,Male,Workday,Read,Stable,No,3,2,1,0,Travel_Rarely,Yes,3,4,5,30,Medium
EMP0470,Human Resources,Human Resources,1,42,Male,SharePoint,Read,Stable,No,3,2,1,0,Travel_Rarely,Yes,3,4,5,30,Medium
EMP0470,Human Resources,Human Resources,1,42,Male,ServiceNow,Read,Stable,No,3,2,1,0,Travel_Rarely,Yes,3,4,5,30,Medium
EMP0470,Human Resources,Human Resources,1,42,Male,HR Portal,Read,Stable,No,3,2,1,0,Travel_Rarely,Yes,3,4,5,30,Medium
EMP0471,Research & Development,Laboratory Technician,1,32,Female,Active Directory,Read,Mover,No,8,0,0,7,Travel_Rarely,No,3,8,4,40,Medium
EMP0471,Research & Development,Laboratory Technician,1,32,Female,SAP,Read,Mover,No,8,0,0,7,Travel_Rarely,No,3,8,4,40,Medium
EMP0471,Research & Development,Laboratory Technician,1,32,Female,SharePoint,Read,Mover,No,8,0,0,7,Travel_Rarely,No,3,8,4,40,Medium
EMP0471,Research & Development,Laboratory Technician,1,32,Female,ServiceNow,Read,Mover,No,8,0,0,7,Travel_Rarely,No,3,8,4,40,Medium
EMP0471,Research & Development,Laboratory Technician,1,32,Female,Lab Systems,Read,Mover,No,8,0,0,7,Travel_Rarely,No,3,8,4,40,Medium
EMP0473,Sales,Manager,3,48,Female,Active Directory,Write,Mover,No,0,0,0,0,Travel_Rarely,No,4,15,3,50,High
EMP0473,Sales,Manager,3,48,Female,Salesforce,Write,Mover,No,0,0,0,0,Travel_Rarely,No,4,15,3,50,High
EMP0473,Sales,Manager,3,48,Female,SharePoint,Write,Mover,No,0,0,0,0,Travel_Rarely,No,4,15,3,50,High
EMP0473,Sales,Manager,3,48,Female,ServiceNow,Write,Mover,No,0,0,0,0,Travel_Rarely,No,4,15,3,50,High
EMP0473,Sales,Manager,3,48,Female,CRM Portal,Write,Mover,No,0,0,0,0,Travel_Rarely,No,4,15,3,50,High
EMP0474,Research & Development,Research Scientist,2,37,Male,Active Directory,Write,Stable,No,7,7,6,7,Travel_Rarely,Yes,3,13,2,40,Medium
EMP0474,Research & Development,Research Scientist,2,37,Male,SAP,Write,Stable,No,7,7,6,7,Travel_Rarely,Yes,3,13,2,40,Medium
EMP0474,Research & Development,Research Scientist,2,37,Male,SharePoint,Write,Stable,No,7,7,6,7,Travel_Rarely,Yes,3,13,2,40,Medium
EMP0474,Research & Development,Research Scientist,2,37,Male,ServiceNow,Write,Stable,No,7,7,6,7,Travel_Rarely,Yes,3,13,2,40,Medium
EMP0474,Research & Development,Research Scientist,2,37,Male,Lab Systems,Write,Stable,No,7,7,6,7,Travel_Rarely,Yes,3,13,2,40,Medium
EMP0475,Sales,Sales Executive,2,30,Female,Active Directory,Write,Stable,No,2,2,2,2,Non-Travel,Yes,3,4,2,25,Low
EMP0475,Sales,Sales Executive,2,30,Female,Salesforce,Write,Stable,No,2,2,2,2,Non-Travel,Yes,3,4,2,25,Low
EMP0475,Sales,Sales Executive,2,30,Female,SharePoint,Write,Stable,No,2,2,2,2,Non-Travel,Yes,3,4,2,25,Low
EMP0475,Sales,Sales Executive,2,30,Female,ServiceNow,Write,Stable,No,2,2,2,2,Non-Travel,Yes,3,4,2,25,Low
EMP0475,Sales,Sales Executive,2,30,Female,CRM Portal,Write,Stable,No,2,2,2,2,Non-Travel,Yes,3,4,2,25,Low
EMP0476,Sales,Sales Executive,2,26,Male,Active Directory,Write,Stable,No,8,7,7,7,Travel_Rarely,No,3,8,3,30,Medium
EMP0476,Sales,Sales Executive,2,26,Male,Salesforce,Write,Stable,No,8,7,7,7,Travel_Rarely,No,3,8,3,30,Medium
EMP0476,Sales,Sales Executive,2,26,Male,SharePoint,Write,Stable,No,8,7,7,7,Travel_Rarely,No,3,8,3,30,Medium
EMP0476,Sales,Sales Executive,2,26,Male,ServiceNow,Write,Stable,No,8,7,7,7,Travel_Rarely,No,3,8,3,30,Medium
EMP0476,Sales,Sales Executive,2,26,Male,CRM Portal,Write,Stable,No,8,7,7,7,Travel_Rarely,No,3,8,3,30,Medium
EMP0477,Research & Development,Healthcare Representative,2,42,Male,Active Directory,Read,Mover,No,1,0,0,0,Travel_Rarely,No,4,14,6,40,Medium
EMP0477,Research & Development,Healthcare Representative,2,42,Male,SAP,Read,Mover,No,1,0,0,0,Travel_Rarely,No,4,14,6,40,Medium
EMP0477,Research & Development,Healthcare Representative,2,42,Male,SharePoint,Read,Mover,No,1,0,0,0,Travel_Rarely,No,4,14,6,40,Medium
EMP0477,Research & Development,Healthcare Representative,2,42,Male,ServiceNow,Read,Mover,No,1,0,0,0,Travel_Rarely,No,4,14,6,40,Medium
EMP0477,Research & Development,Healthcare Representative,2,42,Male,Lab Systems,Read,Mover,No,1,0,0,0,Travel_Rarely,No,4,14,6,40,Medium
EMP0478,Sales,Sales Representative,1,21,Female,Active Directory,Read,Leaver,Yes,3,2,1,2,Travel_Frequently,Yes,3,3,3,65,High
EMP0478,Sales,Sales Representative,1,21,Female,Salesforce,Read,Leaver,Yes,3,2,1,2,Travel_Frequently,Yes,3,3,3,65,High
EMP0478,Sales,Sales Representative,1,21,Female,SharePoint,Read,Leaver,Yes,3,2,1,2,Travel_Frequently,Yes,3,3,3,65,High
EMP0478,Sales,Sales Representative,1,21,Female,ServiceNow,Read,Leaver,Yes,3,2,1,2,Travel_Frequently,Yes,3,3,3,65,High
EMP0478,Sales,Sales Representative,1,21,Female,CRM Portal,Read,Leaver,Yes,3,2,1,2,Travel_Frequently,Yes,3,3,3,65,High
EMP0479,Sales,Sales Executive,2,36,Female,Active Directory,Write,Mover,No,1,0,0,0,Non-Travel,No,3,7,6,45,Medium
EMP0479,Sales,Sales Executive,2,36,Female,Salesforce,Write,Mover,No,1,0,0,0,Non-Travel,No,3,7,6,45,Medium
EMP0479,Sales,Sales Executive,2,36,Female,SharePoint,Write,Mover,No,1,0,0,0,Non-Travel,No,3,7,6,45,Medium
EMP0479,Sales,Sales Executive,2,36,Female,ServiceNow,Write,Mover,No,1,0,0,0,Non-Travel,No,3,7,6,45,Medium
EMP0479,Sales,Sales Executive,2,36,Female,CRM Portal,Write,Mover,No,1,0,0,0,Non-Travel,No,3,7,6,45,Medium
EMP0481,Sales,Sales Executive,3,36,Male,Active Directory,Write,Stable,No,13,9,1,12,Travel_Frequently,No,3,16,2,40,Medium
EMP0481,Sales,Sales Executive,3,36,Male,Salesforce,Write,Stable,No,13,9,1,12,Travel_Frequently,No,3,16,2,40,Medium
EMP0481,Sales,Sales Executive,3,36,Male,SharePoint,Write,Stable,No,13,9,1,12,Travel_Frequently,No,3,16,2,40,Medium
EMP0481,Sales,Sales Executive,3,36,Male,ServiceNow,Write,Stable,No,13,9,1,12,Travel_Frequently,No,3,16,2,40,Medium
EMP0481,Sales,Sales Executive,3,36,Male,CRM Portal,Write,Stable,No,13,9,1,12,Travel_Frequently,No,3,16,2,40,Medium
EMP0482,Research & Development,Healthcare Representative,2,57,Male,Active Directory,Read,Stable,No,3,2,1,2,Travel_Rarely,No,3,15,2,10,Low
EMP0482,Research & Development,Healthcare Representative,2,57,Male,SAP,Read,Stable,No,3,2,1,2,Travel_Rarely,No,3,15,2,10,Low
EMP0482,Research & Development,Healthcare Representative,2,57,Male,SharePoint,Read,Stable,No,3,2,1,2,Travel_Rarely,No,3,15,2,10,Low
EMP0482,Research & Development,Healthcare Representative,2,57,Male,ServiceNow,Read,Stable,No,3,2,1,2,Travel_Rarely,No,3,15,2,10,Low
EMP0482,Research & Development,Healthcare Representative,2,57,Male,Lab Systems,Read,Stable,No,3,2,1,2,Travel_Rarely,No,3,15,2,10,Low
EMP0483,Research & Development,Laboratory Technician,1,40,Female,Active Directory,Read,Stable,No,7,7,1,7,Travel_Rarely,Yes,3,10,3,30,Medium
EMP0483,Research & Development,Laboratory Technician,1,40,Female,SAP,Read,Stable,No,7,7,1,7,Travel_Rarely,Yes,3,10,3,30,Medium
EMP0483,Research & Development,Laboratory Technician,1,40,Female,SharePoint,Read,Stable,No,7,7,1,7,Travel_Rarely,Yes,3,10,3,30,Medium
EMP0483,Research & Development,Laboratory Technician,1,40,Female,ServiceNow,Read,Stable,No,7,7,1,7,Travel_Rarely,Yes,3,10,3,30,Medium
EMP0483,Research & Development,Laboratory Technician,1,40,Female,Lab Systems,Read,Stable,No,7,7,1,7,Travel_Rarely,Yes,3,10,3,30,Medium
EMP0484,Sales,Sales Representative,1,21,Male,Active Directory,Read,Stable,No,3,2,2,2,Non-Travel,No,4,3,3,5,Low
EMP0484,Sales,Sales Representative,1,21,Male,Salesforce,Read,Stable,No,3,2,2,2,Non-Travel,No,4,3,3,5,Low
EMP0484,Sales,Sales Representative,1,21,Male,SharePoint,Read,Stable,No,3,2,2,2,Non-Travel,No,4,3,3,5,Low
EMP0484,Sales,Sales Representative,1,21,Male,ServiceNow,Read,Stable,No,3,2,2,2,Non-Travel,No,4,3,3,5,Low
EMP0484,Sales,Sales Representative,1,21,Male,CRM Portal,Read,Stable,No,3,2,2,2,Non-Travel,No,4,3,3,5,Low
EMP0485,Sales,Sales Representative,1,33,Female,Active Directory,Read,Leaver,Yes,1,0,0,0,Travel_Rarely,Yes,3,1,2,70,Critical
EMP0485,Sales,Sales Representative,1,33,Female,Salesforce,Read,Leaver,Yes,1,0,0,0,Travel_Rarely,Yes,3,1,2,70,Critical
EMP0485,Sales,Sales Representative,1,33,Female,SharePoint,Read,Leaver,Yes,1,0,0,0,Travel_Rarely,Yes,3,1,2,70,Critical
EMP0485,Sales,Sales Representative,1,33,Female,ServiceNow,Read,Leaver,Yes,1,0,0,0,Travel_Rarely,Yes,3,1,2,70,Critical
EMP0485,Sales,Sales Representative,1,33,Female,CRM Portal,Read,Leaver,Yes,1,0,0,0,Travel_Rarely,Yes,3,1,2,70,Critical
EMP0486,Research & Development,Laboratory Technician,1,37,Female,Active Directory,Read,Stable,No,5,4,0,3,Travel_Rarely,No,4,17,3,10,Low
EMP0486,Research & Development,Laboratory Technician,1,37,Female,SAP,Read,Stable,No,5,4,0,3,Travel_Rarely,No,4,17,3,10,Low
EMP0486,Research & Development,Laboratory Technician,1,37,Female,SharePoint,Read,Stable,No,5,4,0,3,Travel_Rarely,No,4,17,3,10,Low
EMP0486,Research & Development,Laboratory Technician,1,37,Female,ServiceNow,Read,Stable,No,5,4,0,3,Travel_Rarely,No,4,17,3,10,Low
EMP0486,Research & Development,Laboratory Technician,1,37,Female,Lab Systems,Read,Stable,No,5,4,0,3,Travel_Rarely,No,4,17,3,10,Low
EMP0487,Research & Development,Manufacturing Director,2,46,Female,Active Directory,Write,Mover,No,1,0,0,0,Non-Travel,No,3,7,2,45,Medium
EMP0487,Research & Development,Manufacturing Director,2,46,Female,SAP,Write,Mover,No,1,0,0,0,Non-Travel,No,3,7,2,45,Medium
EMP0487,Research & Development,Manufacturing Director,2,46,Female,SharePoint,Write,Mover,No,1,0,0,0,Non-Travel,No,3,7,2,45,Medium
EMP0487,Research & Development,Manufacturing Director,2,46,Female,ServiceNow,Write,Mover,No,1,0,0,0,Non-Travel,No,3,7,2,45,Medium
EMP0487,Research & Development,Manufacturing Director,2,46,Female,Lab Systems,Write,Mover,No,1,0,0,0,Non-Travel,No,3,7,2,45,Medium
EMP0488,Sales,Sales Executive,2,41,Male,Active Directory,Write,Leaver,Yes,8,7,7,7,Travel_Frequently,No,3,8,5,75,Critical
EMP0488,Sales,Sales Executive,2,41,Male,Salesforce,Write,Leaver,Yes,8,7,7,7,Travel_Frequently,No,3,8,5,75,Critical
EMP0488,Sales,Sales Executive,2,41,Male,SharePoint,Write,Leaver,Yes,8,7,7,7,Travel_Frequently,No,3,8,5,75,Critical
EMP0488,Sales,Sales Executive,2,41,Male,ServiceNow,Write,Leaver,Yes,8,7,7,7,Travel_Frequently,No,3,8,5,75,Critical
EMP0488,Sales,Sales Executive,2,41,Male,CRM Portal,Write,Leaver,Yes,8,7,7,7,Travel_Frequently,No,3,8,5,75,Critical
EMP0491,Research & Development,Healthcare Representative,3,50,Male,Active Directory,Read,Stable,No,4,3,1,3,Travel_Rarely,No,3,20,2,10,Low
EMP0491,Research & Development,Healthcare Representative,3,50,Male,SAP,Read,Stable,No,4,3,1,3,Travel_Rarely,No,3,20,2,10,Low
EMP0491,Research & Development,Healthcare Representative,3,50,Male,SharePoint,Read,Stable,No,4,3,1,3,Travel_Rarely,No,3,20,2,10,Low
EMP0491,Research & Development,Healthcare Representative,3,50,Male,ServiceNow,Read,Stable,No,4,3,1,3,Travel_Rarely,No,3,20,2,10,Low
EMP0491,Research & Development,Healthcare Representative,3,50,Male,Lab Systems,Read,Stable,No,4,3,1,3,Travel_Rarely,No,3,20,2,10,Low
EMP0492,Sales,Sales Executive,2,40,Male,Active Directory,Write,Leaver,Yes,6,4,1,0,Travel_Rarely,Yes,3,8,6,90,Critical
EMP0492,Sales,Sales Executive,2,40,Male,Salesforce,Write,Leaver,Yes,6,4,1,0,Travel_Rarely,Yes,3,8,6,90,Critical
EMP0492,Sales,Sales Executive,2,40,Male,SharePoint,Write,Leaver,Yes,6,4,1,0,Travel_Rarely,Yes,3,8,6,90,Critical
EMP0492,Sales,Sales Executive,2,40,Male,ServiceNow,Write,Leaver,Yes,6,4,1,0,Travel_Rarely,Yes,3,8,6,90,Critical
EMP0492,Sales,Sales Executive,2,40,Male,CRM Portal,Write,Leaver,Yes,6,4,1,0,Travel_Rarely,Yes,3,8,6,90,Critical
EMP0493,Research & Development,Research Scientist,1,31,Male,Active Directory,Write,Stable,No,2,2,2,2,Travel_Rarely,Yes,3,3,5,30,Medium
EMP0493,Research & Development,Research Scientist,1,31,Male,SAP,Write,Stable,No,2,2,2,2,Travel_Rarely,Yes,3,3,5,30,Medium
EMP0493,Research & Development,Research Scientist,1,31,Male,SharePoint,Write,Stable,No,2,2,2,2,Travel_Rarely,Yes,3,3,5,30,Medium
EMP0493,Research & Development,Research Scientist,1,31,Male,ServiceNow,Write,Stable,No,2,2,2,2,Travel_Rarely,Yes,3,3,5,30,Medium
EMP0493,Research & Development,Research Scientist,1,31,Male,Lab Systems,Write,Stable,No,2,2,2,2,Travel_Rarely,Yes,3,3,5,30,Medium
EMP0494,Sales,Sales Representative,1,21,Female,Active Directory,Read,Leaver,Yes,1,0,0,0,Travel_Rarely,No,3,1,0,60,High
EMP0494,Sales,Sales Representative,1,21,Female,Salesforce,Read,Leaver,Yes,1,0,0,0,Travel_Rarely,No,3,1,0,60,High
EMP0494,Sales,Sales Representative,1,21,Female,SharePoint,Read,Leaver,Yes,1,0,0,0,Travel_Rarely,No,3,1,0,60,High
EMP0494,Sales,Sales Representative,1,21,Female,ServiceNow,Read,Leaver,Yes,1,0,0,0,Travel_Rarely,No,3,1,0,60,High
EMP0494,Sales,Sales Representative,1,21,Female,CRM Portal,Read,Leaver,Yes,1,0,0,0,Travel_Rarely,No,3,1,0,60,High
EMP0495,Research & Development,Research Scientist,1,29,Male,Active Directory,Write,Stable,No,3,2,1,2,Travel_Rarely,No,3,6,4,20,Low
EMP0495,Research & Development,Research Scientist,1,29,Male,SAP,Write,Stable,No,3,2,1,2,Travel_Rarely,No,3,6,4,20,Low
EMP0495,Research & Development,Research Scientist,1,29,Male,SharePoint,Write,Stable,No,3,2,1,2,Travel_Rarely,No,3,6,4,20,Low
EMP0495,Research & Development,Research Scientist,1,29,Male,ServiceNow,Write,Stable,No,3,2,1,2,Travel_Rarely,No,3,6,4,20,Low
EMP0495,Research & Development,Research Scientist,1,29,Male,Lab Systems,Write,Stable,No,3,2,1,2,Travel_Rarely,No,3,6,4,20,Low
EMP0496,Research & Development,Healthcare Representative,2,35,Male,Active Directory,Read,Mover,No,1,1,0,0,Travel_Rarely,No,3,10,5,40,Medium
EMP0496,Research & Development,Healthcare Representative,2,35,Male,SAP,Read,Mover,No,1,1,0,0,Travel_Rarely,No,3,10,5,40,Medium
EMP0496,Research & Development,Healthcare Representative,2,35,Male,SharePoint,Read,Mover,No,1,1,0,0,Travel_Rarely,No,3,10,5,40,Medium
EMP0496,Research & Development,Healthcare Representative,2,35,Male,ServiceNow,Read,Mover,No,1,1,0,0,Travel_Rarely,No,3,10,5,40,Medium
EMP0496,Research & Development,Healthcare Representative,2,35,Male,Lab Systems,Read,Mover,No,1,1,0,0,Travel_Rarely,No,3,10,5,40,Medium
EMP0497,Research & Development,Laboratory Technician,1,27,Male,Active Directory,Read,Stable,No,5,2,0,4,Travel_Rarely,No,3,5,2,10,Low
EMP0497,Research & Development,Laboratory Technician,1,27,Male,SAP,Read,Stable,No,5,2,0,4,Travel_Rarely,No,3,5,2,10,Low
EMP0497,Research & Development,Laboratory Technician,1,27,Male,SharePoint,Read,Stable,No,5,2,0,4,Travel_Rarely,No,3,5,2,10,Low
EMP0497,Research & Development,Laboratory Technician,1,27,Male,ServiceNow,Read,Stable,No,5,2,0,4,Travel_Rarely,No,3,5,2,10,Low
EMP0497,Research & Development,Laboratory Technician,1,27,Male,Lab Systems,Read,Stable,No,5,2,0,4,Travel_Rarely,No,3,5,2,10,Low
EMP0498,Sales,Sales Executive,2,28,Male,Active Directory,Write,Stable,No,7,5,0,7,Travel_Rarely,No,3,7,1,30,Medium
EMP0498,Sales,Sales Executive,2,28,Male,Salesforce,Write,Stable,No,7,5,0,7,Travel_Rarely,No,3,7,1,30,Medium
EMP0498,Sales,Sales Executive,2,28,Male,SharePoint,Write,Stable,No,7,5,0,7,Travel_Rarely,No,3,7,1,30,Medium
EMP0498,Sales,Sales Executive,2,28,Male,ServiceNow,Write,Stable,No,7,5,0,7,Travel_Rarely,No,3,7,1,30,Medium
EMP0498,Sales,Sales Executive,2,28,Male,CRM Portal,Write,Stable,No,7,5,0,7,Travel_Rarely,No,3,7,1,30,Medium
EMP0499,Research & Development,Healthcare Representative,3,49,Male,Active Directory,Read,Stable,No,5,2,0,0,Travel_Rarely,No,4,26,2,20,Low
EMP0499,Research & Development,Healthcare Representative,3,49,Male,SAP,Read,Stable,No,5,2,0,0,Travel_Rarely,No,4,26,2,20,Low
EMP0499,Research & Development,Healthcare Representative,3,49,Male,SharePoint,Read,Stable,No,5,2,0,0,Travel_Rarely,No,4,26,2,20,Low
EMP0499,Research & Development,Healthcare Representative,3,49,Male,ServiceNow,Read,Stable,No,5,2,0,0,Travel_Rarely,No,4,26,2,20,Low
EMP0499,Research & Development,Healthcare Representative,3,49,Male,Lab Systems,Read,Stable,No,5,2,0,0,Travel_Rarely,No,4,26,2,20,Low
EMP0500,Sales,Sales Executive,2,51,Female,Active Directory,Write,Stable,No,7,7,0,7,Travel_Rarely,No,3,18,2,30,Medium
EMP0500,Sales,Sales Executive,2,51,Female,Salesforce,Write,Stable,No,7,7,0,7,Travel_Rarely,No,3,18,2,30,Medium
EMP0500,Sales,Sales Executive,2,51,Female,SharePoint,Write,Stable,No,7,7,0,7,Travel_Rarely,No,3,18,2,30,Medium
EMP0500,Sales,Sales Executive,2,51,Female,ServiceNow,Write,Stable,No,7,7,0,7,Travel_Rarely,No,3,18,2,30,Medium
EMP0500,Sales,Sales Executive,2,51,Female,CRM Portal,Write,Stable,No,7,7,0,7,Travel_Rarely,No,3,18,2,30,Medium
EMP0501,Research & Development,Research Scientist,1,36,Female,Active Directory,Write,Stable,No,2,2,2,2,Travel_Rarely,No,3,6,3,20,Low
EMP0501,Research & Development,Research Scientist,1,36,Female,SAP,Write,Stable,No,2,2,2,2,Travel_Rarely,No,3,6,3,20,Low
EMP0501,Research & Development,Research Scientist,1,36,Female,SharePoint,Write,Stable,No,2,2,2,2,Travel_Rarely,No,3,6,3,20,Low
EMP0501,Research & Development,Research Scientist,1,36,Female,ServiceNow,Write,Stable,No,2,2,2,2,Travel_Rarely,No,3,6,3,20,Low
EMP0501,Research & Development,Research Scientist,1,36,Female,Lab Systems,Write,Stable,No,2,2,2,2,Travel_Rarely,No,3,6,3,20,Low
EMP0502,Sales,Sales Executive,2,34,Male,Active Directory,Write,Leaver,Yes,5,2,0,4,Non-Travel,Yes,3,9,3,65,High
EMP0502,Sales,Sales Executive,2,34,Male,Salesforce,Write,Leaver,Yes,5,2,0,4,Non-Travel,Yes,3,9,3,65,High
EMP0502,Sales,Sales Executive,2,34,Male,SharePoint,Write,Leaver,Yes,5,2,0,4,Non-Travel,Yes,3,9,3,65,High
EMP0502,Sales,Sales Executive,2,34,Male,ServiceNow,Write,Leaver,Yes,5,2,0,4,Non-Travel,Yes,3,9,3,65,High
EMP0502,Sales,Sales Executive,2,34,Male,CRM Portal,Write,Leaver,Yes,5,2,0,4,Non-Travel,Yes,3,9,3,65,High
EMP0505,Research & Development,Manager,4,55,Female,Active Directory,Write,Stable,No,5,4,1,2,Travel_Rarely,Yes,3,30,2,30,Medium
EMP0505,Research & Development,Manager,4,55,Female,SAP,Write,Stable,No,5,4,1,2,Travel_Rarely,Yes,3,30,2,30,Medium
EMP0505,Research & Development,Manager,4,55,Female,SharePoint,Write,Stable,No,5,4,1,2,Travel_Rarely,Yes,3,30,2,30,Medium
EMP0505,Research & Development,Manager,4,55,Female,ServiceNow,Write,Stable,No,5,4,1,2,Travel_Rarely,Yes,3,30,2,30,Medium
EMP0505,Research & Development,Manager,4,55,Female,Lab Systems,Write,Stable,No,5,4,1,2,Travel_Rarely,Yes,3,30,2,30,Medium
EMP0507,Sales,Sales Executive,2,24,Female,Active Directory,Write,Stable,No,5,2,0,3,Travel_Rarely,Yes,3,5,2,30,Medium
EMP0507,Sales,Sales Executive,2,24,Female,Salesforce,Write,Stable,No,5,2,0,3,Travel_Rarely,Yes,3,5,2,30,Medium
EMP0507,Sales,Sales Executive,2,24,Female,SharePoint,Write,Stable,No,5,2,0,3,Travel_Rarely,Yes,3,5,2,30,Medium
EMP0507,Sales,Sales Executive,2,24,Female,ServiceNow,Write,Stable,No,5,2,0,3,Travel_Rarely,Yes,3,5,2,30,Medium
EMP0507,Sales,Sales Executive,2,24,Female,CRM Portal,Write,Stable,No,5,2,0,3,Travel_Rarely,Yes,3,5,2,30,Medium
EMP0508,Sales,Sales Representative,1,30,Male,Active Directory,Read,Mover,No,1,0,0,0,Travel_Rarely,No,3,1,3,40,Medium
EMP0508,Sales,Sales Representative,1,30,Male,Salesforce,Read,Mover,No,1,0,0,0,Travel_Rarely,No,3,1,3,40,Medium
EMP0508,Sales,Sales Representative,1,30,Male,SharePoint,Read,Mover,No,1,0,0,0,Travel_Rarely,No,3,1,3,40,Medium
EMP0508,Sales,Sales Representative,1,30,Male,ServiceNow,Read,Mover,No,1,0,0,0,Travel_Rarely,No,3,1,3,40,Medium
EMP0508,Sales,Sales Representative,1,30,Male,CRM Portal,Read,Mover,No,1,0,0,0,Travel_Rarely,No,3,1,3,40,Medium
EMP0510,Research & Development,Research Scientist,1,26,Male,Active Directory,Write,Leaver,Yes,6,4,0,4,Travel_Frequently,No,4,7,2,75,Critical
EMP0510,Research & Development,Research Scientist,1,26,Male,SAP,Write,Leaver,Yes,6,4,0,4,Travel_Frequently,No,4,7,2,75,Critical
EMP0510,Research & Development,Research Scientist,1,26,Male,SharePoint,Write,Leaver,Yes,6,4,0,4,Travel_Frequently,No,4,7,2,75,Critical
EMP0510,Research & Development,Research Scientist,1,26,Male,ServiceNow,Write,Leaver,Yes,6,4,0,4,Travel_Frequently,No,4,7,2,75,Critical
EMP0510,Research & Development,Research Scientist,1,26,Male,Lab Systems,Write,Leaver,Yes,6,4,0,4,Travel_Frequently,No,4,7,2,75,Critical
EMP0511,Research & Development,Research Scientist,1,22,Female,Active Directory,Write,Mover,No,2,1,1,2,Travel_Rarely,No,3,2,1,40,Medium
EMP0511,Research & Development,Research Scientist,1,22,Female,SAP,Write,Mover,No,2,1,1,2,Travel_Rarely,No,3,2,1,40,Medium
EMP0511,Research & Development,Research Scientist,1,22,Female,SharePoint,Write,Mover,No,2,1,1,2,Travel_Rarely,No,3,2,1,40,Medium
EMP0511,Research & Development,Research Scientist,1,22,Female,ServiceNow,Write,Mover,No,2,1,1,2,Travel_Rarely,No,3,2,1,40,Medium
EMP0511,Research & Development,Research Scientist,1,22,Female,Lab Systems,Write,Mover,No,2,1,1,2,Travel_Rarely,No,3,2,1,40,Medium
EMP0513,Sales,Sales Executive,3,36,Male,Active Directory,Write,Stable,No,10,9,9,0,Travel_Rarely,No,3,10,2,40,Medium
EMP0513,Sales,Sales Executive,3,36,Male,Salesforce,Write,Stable,No,10,9,9,0,Travel_Rarely,No,3,10,2,40,Medium
EMP0513,Sales,Sales Executive,3,36,Male,SharePoint,Write,Stable,No,10,9,9,0,Travel_Rarely,No,3,10,2,40,Medium
EMP0513,Sales,Sales Executive,3,36,Male,ServiceNow,Write,Stable,No,10,9,9,0,Travel_Rarely,No,3,10,2,40,Medium
EMP0513,Sales,Sales Executive,3,36,Male,CRM Portal,Write,Stable,No,10,9,9,0,Travel_Rarely,No,3,10,2,40,Medium
EMP0514,Research & Development,Research Scientist,1,30,Male,Active Directory,Write,Leaver,Yes,1,0,0,0,Travel_Frequently,Yes,4,3,4,85,Critical
EMP0514,Research & Development,Research Scientist,1,30,Male,SAP,Write,Leaver,Yes,1,0,0,0,Travel_Frequently,Yes,4,3,4,85,Critical
EMP0514,Research & Development,Research Scientist,1,30,Male,SharePoint,Write,Leaver,Yes,1,0,0,0,Travel_Frequently,Yes,4,3,4,85,Critical
EMP0514,Research & Development,Research Scientist,1,30,Male,ServiceNow,Write,Leaver,Yes,1,0,0,0,Travel_Frequently,Yes,4,3,4,85,Critical
EMP0514,Research & Development,Research Scientist,1,30,Male,Lab Systems,Write,Leaver,Yes,1,0,0,0,Travel_Frequently,Yes,4,3,4,85,Critical
EMP0515,Research & Development,Laboratory Technician,1,37,Female,Active Directory,Read,Stable,No,18,7,12,17,Travel_Rarely,No,3,18,2,25,Low
EMP0515,Research & Development,Laboratory Technician,1,37,Female,SAP,Read,Stable,No,18,7,12,17,Travel_Rarely,No,3,18,2,25,Low
EMP0515,Research & Development,Laboratory Technician,1,37,Female,SharePoint,Read,Stable,No,18,7,12,17,Travel_Rarely,No,3,18,2,25,Low
EMP0515,Research & Development,Laboratory Technician,1,37,Female,ServiceNow,Read,Stable,No,18,7,12,17,Travel_Rarely,No,3,18,2,25,Low
EMP0515,Research & Development,Laboratory Technician,1,37,Female,Lab Systems,Read,Stable,No,18,7,12,17,Travel_Rarely,No,3,18,2,25,Low
EMP0516,Sales,Sales Executive,2,40,Female,Active Directory,Write,Stable,No,5,4,1,3,Travel_Rarely,No,3,8,5,20,Low
EMP0516,Sales,Sales Executive,2,40,Female,Salesforce,Write,Stable,No,5,4,1,3,Travel_Rarely,No,3,8,5,20,Low
EMP0516,Sales,Sales Executive,2,40,Female,SharePoint,Write,Stable,No,5,4,1,3,Travel_Rarely,No,3,8,5,20,Low
EMP0516,Sales,Sales Executive,2,40,Female,ServiceNow,Write,Stable,No,5,4,1,3,Travel_Rarely,No,3,8,5,20,Low
EMP0516,Sales,Sales Executive,2,40,Female,CRM Portal,Write,Stable,No,5,4,1,3,Travel_Rarely,No,3,8,5,20,Low
EMP0517,Research & Development,Laboratory Technician,1,42,Female,Active Directory,Read,Stable,No,5,2,1,2,Travel_Rarely,No,3,8,5,10,Low
EMP0517,Research & Development,Laboratory Technician,1,42,Female,SAP,Read,Stable,No,5,2,1,2,Travel_Rarely,No,3,8,5,10,Low
EMP0517,Research & Development,Laboratory Technician,1,42,Female,SharePoint,Read,Stable,No,5,2,1,2,Travel_Rarely,No,3,8,5,10,Low
EMP0517,Research & Development,Laboratory Technician,1,42,Female,ServiceNow,Read,Stable,No,5,2,1,2,Travel_Rarely,No,3,8,5,10,Low
EMP0517,Research & Development,Laboratory Technician,1,42,Female,Lab Systems,Read,Stable,No,5,2,1,2,Travel_Rarely,No,3,8,5,10,Low
EMP0518,Research & Development,Manufacturing Director,2,37,Male,Active Directory,Write,Mover,No,1,0,0,1,Travel_Rarely,Yes,3,18,2,60,High
EMP0518,Research & Development,Manufacturing Director,2,37,Male,SAP,Write,Mover,No,1,0,0,1,Travel_Rarely,Yes,3,18,2,60,High
EMP0518,Research & Development,Manufacturing Director,2,37,Male,SharePoint,Write,Mover,No,1,0,0,1,Travel_Rarely,Yes,3,18,2,60,High
EMP0518,Research & Development,Manufacturing Director,2,37,Male,ServiceNow,Write,Mover,No,1,0,0,1,Travel_Rarely,Yes,3,18,2,60,High
EMP0518,Research & Development,Manufacturing Director,2,37,Male,Lab Systems,Write,Mover,No,1,0,0,1,Travel_Rarely,Yes,3,18,2,60,High
EMP0520,Research & Development,Research Director,4,43,Male,Active Directory,Admin,Stable,No,25,10,3,9,Travel_Rarely,No,3,25,3,50,High
EMP0520,Research & Development,Research Director,4,43,Male,SAP,Admin,Stable,No,25,10,3,9,Travel_Rarely,No,3,25,3,50,High
EMP0520,Research & Development,Research Director,4,43,Male,SharePoint,Admin,Stable,No,25,10,3,9,Travel_Rarely,No,3,25,3,50,High
EMP0520,Research & Development,Research Director,4,43,Male,ServiceNow,Admin,Stable,No,25,10,3,9,Travel_Rarely,No,3,25,3,50,High
EMP0520,Research & Development,Research Director,4,43,Male,Lab Systems,Admin,Stable,No,25,10,3,9,Travel_Rarely,No,3,25,3,50,High
EMP0521,Research & Development,Laboratory Technician,2,40,Female,Active Directory,Read,Mover,No,1,0,0,0,Travel_Rarely,No,4,20,3,40,Medium
EMP0521,Research & Development,Laboratory Technician,2,40,Female,SAP,Read,Mover,No,1,0,0,0,Travel_Rarely,No,4,20,3,40,Medium
EMP0521,Research & Development,Laboratory Technician,2,40,Female,SharePoint,Read,Mover,No,1,0,0,0,Travel_Rarely,No,4,20,3,40,Medium
EMP0521,Research & Development,Laboratory Technician,2,40,Female,ServiceNow,Read,Mover,No,1,0,0,0,Travel_Rarely,No,4,20,3,40,Medium
EMP0521,Research & Development,Laboratory Technician,2,40,Female,Lab Systems,Read,Mover,No,1,0,0,0,Travel_Rarely,No,4,20,3,40,Medium
EMP0522,Research & Development,Research Director,5,54,Male,Active Directory,Admin,Stable,No,4,2,1,2,Travel_Rarely,No,3,24,4,35,Medium
EMP0522,Research & Development,Research Director,5,54,Male,SAP,Admin,Stable,No,4,2,1,2,Travel_Rarely,No,3,24,4,35,Medium
EMP0522,Research & Development,Research Director,5,54,Male,SharePoint,Admin,Stable,No,4,2,1,2,Travel_Rarely,No,3,24,4,35,Medium
EMP0522,Research & Development,Research Director,5,54,Male,ServiceNow,Admin,Stable,No,4,2,1,2,Travel_Rarely,No,3,24,4,35,Medium
EMP0522,Research & Development,Research Director,5,54,Male,Lab Systems,Admin,Stable,No,4,2,1,2,Travel_Rarely,No,3,24,4,35,Medium
EMP0523,Sales,Sales Executive,2,34,Female,Active Directory,Write,Stable,No,3,2,1,2,Non-Travel,No,3,6,3,15,Low
EMP0523,Sales,Sales Executive,2,34,Female,Salesforce,Write,Stable,No,3,2,1,2,Non-Travel,No,3,6,3,15,Low
EMP0523,Sales,Sales Executive,2,34,Female,SharePoint,Write,Stable,No,3,2,1,2,Non-Travel,No,3,6,3,15,Low
EMP0523,Sales,Sales Executive,2,34,Female,ServiceNow,Write,Stable,No,3,2,1,2,Non-Travel,No,3,6,3,15,Low
EMP0523,Sales,Sales Executive,2,34,Female,CRM Portal,Write,Stable,No,3,2,1,2,Non-Travel,No,3,6,3,15,Low
EMP0524,Research & Development,Manufacturing Director,2,31,Female,Active Directory,Write,Stable,No,13,10,3,12,Travel_Rarely,No,3,13,5,35,Medium
EMP0524,Research & Development,Manufacturing Director,2,31,Female,SAP,Write,Stable,No,13,10,3,12,Travel_Rarely,No,3,13,5,35,Medium
EMP0524,Research & Development,Manufacturing Director,2,31,Female,SharePoint,Write,Stable,No,13,10,3,12,Travel_Rarely,No,3,13,5,35,Medium
EMP0524,Research & Development,Manufacturing Director,2,31,Female,ServiceNow,Write,Stable,No,13,10,3,12,Travel_Rarely,No,3,13,5,35,Medium
EMP0524,Research & Development,Manufacturing Director,2,31,Female,Lab Systems,Write,Stable,No,13,10,3,12,Travel_Rarely,No,3,13,5,35,Medium
EMP0525,Research & Development,Laboratory Technician,1,43,Male,Active Directory,Read,Stable,No,3,2,1,2,Travel_Frequently,No,4,8,1,15,Low
EMP0525,Research & Development,Laboratory Technician,1,43,Male,SAP,Read,Stable,No,3,2,1,2,Travel_Frequently,No,4,8,1,15,Low
EMP0525,Research & Development,Laboratory Technician,1,43,Male,SharePoint,Read,Stable,No,3,2,1,2,Travel_Frequently,No,4,8,1,15,Low
EMP0525,Research & Development,Laboratory Technician,1,43,Male,ServiceNow,Read,Stable,No,3,2,1,2,Travel_Frequently,No,4,8,1,15,Low
EMP0525,Research & Development,Laboratory Technician,1,43,Male,Lab Systems,Read,Stable,No,3,2,1,2,Travel_Frequently,No,4,8,1,15,Low
EMP0526,Research & Development,Healthcare Representative,2,43,Female,Active Directory,Read,Stable,No,5,2,0,2,Travel_Rarely,Yes,3,8,3,20,Low
EMP0526,Research & Development,Healthcare Representative,2,43,Female,SAP,Read,Stable,No,5,2,0,2,Travel_Rarely,Yes,3,8,3,20,Low
EMP0526,Research & Development,Healthcare Representative,2,43,Female,SharePoint,Read,Stable,No,5,2,0,2,Travel_Rarely,Yes,3,8,3,20,Low
EMP0526,Research & Development,Healthcare Representative,2,43,Female,ServiceNow,Read,Stable,No,5,2,0,2,Travel_Rarely,Yes,3,8,3,20,Low
EMP0526,Research & Development,Healthcare Representative,2,43,Female,Lab Systems,Read,Stable,No,5,2,0,2,Travel_Rarely,Yes,3,8,3,20,Low
EMP0527,Sales,Sales Executive,2,25,Female,Active Directory,Write,Stable,No,5,4,1,3,Travel_Rarely,Yes,3,5,3,30,Medium
EMP0527,Sales,Sales Executive,2,25,Female,Salesforce,Write,Stable,No,5,4,1,3,Travel_Rarely,Yes,3,5,3,30,Medium
EMP0527,Sales,Sales Executive,2,25,Female,SharePoint,Write,Stable,No,5,4,1,3,Travel_Rarely,Yes,3,5,3,30,Medium
EMP0527,Sales,Sales Executive,2,25,Female,ServiceNow,Write,Stable,No,5,4,1,3,Travel_Rarely,Yes,3,5,3,30,Medium
EMP0527,Sales,Sales Executive,2,25,Female,CRM Portal,Write,Stable,No,5,4,1,3,Travel_Rarely,Yes,3,5,3,30,Medium
EMP0529,Research & Development,Research Scientist,2,37,Female,Active Directory,Write,Stable,No,13,11,10,7,Non-Travel,Yes,3,15,2,40,Medium
EMP0529,Research & Development,Research Scientist,2,37,Female,SAP,Write,Stable,No,13,11,10,7,Non-Travel,Yes,3,15,2,40,Medium
EMP0529,Research & Development,Research Scientist,2,37,Female,SharePoint,Write,Stable,No,13,11,10,7,Non-Travel,Yes,3,15,2,40,Medium
EMP0529,Research & Development,Research Scientist,2,37,Female,ServiceNow,Write,Stable,No,13,11,10,7,Non-Travel,Yes,3,15,2,40,Medium
EMP0529,Research & Development,Research Scientist,2,37,Female,Lab Systems,Write,Stable,No,13,11,10,7,Non-Travel,Yes,3,15,2,40,Medium
EMP0530,Research & Development,Laboratory Technician,1,31,Male,Active Directory,Read,Stable,No,4,2,3,2,Travel_Rarely,No,3,4,3,10,Low
EMP0530,Research & Development,Laboratory Technician,1,31,Male,SAP,Read,Stable,No,4,2,3,2,Travel_Rarely,No,3,4,3,10,Low
EMP0530,Research & Development,Laboratory Technician,1,31,Male,SharePoint,Read,Stable,No,4,2,3,2,Travel_Rarely,No,3,4,3,10,Low
EMP0530,Research & Development,Laboratory Technician,1,31,Male,ServiceNow,Read,Stable,No,4,2,3,2,Travel_Rarely,No,3,4,3,10,Low
EMP0530,Research & Development,Laboratory Technician,1,31,Male,Lab Systems,Read,Stable,No,4,2,3,2,Travel_Rarely,No,3,4,3,10,Low
EMP0531,Research & Development,Manager,5,39,Male,Active Directory,Write,Stable,No,21,8,1,6,Travel_Frequently,Yes,3,21,3,50,High
EMP0531,Research & Development,Manager,5,39,Male,SAP,Write,Stable,No,21,8,1,6,Travel_Frequently,Yes,3,21,3,50,High
EMP0531,Research & Development,Manager,5,39,Male,SharePoint,Write,Stable,No,21,8,1,6,Travel_Frequently,Yes,3,21,3,50,High
EMP0531,Research & Development,Manager,5,39,Male,ServiceNow,Write,Stable,No,21,8,1,6,Travel_Frequently,Yes,3,21,3,50,High
EMP0531,Research & Development,Manager,5,39,Male,Lab Systems,Write,Stable,No,21,8,1,6,Travel_Frequently,Yes,3,21,3,50,High
EMP0532,Sales,Sales Executive,4,56,Female,Active Directory,Write,Stable,No,7,7,7,7,Travel_Frequently,No,3,36,0,35,Medium
EMP0532,Sales,Sales Executive,4,56,Female,Salesforce,Write,Stable,No,7,7,7,7,Travel_Frequently,No,3,36,0,35,Medium
EMP0532,Sales,Sales Executive,4,56,Female,SharePoint,Write,Stable,No,7,7,7,7,Travel_Frequently,No,3,36,0,35,Medium
EMP0532,Sales,Sales Executive,4,56,Female,ServiceNow,Write,Stable,No,7,7,7,7,Travel_Frequently,No,3,36,0,35,Medium
EMP0532,Sales,Sales Executive,4,56,Female,CRM Portal,Write,Stable,No,7,7,7,7,Travel_Frequently,No,3,36,0,35,Medium
EMP0533,Sales,Sales Executive,2,30,Female,Active Directory,Write,Stable,No,5,4,4,4,Travel_Rarely,No,3,6,6,20,Low
EMP0533,Sales,Sales Executive,2,30,Female,Salesforce,Write,Stable,No,5,4,4,4,Travel_Rarely,No,3,6,6,20,Low
EMP0533,Sales,Sales Executive,2,30,Female,SharePoint,Write,Stable,No,5,4,4,4,Travel_Rarely,No,3,6,6,20,Low
EMP0533,Sales,Sales Executive,2,30,Female,ServiceNow,Write,Stable,No,5,4,4,4,Travel_Rarely,No,3,6,6,20,Low
EMP0533,Sales,Sales Executive,2,30,Female,CRM Portal,Write,Stable,No,5,4,4,4,Travel_Rarely,No,3,6,6,20,Low
EMP0534,Sales,Sales Executive,3,41,Male,Active Directory,Write,Stable,No,10,7,0,7,Travel_Rarely,No,3,10,2,30,Medium
EMP0534,Sales,Sales Executive,3,41,Male,Salesforce,Write,Stable,No,10,7,0,7,Travel_Rarely,No,3,10,2,30,Medium
EMP0534,Sales,Sales Executive,3,41,Male,SharePoint,Write,Stable,No,10,7,0,7,Travel_Rarely,No,3,10,2,30,Medium
EMP0534,Sales,Sales Executive,3,41,Male,ServiceNow,Write,Stable,No,10,7,0,7,Travel_Rarely,No,3,10,2,30,Medium
EMP0534,Sales,Sales Executive,3,41,Male,CRM Portal,Write,Stable,No,10,7,0,7,Travel_Rarely,No,3,10,2,30,Medium
EMP0536,Research & Development,Laboratory Technician,2,28,Male,Active Directory,Read,Mover,No,10,0,1,8,Travel_Rarely,No,3,10,2,40,Medium
EMP0536,Research & Development,Laboratory Technician,2,28,Male,SAP,Read,Mover,No,10,0,1,8,Travel_Rarely,No,3,10,2,40,Medium
EMP0536,Research & Development,Laboratory Technician,2,28,Male,SharePoint,Read,Mover,No,10,0,1,8,Travel_Rarely,No,3,10,2,40,Medium
EMP0536,Research & Development,Laboratory Technician,2,28,Male,ServiceNow,Read,Mover,No,10,0,1,8,Travel_Rarely,No,3,10,2,40,Medium
EMP0536,Research & Development,Laboratory Technician,2,28,Male,Lab Systems,Read,Mover,No,10,0,1,8,Travel_Rarely,No,3,10,2,40,Medium
EMP0538,Research & Development,Laboratory Technician,1,25,Male,Active Directory,Read,Leaver,Yes,2,2,0,2,Travel_Rarely,No,3,6,5,50,High
EMP0538,Research & Development,Laboratory Technician,1,25,Male,SAP,Read,Leaver,Yes,2,2,0,2,Travel_Rarely,No,3,6,5,50,High
EMP0538,Research & Development,Laboratory Technician,1,25,Male,SharePoint,Read,Leaver,Yes,2,2,0,2,Travel_Rarely,No,3,6,5,50,High
EMP0538,Research & Development,Laboratory Technician,1,25,Male,ServiceNow,Read,Leaver,Yes,2,2,0,2,Travel_Rarely,No,3,6,5,50,High
EMP0538,Research & Development,Laboratory Technician,1,25,Male,Lab Systems,Read,Leaver,Yes,2,2,0,2,Travel_Rarely,No,3,6,5,50,High
EMP0543,Research & Development,Manufacturing Director,3,52,Male,Active Directory,Write,Stable,No,5,4,0,4,Travel_Rarely,Yes,3,28,4,30,Medium
EMP0543,Research & Development,Manufacturing Director,3,52,Male,SAP,Write,Stable,No,5,4,0,4,Travel_Rarely,Yes,3,28,4,30,Medium
EMP0543,Research & Development,Manufacturing Director,3,52,Male,SharePoint,Write,Stable,No,5,4,0,4,Travel_Rarely,Yes,3,28,4,30,Medium
EMP0543,Research & Development,Manufacturing Director,3,52,Male,ServiceNow,Write,Stable,No,5,4,0,4,Travel_Rarely,Yes,3,28,4,30,Medium
EMP0543,Research & Development,Manufacturing Director,3,52,Male,Lab Systems,Write,Stable,No,5,4,0,4,Travel_Rarely,Yes,3,28,4,30,Medium
EMP0544,Research & Development,Research Scientist,1,45,Male,Active Directory,Write,Stable,No,2,2,0,2,Travel_Rarely,No,4,8,3,20,Low
EMP0544,Research & Development,Research Scientist,1,45,Male,SAP,Write,Stable,No,2,2,0,2,Travel_Rarely,No,4,8,3,20,Low
EMP0544,Research & Development,Research Scientist,1,45,Male,SharePoint,Write,Stable,No,2,2,0,2,Travel_Rarely,No,4,8,3,20,Low
EMP0544,Research & Development,Research Scientist,1,45,Male,ServiceNow,Write,Stable,No,2,2,0,2,Travel_Rarely,No,4,8,3,20,Low
EMP0544,Research & Development,Research Scientist,1,45,Male,Lab Systems,Write,Stable,No,2,2,0,2,Travel_Rarely,No,4,8,3,20,Low
EMP0546,Research & Development,Manager,4,52,Female,Active Directory,Write,Stable,No,5,2,1,4,Travel_Rarely,No,3,31,2,20,Low
EMP0546,Research & Development,Manager,4,52,Female,SAP,Write,Stable,No,5,2,1,4,Travel_Rarely,No,3,31,2,20,Low
EMP0546,Research & Development,Manager,4,52,Female,SharePoint,Write,Stable,No,5,2,1,4,Travel_Rarely,No,3,31,2,20,Low
EMP0546,Research & Development,Manager,4,52,Female,ServiceNow,Write,Stable,No,5,2,1,4,Travel_Rarely,No,3,31,2,20,Low
EMP0546,Research & Development,Manager,4,52,Female,Lab Systems,Write,Stable,No,5,2,1,4,Travel_Rarely,No,3,31,2,20,Low
EMP0547,Research & Development,Research Scientist,2,42,Female,Active Directory,Write,Stable,No,5,4,0,2,Travel_Frequently,No,3,19,3,25,Low
EMP0547,Research & Development,Research Scientist,2,42,Female,SAP,Write,Stable,No,5,4,0,2,Travel_Frequently,No,3,19,3,25,Low
EMP0547,Research & Development,Research Scientist,2,42,Female,SharePoint,Write,Stable,No,5,4,0,2,Travel_Frequently,No,3,19,3,25,Low
EMP0547,Research & Development,Research Scientist,2,42,Female,ServiceNow,Write,Stable,No,5,4,0,2,Travel_Frequently,No,3,19,3,25,Low
EMP0547,Research & Development,Research Scientist,2,42,Female,Lab Systems,Write,Stable,No,5,4,0,2,Travel_Frequently,No,3,19,3,25,Low
EMP0548,Research & Development,Manufacturing Director,2,30,Female,Active Directory,Write,Stable,No,5,4,0,2,Travel_Rarely,No,4,11,2,20,Low
EMP0548,Research & Development,Manufacturing Director,2,30,Female,SAP,Write,Stable,No,5,4,0,2,Travel_Rarely,No,4,11,2,20,Low
EMP0548,Research & Development,Manufacturing Director,2,30,Female,SharePoint,Write,Stable,No,5,4,0,2,Travel_Rarely,No,4,11,2,20,Low
EMP0548,Research & Development,Manufacturing Director,2,30,Female,ServiceNow,Write,Stable,No,5,4,0,2,Travel_Rarely,No,4,11,2,20,Low
EMP0548,Research & Development,Manufacturing Director,2,30,Female,Lab Systems,Write,Stable,No,5,4,0,2,Travel_Rarely,No,4,11,2,20,Low
EMP0549,Research & Development,Manager,5,60,Female,Active Directory,Write,Stable,No,29,8,11,10,Travel_Rarely,No,3,33,5,35,Medium
EMP0549,Research & Development,Manager,5,60,Female,SAP,Write,Stable,No,29,8,11,10,Travel_Rarely,No,3,33,5,35,Medium
EMP0549,Research & Development,Manager,5,60,Female,SharePoint,Write,Stable,No,29,8,11,10,Travel_Rarely,No,3,33,5,35,Medium
EMP0549,Research & Development,Manager,5,60,Female,ServiceNow,Write,Stable,No,29,8,11,10,Travel_Rarely,No,3,33,5,35,Medium
EMP0549,Research & Development,Manager,5,60,Female,Lab Systems,Write,Stable,No,29,8,11,10,Travel_Rarely,No,3,33,5,35,Medium
EMP0550,Research & Development,Manufacturing Director,2,46,Female,Active Directory,Write,Stable,No,10,7,0,8,Travel_Rarely,No,3,19,5,30,Medium
EMP0550,Research & Development,Manufacturing Director,2,46,Female,SAP,Write,Stable,No,10,7,0,8,Travel_Rarely,No,3,19,5,30,Medium
EMP0550,Research & Development,Manufacturing Director,2,46,Female,SharePoint,Write,Stable,No,10,7,0,8,Travel_Rarely,No,3,19,5,30,Medium
EMP0550,Research & Development,Manufacturing Director,2,46,Female,ServiceNow,Write,Stable,No,10,7,0,8,Travel_Rarely,No,3,19,5,30,Medium
EMP0550,Research & Development,Manufacturing Director,2,46,Female,Lab Systems,Write,Stable,No,10,7,0,8,Travel_Rarely,No,3,19,5,30,Medium
EMP0551,Research & Development,Healthcare Representative,2,42,Female,Active Directory,Read,Stable,No,6,5,0,4,Travel_Frequently,No,3,7,4,25,Low
EMP0551,Research & Development,Healthcare Representative,2,42,Female,SAP,Read,Stable,No,6,5,0,4,Travel_Frequently,No,3,7,4,25,Low
EMP0551,Research & Development,Healthcare Representative,2,42,Female,SharePoint,Read,Stable,No,6,5,0,4,Travel_Frequently,No,3,7,4,25,Low
EMP0551,Research & Development,Healthcare Representative,2,42,Female,ServiceNow,Read,Stable,No,6,5,0,4,Travel_Frequently,No,3,7,4,25,Low
EMP0551,Research & Development,Healthcare Representative,2,42,Female,Lab Systems,Read,Stable,No,6,5,0,4,Travel_Frequently,No,3,7,4,25,Low
EMP0554,Sales,Sales Representative,1,24,Female,Active Directory,Read,Leaver,Yes,5,3,1,4,Travel_Rarely,Yes,3,6,4,60,High
EMP0554,Sales,Sales Representative,1,24,Female,Salesforce,Read,Leaver,Yes,5,3,1,4,Travel_Rarely,Yes,3,6,4,60,High
EMP0554,Sales,Sales Representative,1,24,Female,SharePoint,Read,Leaver,Yes,5,3,1,4,Travel_Rarely,Yes,3,6,4,60,High
EMP0554,Sales,Sales Representative,1,24,Female,ServiceNow,Read,Leaver,Yes,5,3,1,4,Travel_Rarely,Yes,3,6,4,60,High
EMP0554,Sales,Sales Representative,1,24,Female,CRM Portal,Read,Leaver,Yes,5,3,1,4,Travel_Rarely,Yes,3,6,4,60,High
EMP0555,Sales,Sales Representative,1,34,Female,Active Directory,Read,Leaver,Yes,2,2,1,0,Travel_Frequently,No,3,3,3,65,High
EMP0555,Sales,Sales Representative,1,34,Female,Salesforce,Read,Leaver,Yes,2,2,1,0,Travel_Frequently,No,3,3,3,65,High
EMP0555,Sales,Sales Representative,1,34,Female,SharePoint,Read,Leaver,Yes,2,2,1,0,Travel_Frequently,No,3,3,3,65,High
EMP0555,Sales,Sales Representative,1,34,Female,ServiceNow,Read,Leaver,Yes,2,2,1,0,Travel_Frequently,No,3,3,3,65,High
EMP0555,Sales,Sales Representative,1,34,Female,CRM Portal,Read,Leaver,Yes,2,2,1,0,Travel_Frequently,No,3,3,3,65,High
EMP0556,Research & Development,Laboratory Technician,1,38,Male,Active Directory,Read,Mover,No,1,0,0,0,Travel_Frequently,Yes,4,1,3,55,High
EMP0556,Research & Development,Laboratory Technician,1,38,Male,SAP,Read,Mover,No,1,0,0,0,Travel_Frequently,Yes,4,1,3,55,High
EMP0556,Research & Development,Laboratory Technician,1,38,Male,SharePoint,Read,Mover,No,1,0,0,0,Travel_Frequently,Yes,4,1,3,55,High
EMP0556,Research & Development,Laboratory Technician,1,38,Male,ServiceNow,Read,Mover,No,1,0,0,0,Travel_Frequently,Yes,4,1,3,55,High
EMP0556,Research & Development,Laboratory Technician,1,38,Male,Lab Systems,Read,Mover,No,1,0,0,0,Travel_Frequently,Yes,4,1,3,55,High
EMP0558,Sales,Manager,5,40,Female,Active Directory,Write,Stable,No,20,15,1,12,Travel_Rarely,No,3,21,2,35,Medium
EMP0558,Sales,Manager,5,40,Female,Salesforce,Write,Stable,No,20,15,1,12,Travel_Rarely,No,3,21,2,35,Medium
EMP0558,Sales,Manager,5,40,Female,SharePoint,Write,Stable,No,20,15,1,12,Travel_Rarely,No,3,21,2,35,Medium
EMP0558,Sales,Manager,5,40,Female,ServiceNow,Write,Stable,No,20,15,1,12,Travel_Rarely,No,3,21,2,35,Medium
EMP0558,Sales,Manager,5,40,Female,CRM Portal,Write,Stable,No,20,15,1,12,Travel_Rarely,No,3,21,2,35,Medium
EMP0560,Research & Development,Research Scientist,1,26,Female,Active Directory,Write,Stable,No,3,2,0,2,Travel_Rarely,No,4,3,3,20,Low
EMP0560,Research & Development,Research Scientist,1,26,Female,SAP,Write,Stable,No,3,2,0,2,Travel_Rarely,No,4,3,3,20,Low
EMP0560,Research & Development,Research Scientist,1,26,Female,SharePoint,Write,Stable,No,3,2,0,2,Travel_Rarely,No,4,3,3,20,Low
EMP0560,Research & Development,Research Scientist,1,26,Female,ServiceNow,Write,Stable,No,3,2,0,2,Travel_Rarely,No,4,3,3,20,Low
EMP0560,Research & Development,Research Scientist,1,26,Female,Lab Systems,Write,Stable,No,3,2,0,2,Travel_Rarely,No,4,3,3,20,Low
EMP0562,Research & Development,Laboratory Technician,1,30,Male,Active Directory,Read,Stable,No,5,3,1,4,Non-Travel,No,3,9,3,5,Low
EMP0562,Research & Development,Laboratory Technician,1,30,Male,SAP,Read,Stable,No,5,3,1,4,Non-Travel,No,3,9,3,5,Low
EMP0562,Research & Development,Laboratory Technician,1,30,Male,SharePoint,Read,Stable,No,5,3,1,4,Non-Travel,No,3,9,3,5,Low
EMP0562,Research & Development,Laboratory Technician,1,30,Male,ServiceNow,Read,Stable,No,5,3,1,4,Non-Travel,No,3,9,3,5,Low
EMP0562,Research & Development,Laboratory Technician,1,30,Male,Lab Systems,Read,Stable,No,5,3,1,4,Non-Travel,No,3,9,3,5,Low
EMP0564,Research & Development,Research Director,3,29,Male,Active Directory,Admin,Stable,No,10,2,0,7,Travel_Rarely,No,3,10,2,45,Medium
EMP0564,Research & Development,Research Director,3,29,Male,SAP,Admin,Stable,No,10,2,0,7,Travel_Rarely,No,3,10,2,45,Medium
EMP0564,Research & Development,Research Director,3,29,Male,SharePoint,Admin,Stable,No,10,2,0,7,Travel_Rarely,No,3,10,2,45,Medium
EMP0564,Research & Development,Research Director,3,29,Male,ServiceNow,Admin,Stable,No,10,2,0,7,Travel_Rarely,No,3,10,2,45,Medium
EMP0564,Research & Development,Research Director,3,29,Male,Lab Systems,Admin,Stable,No,10,2,0,7,Travel_Rarely,No,3,10,2,45,Medium
EMP0565,Research & Development,Research Scientist,1,29,Female,Active Directory,Write,Leaver,Yes,2,2,1,1,Travel_Rarely,No,3,6,2,70,Critical
EMP0565,Research & Development,Research Scientist,1,29,Female,SAP,Write,Leaver,Yes,2,2,1,1,Travel_Rarely,No,3,6,2,70,Critical
EMP0565,Research & Development,Research Scientist,1,29,Female,SharePoint,Write,Leaver,Yes,2,2,1,1,Travel_Rarely,No,3,6,2,70,Critical
EMP0565,Research & Development,Research Scientist,1,29,Female,ServiceNow,Write,Leaver,Yes,2,2,1,1,Travel_Rarely,No,3,6,2,70,Critical
EMP0565,Research & Development,Research Scientist,1,29,Female,Lab Systems,Write,Leaver,Yes,2,2,1,1,Travel_Rarely,No,3,6,2,70,Critical
EMP0566,Human Resources,Human Resources,1,19,Male,Active Directory,Read,Leaver,Yes,1,0,0,0,Travel_Rarely,No,3,1,3,60,High
EMP0566,Human Resources,Human Resources,1,19,Male,Workday,Read,Leaver,Yes,1,0,0,0,Travel_Rarely,No,3,1,3,60,High
EMP0566,Human Resources,Human Resources,1,19,Male,SharePoint,Read,Leaver,Yes,1,0,0,0,Travel_Rarely,No,3,1,3,60,High
EMP0566,Human Resources,Human Resources,1,19,Male,ServiceNow,Read,Leaver,Yes,1,0,0,0,Travel_Rarely,No,3,1,3,60,High
EMP0566,Human Resources,Human Resources,1,19,Male,HR Portal,Read,Leaver,Yes,1,0,0,0,Travel_Rarely,No,3,1,3,60,High
EMP0567,Sales,Sales Executive,3,30,Female,Active Directory,Write,Stable,No,9,8,7,8,Non-Travel,No,3,10,3,25,Low
EMP0567,Sales,Sales Executive,3,30,Female,Salesforce,Write,Stable,No,9,8,7,8,Non-Travel,No,3,10,3,25,Low
EMP0567,Sales,Sales Executive,3,30,Female,SharePoint,Write,Stable,No,9,8,7,8,Non-Travel,No,3,10,3,25,Low
EMP0567,Sales,Sales Executive,3,30,Female,ServiceNow,Write,Stable,No,9,8,7,8,Non-Travel,No,3,10,3,25,Low
EMP0567,Sales,Sales Executive,3,30,Female,CRM Portal,Write,Stable,No,9,8,7,8,Non-Travel,No,3,10,3,25,Low
EMP0568,Sales,Manager,4,57,Male,Active Directory,Write,Mover,No,1,0,0,0,Travel_Rarely,No,3,32,3,50,High
EMP0568,Sales,Manager,4,57,Male,Salesforce,Write,Mover,No,1,0,0,0,Travel_Rarely,No,3,32,3,50,High
EMP0568,Sales,Manager,4,57,Male,SharePoint,Write,Mover,No,1,0,0,0,Travel_Rarely,No,3,32,3,50,High
EMP0568,Sales,Manager,4,57,Male,ServiceNow,Write,Mover,No,1,0,0,0,Travel_Rarely,No,3,32,3,50,High
EMP0568,Sales,Manager,4,57,Male,CRM Portal,Write,Mover,No,1,0,0,0,Travel_Rarely,No,3,32,3,50,High
EMP0569,Research & Development,Manager,4,50,Male,Active Directory,Write,Stable,No,27,10,15,7,Travel_Rarely,No,3,28,2,35,Medium
EMP0569,Research & Development,Manager,4,50,Male,SAP,Write,Stable,No,27,10,15,7,Travel_Rarely,No,3,28,2,35,Medium
EMP0569,Research & Development,Manager,4,50,Male,SharePoint,Write,Stable,No,27,10,15,7,Travel_Rarely,No,3,28,2,35,Medium
EMP0569,Research & Development,Manager,4,50,Male,ServiceNow,Write,Stable,No,27,10,15,7,Travel_Rarely,No,3,28,2,35,Medium
EMP0569,Research & Development,Manager,4,50,Male,Lab Systems,Write,Stable,No,27,10,15,7,Travel_Rarely,No,3,28,2,35,Medium
EMP0571,Research & Development,Laboratory Technician,1,30,Female,Active Directory,Read,Stable,No,11,7,6,7,Non-Travel,No,3,12,2,20,Low
EMP0571,Research & Development,Laboratory Technician,1,30,Female,SAP,Read,Stable,No,11,7,6,7,Non-Travel,No,3,12,2,20,Low
EMP0571,Research & Development,Laboratory Technician,1,30,Female,SharePoint,Read,Stable,No,11,7,6,7,Non-Travel,No,3,12,2,20,Low
EMP0571,Research & Development,Laboratory Technician,1,30,Female,ServiceNow,Read,Stable,No,11,7,6,7,Non-Travel,No,3,12,2,20,Low
EMP0571,Research & Development,Laboratory Technician,1,30,Female,Lab Systems,Read,Stable,No,11,7,6,7,Non-Travel,No,3,12,2,20,Low
EMP0573,Sales,Sales Executive,3,60,Female,Active Directory,Write,Stable,No,18,13,13,11,Travel_Frequently,No,3,22,5,40,Medium
EMP0573,Sales,Sales Executive,3,60,Female,Salesforce,Write,Stable,No,18,13,13,11,Travel_Frequently,No,3,22,5,40,Medium
EMP0573,Sales,Sales Executive,3,60,Female,SharePoint,Write,Stable,No,18,13,13,11,Travel_Frequently,No,3,22,5,40,Medium
EMP0573,Sales,Sales Executive,3,60,Female,ServiceNow,Write,Stable,No,18,13,13,11,Travel_Frequently,No,3,22,5,40,Medium
EMP0573,Sales,Sales Executive,3,60,Female,CRM Portal,Write,Stable,No,18,13,13,11,Travel_Frequently,No,3,22,5,40,Medium
EMP0574,Research & Development,Manufacturing Director,2,47,Female,Active Directory,Write,Mover,No,5,0,0,4,Travel_Rarely,No,3,20,2,40,Medium
EMP0574,Research & Development,Manufacturing Director,2,47,Female,SAP,Write,Mover,No,5,0,0,4,Travel_Rarely,No,3,20,2,40,Medium
EMP0574,Research & Development,Manufacturing Director,2,47,Female,SharePoint,Write,Mover,No,5,0,0,4,Travel_Rarely,No,3,20,2,40,Medium
EMP0574,Research & Development,Manufacturing Director,2,47,Female,ServiceNow,Write,Mover,No,5,0,0,4,Travel_Rarely,No,3,20,2,40,Medium
EMP0574,Research & Development,Manufacturing Director,2,47,Female,Lab Systems,Write,Mover,No,5,0,0,4,Travel_Rarely,No,3,20,2,40,Medium
EMP0575,Research & Development,Research Director,4,46,Male,Active Directory,Admin,Stable,No,3,2,0,1,Travel_Rarely,No,3,26,2,45,Medium
EMP0575,Research & Development,Research Director,4,46,Male,SAP,Admin,Stable,No,3,2,0,1,Travel_Rarely,No,3,26,2,45,Medium
EMP0575,Research & Development,Research Director,4,46,Male,SharePoint,Admin,Stable,No,3,2,0,1,Travel_Rarely,No,3,26,2,45,Medium
EMP0575,Research & Development,Research Director,4,46,Male,ServiceNow,Admin,Stable,No,3,2,0,1,Travel_Rarely,No,3,26,2,45,Medium
EMP0575,Research & Development,Research Director,4,46,Male,Lab Systems,Admin,Stable,No,3,2,0,1,Travel_Rarely,No,3,26,2,45,Medium
EMP0577,Research & Development,Laboratory Technician,1,35,Male,Active Directory,Read,Stable,No,5,4,4,3,Travel_Rarely,No,3,6,2,10,Low
EMP0577,Research & Development,Laboratory Technician,1,35,Male,SAP,Read,Stable,No,5,4,4,3,Travel_Rarely,No,3,6,2,10,Low
EMP0577,Research & Development,Laboratory Technician,1,35,Male,SharePoint,Read,Stable,No,5,4,4,3,Travel_Rarely,No,3,6,2,10,Low
EMP0577,Research & Development,Laboratory Technician,1,35,Male,ServiceNow,Read,Stable,No,5,4,4,3,Travel_Rarely,No,3,6,2,10,Low
EMP0577,Research & Development,Laboratory Technician,1,35,Male,Lab Systems,Read,Stable,No,5,4,4,3,Travel_Rarely,No,3,6,2,10,Low
EMP0578,Research & Development,Laboratory Technician,2,54,Female,Active Directory,Read,Mover,No,1,0,0,0,Travel_Rarely,No,3,19,3,40,Medium
EMP0578,Research & Development,Laboratory Technician,2,54,Female,SAP,Read,Mover,No,1,0,0,0,Travel_Rarely,No,3,19,3,40,Medium
EMP0578,Research & Development,Laboratory Technician,2,54,Female,SharePoint,Read,Mover,No,1,0,0,0,Travel_Rarely,No,3,19,3,40,Medium
EMP0578,Research & Development,Laboratory Technician,2,54,Female,ServiceNow,Read,Mover,No,1,0,0,0,Travel_Rarely,No,3,19,3,40,Medium
EMP0578,Research & Development,Laboratory Technician,2,54,Female,Lab Systems,Read,Mover,No,1,0,0,0,Travel_Rarely,No,3,19,3,40,Medium
EMP0579,Research & Development,Research Scientist,1,34,Male,Active Directory,Write,Stable,No,7,3,5,7,Travel_Rarely,No,3,14,3,30,Medium
EMP0579,Research & Development,Research Scientist,1,34,Male,SAP,Write,Stable,No,7,3,5,7,Travel_Rarely,No,3,14,3,30,Medium
EMP0579,Research & Development,Research Scientist,1,34,Male,SharePoint,Write,Stable,No,7,3,5,7,Travel_Rarely,No,3,14,3,30,Medium
EMP0579,Research & Development,Research Scientist,1,34,Male,ServiceNow,Write,Stable,No,7,3,5,7,Travel_Rarely,No,3,14,3,30,Medium
EMP0579,Research & Development,Research Scientist,1,34,Male,Lab Systems,Write,Stable,No,7,3,5,7,Travel_Rarely,No,3,14,3,30,Medium
EMP0580,Sales,Sales Executive,3,46,Female,Active Directory,Write,Stable,No,3,2,1,2,Travel_Rarely,Yes,3,15,3,30,Medium
EMP0580,Sales,Sales Executive,3,46,Female,Salesforce,Write,Stable,No,3,2,1,2,Travel_Rarely,Yes,3,15,3,30,Medium
EMP0580,Sales,Sales Executive,3,46,Female,SharePoint,Write,Stable,No,3,2,1,2,Travel_Rarely,Yes,3,15,3,30,Medium
EMP0580,Sales,Sales Executive,3,46,Female,ServiceNow,Write,Stable,No,3,2,1,2,Travel_Rarely,Yes,3,15,3,30,Medium
EMP0580,Sales,Sales Executive,3,46,Female,CRM Portal,Write,Stable,No,3,2,1,2,Travel_Rarely,Yes,3,15,3,30,Medium
EMP0581,Research & Development,Manufacturing Director,3,31,Male,Active Directory,Write,Stable,No,13,8,0,8,Travel_Rarely,No,4,13,6,35,Medium
EMP0581,Research & Development,Manufacturing Director,3,31,Male,SAP,Write,Stable,No,13,8,0,8,Travel_Rarely,No,4,13,6,35,Medium
EMP0581,Research & Development,Manufacturing Director,3,31,Male,SharePoint,Write,Stable,No,13,8,0,8,Travel_Rarely,No,4,13,6,35,Medium
EMP0581,Research & Development,Manufacturing Director,3,31,Male,ServiceNow,Write,Stable,No,13,8,0,8,Travel_Rarely,No,4,13,6,35,Medium
EMP0581,Research & Development,Manufacturing Director,3,31,Male,Lab Systems,Write,Stable,No,13,8,0,8,Travel_Rarely,No,4,13,6,35,Medium
EMP0582,Research & Development,Manager,3,33,Male,Active Directory,Write,Leaver,Yes,7,6,7,7,Travel_Rarely,Yes,3,15,2,80,Critical
EMP0582,Research & Development,Manager,3,33,Male,SAP,Write,Leaver,Yes,7,6,7,7,Travel_Rarely,Yes,3,15,2,80,Critical
EMP0582,Research & Development,Manager,3,33,Male,SharePoint,Write,Leaver,Yes,7,6,7,7,Travel_Rarely,Yes,3,15,2,80,Critical
EMP0582,Research & Development,Manager,3,33,Male,ServiceNow,Write,Leaver,Yes,7,6,7,7,Travel_Rarely,Yes,3,15,2,80,Critical
EMP0582,Research & Development,Manager,3,33,Male,Lab Systems,Write,Leaver,Yes,7,6,7,7,Travel_Rarely,Yes,3,15,2,80,Critical
EMP0584,Research & Development,Laboratory Technician,1,33,Male,Active Directory,Read,Leaver,Yes,4,3,1,3,Travel_Rarely,No,3,8,2,50,High
EMP0584,Research & Development,Laboratory Technician,1,33,Male,SAP,Read,Leaver,Yes,4,3,1,3,Travel_Rarely,No,3,8,2,50,High
EMP0584,Research & Development,Laboratory Technician,1,33,Male,SharePoint,Read,Leaver,Yes,4,3,1,3,Travel_Rarely,No,3,8,2,50,High
EMP0584,Research & Development,Laboratory Technician,1,33,Male,ServiceNow,Read,Leaver,Yes,4,3,1,3,Travel_Rarely,No,3,8,2,50,High
EMP0584,Research & Development,Laboratory Technician,1,33,Male,Lab Systems,Read,Leaver,Yes,4,3,1,3,Travel_Rarely,No,3,8,2,50,High
EMP0585,Sales,Sales Representative,1,30,Male,Active Directory,Read,Stable,No,3,2,1,2,Travel_Rarely,No,3,4,3,10,Low
EMP0585,Sales,Sales Representative,1,30,Male,Salesforce,Read,Stable,No,3,2,1,2,Travel_Rarely,No,3,4,3,10,Low
EMP0585,Sales,Sales Representative,1,30,Male,SharePoint,Read,Stable,No,3,2,1,2,Travel_Rarely,No,3,4,3,10,Low
EMP0585,Sales,Sales Representative,1,30,Male,ServiceNow,Read,Stable,No,3,2,1,2,Travel_Rarely,No,3,4,3,10,Low
EMP0585,Sales,Sales Representative,1,30,Male,CRM Portal,Read,Stable,No,3,2,1,2,Travel_Rarely,No,3,4,3,10,Low
EMP0586,Research & Development,Healthcare Representative,3,35,Male,Active Directory,Read,Stable,No,8,7,0,0,Travel_Rarely,Yes,3,10,2,40,Medium
EMP0586,Research & Development,Healthcare Representative,3,35,Male,SAP,Read,Stable,No,8,7,0,0,Travel_Rarely,Yes,3,10,2,40,Medium
EMP0586,Research & Development,Healthcare Representative,3,35,Male,SharePoint,Read,Stable,No,8,7,0,0,Travel_Rarely,Yes,3,10,2,40,Medium
EMP0586,Research & Development,Healthcare Representative,3,35,Male,ServiceNow,Read,Stable,No,8,7,0,0,Travel_Rarely,Yes,3,10,2,40,Medium
EMP0586,Research & Development,Healthcare Representative,3,35,Male,Lab Systems,Read,Stable,No,8,7,0,0,Travel_Rarely,Yes,3,10,2,40,Medium
EMP0587,Research & Development,Healthcare Representative,3,31,Male,Active Directory,Read,Leaver,Yes,1,0,0,0,Travel_Frequently,No,3,12,2,65,High
EMP0587,Research & Development,Healthcare Representative,3,31,Male,SAP,Read,Leaver,Yes,1,0,0,0,Travel_Frequently,No,3,12,2,65,High
EMP0587,Research & Development,Healthcare Representative,3,31,Male,SharePoint,Read,Leaver,Yes,1,0,0,0,Travel_Frequently,No,3,12,2,65,High
EMP0587,Research & Development,Healthcare Representative,3,31,Male,ServiceNow,Read,Leaver,Yes,1,0,0,0,Travel_Frequently,No,3,12,2,65,High
EMP0587,Research & Development,Healthcare Representative,3,31,Male,Lab Systems,Read,Leaver,Yes,1,0,0,0,Travel_Frequently,No,3,12,2,65,High
EMP0590,Human Resources,Human Resources,3,34,Female,Active Directory,Read,Leaver,Yes,3,2,0,2,Travel_Frequently,Yes,3,11,2,65,High
EMP0590,Human Resources,Human Resources,3,34,Female,Workday,Read,Leaver,Yes,3,2,0,2,Travel_Frequently,Yes,3,11,2,65,High
EMP0590,Human Resources,Human Resources,3,34,Female,SharePoint,Read,Leaver,Yes,3,2,0,2,Travel_Frequently,Yes,3,11,2,65,High
EMP0590,Human Resources,Human Resources,3,34,Female,ServiceNow,Read,Leaver,Yes,3,2,0,2,Travel_Frequently,Yes,3,11,2,65,High
EMP0590,Human Resources,Human Resources,3,34,Female,HR Portal,Read,Leaver,Yes,3,2,0,2,Travel_Frequently,Yes,3,11,2,65,High
EMP0591,Research & Development,Laboratory Technician,1,42,Male,Active Directory,Read,Stable,No,2,2,2,0,Travel_Frequently,No,3,8,4,25,Low
EMP0591,Research & Development,Laboratory Technician,1,42,Male,SAP,Read,Stable,No,2,2,2,0,Travel_Frequently,No,3,8,4,25,Low
EMP0591,Research & Development,Laboratory Technician,1,42,Male,SharePoint,Read,Stable,No,2,2,2,0,Travel_Frequently,No,3,8,4,25,Low
EMP0591,Research & Development,Laboratory Technician,1,42,Male,ServiceNow,Read,Stable,No,2,2,2,0,Travel_Frequently,No,3,8,4,25,Low
EMP0591,Research & Development,Laboratory Technician,1,42,Male,Lab Systems,Read,Stable,No,2,2,2,0,Travel_Frequently,No,3,8,4,25,Low
EMP0592,Sales,Sales Executive,3,36,Male,Active Directory,Write,Stable,No,10,3,9,7,Non-Travel,No,3,10,3,25,Low
EMP0592,Sales,Sales Executive,3,36,Male,Salesforce,Write,Stable,No,10,3,9,7,Non-Travel,No,3,10,3,25,Low
EMP0592,Sales,Sales Executive,3,36,Male,SharePoint,Write,Stable,No,10,3,9,7,Non-Travel,No,3,10,3,25,Low
EMP0592,Sales,Sales Executive,3,36,Male,ServiceNow,Write,Stable,No,10,3,9,7,Non-Travel,No,3,10,3,25,Low
EMP0592,Sales,Sales Executive,3,36,Male,CRM Portal,Write,Stable,No,10,3,9,7,Non-Travel,No,3,10,3,25,Low
EMP0593,Research & Development,Laboratory Technician,1,22,Male,Active Directory,Read,Leaver,Yes,2,2,1,2,Travel_Frequently,No,3,4,3,55,High
EMP0593,Research & Development,Laboratory Technician,1,22,Male,SAP,Read,Leaver,Yes,2,2,1,2,Travel_Frequently,No,3,4,3,55,High
EMP0593,Research & Development,Laboratory Technician,1,22,Male,SharePoint,Read,Leaver,Yes,2,2,1,2,Travel_Frequently,No,3,4,3,55,High
EMP0593,Research & Development,Laboratory Technician,1,22,Male,ServiceNow,Read,Leaver,Yes,2,2,1,2,Travel_Frequently,No,3,4,3,55,High
EMP0593,Research & Development,Laboratory Technician,1,22,Male,Lab Systems,Read,Leaver,Yes,2,2,1,2,Travel_Frequently,No,3,4,3,55,High
EMP0595,Sales,Sales Executive,2,48,Female,Active Directory,Write,Stable,No,9,7,6,7,Travel_Rarely,No,3,14,2,30,Medium
EMP0595,Sales,Sales Executive,2,48,Female,Salesforce,Write,Stable,No,9,7,6,7,Travel_Rarely,No,3,14,2,30,Medium
EMP0595,Sales,Sales Executive,2,48,Female,SharePoint,Write,Stable,No,9,7,6,7,Travel_Rarely,No,3,14,2,30,Medium
EMP0595,Sales,Sales Executive,2,48,Female,ServiceNow,Write,Stable,No,9,7,6,7,Travel_Rarely,No,3,14,2,30,Medium
EMP0595,Sales,Sales Executive,2,48,Female,CRM Portal,Write,Stable,No,9,7,6,7,Travel_Rarely,No,3,14,2,30,Medium
EMP0597,Sales,Manager,4,55,Female,Active Directory,Write,Stable,No,10,9,7,7,Travel_Rarely,No,4,37,2,30,Medium
EMP0597,Sales,Manager,4,55,Female,Salesforce,Write,Stable,No,10,9,7,7,Travel_Rarely,No,4,37,2,30,Medium
EMP0597,Sales,Manager,4,55,Female,SharePoint,Write,Stable,No,10,9,7,7,Travel_Rarely,No,4,37,2,30,Medium
EMP0597,Sales,Manager,4,55,Female,ServiceNow,Write,Stable,No,10,9,7,7,Travel_Rarely,No,4,37,2,30,Medium
EMP0597,Sales,Manager,4,55,Female,CRM Portal,Write,Stable,No,10,9,7,7,Travel_Rarely,No,4,37,2,30,Medium
EMP0599,Sales,Sales Executive,2,41,Male,Active Directory,Write,Stable,No,14,3,1,10,Non-Travel,No,3,16,3,30,Medium
EMP0599,Sales,Sales Executive,2,41,Male,Salesforce,Write,Stable,No,14,3,1,10,Non-Travel,No,3,16,3,30,Medium
EMP0599,Sales,Sales Executive,2,41,Male,SharePoint,Write,Stable,No,14,3,1,10,Non-Travel,No,3,16,3,30,Medium
EMP0599,Sales,Sales Executive,2,41,Male,ServiceNow,Write,Stable,No,14,3,1,10,Non-Travel,No,3,16,3,30,Medium
EMP0599,Sales,Sales Executive,2,41,Male,CRM Portal,Write,Stable,No,14,3,1,10,Non-Travel,No,3,16,3,30,Medium
EMP0600,Sales,Sales Executive,2,35,Male,Active Directory,Write,Stable,No,11,9,6,9,Travel_Rarely,No,3,15,2,35,Medium
EMP0600,Sales,Sales Executive,2,35,Male,Salesforce,Write,Stable,No,11,9,6,9,Travel_Rarely,No,3,15,2,35,Medium
EMP0600,Sales,Sales Executive,2,35,Male,SharePoint,Write,Stable,No,11,9,6,9,Travel_Rarely,No,3,15,2,35,Medium
EMP0600,Sales,Sales Executive,2,35,Male,ServiceNow,Write,Stable,No,11,9,6,9,Travel_Rarely,No,3,15,2,35,Medium
EMP0600,Sales,Sales Executive,2,35,Male,CRM Portal,Write,Stable,No,11,9,6,9,Travel_Rarely,No,3,15,2,35,Medium
EMP0601,Research & Development,Manufacturing Director,4,40,Female,Active Directory,Write,Stable,No,20,6,5,13,Travel_Rarely,No,3,22,3,35,Medium
EMP0601,Research & Development,Manufacturing Director,4,40,Female,SAP,Write,Stable,No,20,6,5,13,Travel_Rarely,No,3,22,3,35,Medium
EMP0601,Research & Development,Manufacturing Director,4,40,Female,SharePoint,Write,Stable,No,20,6,5,13,Travel_Rarely,No,3,22,3,35,Medium
EMP0601,Research & Development,Manufacturing Director,4,40,Female,ServiceNow,Write,Stable,No,20,6,5,13,Travel_Rarely,No,3,22,3,35,Medium
EMP0601,Research & Development,Manufacturing Director,4,40,Female,Lab Systems,Write,Stable,No,20,6,5,13,Travel_Rarely,No,3,22,3,35,Medium
EMP0602,Research & Development,Laboratory Technician,1,39,Female,Active Directory,Read,Stable,No,8,3,0,7,Travel_Frequently,No,3,8,3,25,Low
EMP0602,Research & Development,Laboratory Technician,1,39,Female,SAP,Read,Stable,No,8,3,0,7,Travel_Frequently,No,3,8,3,25,Low
EMP0602,Research & Development,Laboratory Technician,1,39,Female,SharePoint,Read,Stable,No,8,3,0,7,Travel_Frequently,No,3,8,3,25,Low
EMP0602,Research & Development,Laboratory Technician,1,39,Female,ServiceNow,Read,Stable,No,8,3,0,7,Travel_Frequently,No,3,8,3,25,Low
EMP0602,Research & Development,Laboratory Technician,1,39,Female,Lab Systems,Read,Stable,No,8,3,0,7,Travel_Frequently,No,3,8,3,25,Low
EMP0604,Sales,Sales Executive,2,31,Male,Active Directory,Write,Stable,No,6,5,0,5,Travel_Rarely,Yes,3,10,2,40,Medium
EMP0604,Sales,Sales Executive,2,31,Male,Salesforce,Write,Stable,No,6,5,0,5,Travel_Rarely,Yes,3,10,2,40,Medium
EMP0604,Sales,Sales Executive,2,31,Male,SharePoint,Write,Stable,No,6,5,0,5,Travel_Rarely,Yes,3,10,2,40,Medium
EMP0604,Sales,Sales Executive,2,31,Male,ServiceNow,Write,Stable,No,6,5,0,5,Travel_Rarely,Yes,3,10,2,40,Medium
EMP0604,Sales,Sales Executive,2,31,Male,CRM Portal,Write,Stable,No,6,5,0,5,Travel_Rarely,Yes,3,10,2,40,Medium
EMP0605,Research & Development,Manufacturing Director,3,42,Male,Active Directory,Write,Stable,No,10,9,5,8,Travel_Rarely,Yes,4,10,5,40,Medium
EMP0605,Research & Development,Manufacturing Director,3,42,Male,SAP,Write,Stable,No,10,9,5,8,Travel_Rarely,Yes,4,10,5,40,Medium
EMP0605,Research & Development,Manufacturing Director,3,42,Male,SharePoint,Write,Stable,No,10,9,5,8,Travel_Rarely,Yes,4,10,5,40,Medium
EMP0605,Research & Development,Manufacturing Director,3,42,Male,ServiceNow,Write,Stable,No,10,9,5,8,Travel_Rarely,Yes,4,10,5,40,Medium
EMP0605,Research & Development,Manufacturing Director,3,42,Male,Lab Systems,Write,Stable,No,10,9,5,8,Travel_Rarely,Yes,4,10,5,40,Medium
EMP0606,Sales,Sales Executive,2,45,Male,Active Directory,Write,Stable,No,8,7,3,7,Travel_Rarely,No,3,9,3,30,Medium
EMP0606,Sales,Sales Executive,2,45,Male,Salesforce,Write,Stable,No,8,7,3,7,Travel_Rarely,No,3,9,3,30,Medium
EMP0606,Sales,Sales Executive,2,45,Male,SharePoint,Write,Stable,No,8,7,3,7,Travel_Rarely,No,3,9,3,30,Medium
EMP0606,Sales,Sales Executive,2,45,Male,ServiceNow,Write,Stable,No,8,7,3,7,Travel_Rarely,No,3,9,3,30,Medium
EMP0606,Sales,Sales Executive,2,45,Male,CRM Portal,Write,Stable,No,8,7,3,7,Travel_Rarely,No,3,9,3,30,Medium
EMP0608,Human Resources,Human Resources,1,26,Female,Active Directory,Read,Leaver,Yes,7,7,1,0,Travel_Frequently,Yes,3,8,2,85,Critical
EMP0608,Human Resources,Human Resources,1,26,Female,Workday,Read,Leaver,Yes,7,7,1,0,Travel_Frequently,Yes,3,8,2,85,Critical
EMP0608,Human Resources,Human Resources,1,26,Female,SharePoint,Read,Leaver,Yes,7,7,1,0,Travel_Frequently,Yes,3,8,2,85,Critical
EMP0608,Human Resources,Human Resources,1,26,Female,ServiceNow,Read,Leaver,Yes,7,7,1,0,Travel_Frequently,Yes,3,8,2,85,Critical
EMP0608,Human Resources,Human Resources,1,26,Female,HR Portal,Read,Leaver,Yes,7,7,1,0,Travel_Frequently,Yes,3,8,2,85,Critical
EMP0611,Research & Development,Manufacturing Director,2,29,Male,Active Directory,Write,Stable,No,3,2,1,2,Travel_Rarely,No,3,8,2,20,Low
EMP0611,Research & Development,Manufacturing Director,2,29,Male,SAP,Write,Stable,No,3,2,1,2,Travel_Rarely,No,3,8,2,20,Low
EMP0611,Research & Development,Manufacturing Director,2,29,Male,SharePoint,Write,Stable,No,3,2,1,2,Travel_Rarely,No,3,8,2,20,Low
EMP0611,Research & Development,Manufacturing Director,2,29,Male,ServiceNow,Write,Stable,No,3,2,1,2,Travel_Rarely,No,3,8,2,20,Low
EMP0611,Research & Development,Manufacturing Director,2,29,Male,Lab Systems,Write,Stable,No,3,2,1,2,Travel_Rarely,No,3,8,2,20,Low
EMP0612,Research & Development,Research Director,4,33,Female,Active Directory,Admin,Mover,No,6,1,0,5,Travel_Rarely,No,3,10,2,65,High
EMP0612,Research & Development,Research Director,4,33,Female,SAP,Admin,Mover,No,6,1,0,5,Travel_Rarely,No,3,10,2,65,High
EMP0612,Research & Development,Research Director,4,33,Female,SharePoint,Admin,Mover,No,6,1,0,5,Travel_Rarely,No,3,10,2,65,High
EMP0612,Research & Development,Research Director,4,33,Female,ServiceNow,Admin,Mover,No,6,1,0,5,Travel_Rarely,No,3,10,2,65,High
EMP0612,Research & Development,Research Director,4,33,Female,Lab Systems,Admin,Mover,No,6,1,0,5,Travel_Rarely,No,3,10,2,65,High
EMP0613,Sales,Manager,3,31,Male,Active Directory,Write,Stable,No,5,4,0,1,Travel_Rarely,No,4,10,3,30,Medium
EMP0613,Sales,Manager,3,31,Male,Salesforce,Write,Stable,No,5,4,0,1,Travel_Rarely,No,4,10,3,30,Medium
EMP0613,Sales,Manager,3,31,Male,SharePoint,Write,Stable,No,5,4,0,1,Travel_Rarely,No,4,10,3,30,Medium
EMP0613,Sales,Manager,3,31,Male,ServiceNow,Write,Stable,No,5,4,0,1,Travel_Rarely,No,4,10,3,30,Medium
EMP0613,Sales,Manager,3,31,Male,CRM Portal,Write,Stable,No,5,4,0,1,Travel_Rarely,No,4,10,3,30,Medium
EMP0614,Sales,Sales Representative,1,18,Male,Active Directory,Read,Leaver,Yes,0,0,0,0,Travel_Frequently,Yes,3,0,3,75,Critical
EMP0614,Sales,Sales Representative,1,18,Male,Salesforce,Read,Leaver,Yes,0,0,0,0,Travel_Frequently,Yes,3,0,3,75,Critical
EMP0614,Sales,Sales Representative,1,18,Male,SharePoint,Read,Leaver,Yes,0,0,0,0,Travel_Frequently,Yes,3,0,3,75,Critical
EMP0614,Sales,Sales Representative,1,18,Male,ServiceNow,Read,Leaver,Yes,0,0,0,0,Travel_Frequently,Yes,3,0,3,75,Critical
EMP0614,Sales,Sales Representative,1,18,Male,CRM Portal,Read,Leaver,Yes,0,0,0,0,Travel_Frequently,Yes,3,0,3,75,Critical
EMP0615,Sales,Sales Executive,3,40,Male,Active Directory,Write,Mover,No,1,0,0,1,Non-Travel,No,3,20,2,45,Medium
EMP0615,Sales,Sales Executive,3,40,Male,Salesforce,Write,Mover,No,1,0,0,1,Non-Travel,No,3,20,2,45,Medium
EMP0615,Sales,Sales Executive,3,40,Male,SharePoint,Write,Mover,No,1,0,0,1,Non-Travel,No,3,20,2,45,Medium
EMP0615,Sales,Sales Executive,3,40,Male,ServiceNow,Write,Mover,No,1,0,0,1,Non-Travel,No,3,20,2,45,Medium
EMP0615,Sales,Sales Executive,3,40,Male,CRM Portal,Write,Mover,No,1,0,0,1,Non-Travel,No,3,20,2,45,Medium
EMP0616,Research & Development,Healthcare Representative,2,41,Female,Active Directory,Read,Stable,No,8,7,0,7,Non-Travel,Yes,3,10,3,25,Low
EMP0616,Research & Development,Healthcare Representative,2,41,Female,SAP,Read,Stable,No,8,7,0,7,Non-Travel,Yes,3,10,3,25,Low
EMP0616,Research & Development,Healthcare Representative,2,41,Female,SharePoint,Read,Stable,No,8,7,0,7,Non-Travel,Yes,3,10,3,25,Low
EMP0616,Research & Development,Healthcare Representative,2,41,Female,ServiceNow,Read,Stable,No,8,7,0,7,Non-Travel,Yes,3,10,3,25,Low
EMP0616,Research & Development,Healthcare Representative,2,41,Female,Lab Systems,Read,Stable,No,8,7,0,7,Non-Travel,Yes,3,10,3,25,Low
EMP0618,Sales,Sales Executive,2,26,Male,Active Directory,Write,Mover,No,0,0,0,0,Travel_Rarely,No,3,8,5,50,High
EMP0618,Sales,Sales Executive,2,26,Male,Salesforce,Write,Mover,No,0,0,0,0,Travel_Rarely,No,3,8,5,50,High
EMP0618,Sales,Sales Executive,2,26,Male,SharePoint,Write,Mover,No,0,0,0,0,Travel_Rarely,No,3,8,5,50,High
EMP0618,Sales,Sales Executive,2,26,Male,ServiceNow,Write,Mover,No,0,0,0,0,Travel_Rarely,No,3,8,5,50,High
EMP0618,Sales,Sales Executive,2,26,Male,CRM Portal,Write,Mover,No,0,0,0,0,Travel_Rarely,No,3,8,5,50,High
EMP0620,Sales,Sales Executive,2,35,Female,Active Directory,Write,Stable,No,5,4,0,3,Travel_Rarely,No,3,5,3,20,Low
EMP0620,Sales,Sales Executive,2,35,Female,Salesforce,Write,Stable,No,5,4,0,3,Travel_Rarely,No,3,5,3,20,Low
EMP0620,Sales,Sales Executive,2,35,Female,SharePoint,Write,Stable,No,5,4,0,3,Travel_Rarely,No,3,5,3,20,Low
EMP0620,Sales,Sales Executive,2,35,Female,ServiceNow,Write,Stable,No,5,4,0,3,Travel_Rarely,No,3,5,3,20,Low
EMP0620,Sales,Sales Executive,2,35,Female,CRM Portal,Write,Stable,No,5,4,0,3,Travel_Rarely,No,3,5,3,20,Low
EMP0621,Sales,Sales Executive,2,34,Male,Active Directory,Write,Stable,No,10,7,5,7,Travel_Rarely,No,3,10,3,30,Medium
EMP0621,Sales,Sales Executive,2,34,Male,Salesforce,Write,Stable,No,10,7,5,7,Travel_Rarely,No,3,10,3,30,Medium
EMP0621,Sales,Sales Executive,2,34,Male,SharePoint,Write,Stable,No,10,7,5,7,Travel_Rarely,No,3,10,3,30,Medium
EMP0621,Sales,Sales Executive,2,34,Male,ServiceNow,Write,Stable,No,10,7,5,7,Travel_Rarely,No,3,10,3,30,Medium
EMP0621,Sales,Sales Executive,2,34,Male,CRM Portal,Write,Stable,No,10,7,5,7,Travel_Rarely,No,3,10,3,30,Medium
EMP0622,Research & Development,Laboratory Technician,1,26,Male,Active Directory,Read,Leaver,Yes,1,0,0,0,Travel_Rarely,Yes,3,1,3,70,Critical
EMP0622,Research & Development,Laboratory Technician,1,26,Male,SAP,Read,Leaver,Yes,1,0,0,0,Travel_Rarely,Yes,3,1,3,70,Critical
EMP0622,Research & Development,Laboratory Technician,1,26,Male,SharePoint,Read,Leaver,Yes,1,0,0,0,Travel_Rarely,Yes,3,1,3,70,Critical
EMP0622,Research & Development,Laboratory Technician,1,26,Male,ServiceNow,Read,Leaver,Yes,1,0,0,0,Travel_Rarely,Yes,3,1,3,70,Critical
EMP0622,Research & Development,Laboratory Technician,1,26,Male,Lab Systems,Read,Leaver,Yes,1,0,0,0,Travel_Rarely,Yes,3,1,3,70,Critical
EMP0623,Research & Development,Manufacturing Director,3,37,Female,Active Directory,Write,Stable,No,6,5,1,2,Travel_Rarely,No,3,12,3,30,Medium
EMP0623,Research & Development,Manufacturing Director,3,37,Female,SAP,Write,Stable,No,6,5,1,2,Travel_Rarely,No,3,12,3,30,Medium
EMP0623,Research & Development,Manufacturing Director,3,37,Female,SharePoint,Write,Stable,No,6,5,1,2,Travel_Rarely,No,3,12,3,30,Medium
EMP0623,Research & Development,Manufacturing Director,3,37,Female,ServiceNow,Write,Stable,No,6,5,1,2,Travel_Rarely,No,3,12,3,30,Medium
EMP0623,Research & Development,Manufacturing Director,3,37,Female,Lab Systems,Write,Stable,No,6,5,1,2,Travel_Rarely,No,3,12,3,30,Medium
EMP0624,Research & Development,Healthcare Representative,3,46,Female,Active Directory,Read,Stable,No,2,2,1,2,Travel_Frequently,No,3,28,3,15,Low
EMP0624,Research & Development,Healthcare Representative,3,46,Female,SAP,Read,Stable,No,2,2,1,2,Travel_Frequently,No,3,28,3,15,Low
EMP0624,Research & Development,Healthcare Representative,3,46,Female,SharePoint,Read,Stable,No,2,2,1,2,Travel_Frequently,No,3,28,3,15,Low
EMP0624,Research & Development,Healthcare Representative,3,46,Female,ServiceNow,Read,Stable,No,2,2,1,2,Travel_Frequently,No,3,28,3,15,Low
EMP0624,Research & Development,Healthcare Representative,3,46,Female,Lab Systems,Read,Stable,No,2,2,1,2,Travel_Frequently,No,3,28,3,15,Low
EMP0625,Sales,Manager,4,41,Female,Active Directory,Write,Stable,No,18,16,11,8,Travel_Rarely,No,3,22,2,35,Medium
EMP0625,Sales,Manager,4,41,Female,Salesforce,Write,Stable,No,18,16,11,8,Travel_Rarely,No,3,22,2,35,Medium
EMP0625,Sales,Manager,4,41,Female,SharePoint,Write,Stable,No,18,16,11,8,Travel_Rarely,No,3,22,2,35,Medium
EMP0625,Sales,Manager,4,41,Female,ServiceNow,Write,Stable,No,18,16,11,8,Travel_Rarely,No,3,22,2,35,Medium
EMP0625,Sales,Manager,4,41,Female,CRM Portal,Write,Stable,No,18,16,11,8,Travel_Rarely,No,3,22,2,35,Medium
EMP0626,Sales,Sales Executive,3,37,Male,Active Directory,Write,Stable,No,9,5,7,7,Non-Travel,No,3,9,6,25,Low
EMP0626,Sales,Sales Executive,3,37,Male,Salesforce,Write,Stable,No,9,5,7,7,Non-Travel,No,3,9,6,25,Low
EMP0626,Sales,Sales Executive,3,37,Male,SharePoint,Write,Stable,No,9,5,7,7,Non-Travel,No,3,9,6,25,Low
EMP0626,Sales,Sales Executive,3,37,Male,ServiceNow,Write,Stable,No,9,5,7,7,Non-Travel,No,3,9,6,25,Low
EMP0626,Sales,Sales Executive,3,37,Male,CRM Portal,Write,Stable,No,9,5,7,7,Non-Travel,No,3,9,6,25,Low
EMP0630,Research & Development,Research Scientist,2,52,Male,Active Directory,Write,Stable,No,10,9,6,9,Travel_Rarely,Yes,3,18,3,40,Medium
EMP0630,Research & Development,Research Scientist,2,52,Male,SAP,Write,Stable,No,10,9,6,9,Travel_Rarely,Yes,3,18,3,40,Medium
EMP0630,Research & Development,Research Scientist,2,52,Male,SharePoint,Write,Stable,No,10,9,6,9,Travel_Rarely,Yes,3,18,3,40,Medium
EMP0630,Research & Development,Research Scientist,2,52,Male,ServiceNow,Write,Stable,No,10,9,6,9,Travel_Rarely,Yes,3,18,3,40,Medium
EMP0630,Research & Development,Research Scientist,2,52,Male,Lab Systems,Write,Stable,No,10,9,6,9,Travel_Rarely,Yes,3,18,3,40,Medium
EMP0631,Sales,Sales Executive,2,32,Male,Active Directory,Write,Leaver,Yes,4,2,1,2,Non-Travel,No,3,6,2,55,High
EMP0631,Sales,Sales Executive,2,32,Male,Salesforce,Write,Leaver,Yes,4,2,1,2,Non-Travel,No,3,6,2,55,High
EMP0631,Sales,Sales Executive,2,32,Male,SharePoint,Write,Leaver,Yes,4,2,1,2,Non-Travel,No,3,6,2,55,High
EMP0631,Sales,Sales Executive,2,32,Male,ServiceNow,Write,Leaver,Yes,4,2,1,2,Non-Travel,No,3,6,2,55,High
EMP0631,Sales,Sales Executive,2,32,Male,CRM Portal,Write,Leaver,Yes,4,2,1,2,Non-Travel,No,3,6,2,55,High
EMP0632,Sales,Sales Representative,1,24,Male,Active Directory,Read,Stable,No,2,2,2,1,Travel_Frequently,No,3,3,3,25,Low
EMP0632,Sales,Sales Representative,1,24,Male,Salesforce,Read,Stable,No,2,2,2,1,Travel_Frequently,No,3,3,3,25,Low
EMP0632,Sales,Sales Representative,1,24,Male,SharePoint,Read,Stable,No,2,2,2,1,Travel_Frequently,No,3,3,3,25,Low
EMP0632,Sales,Sales Representative,1,24,Male,ServiceNow,Read,Stable,No,2,2,2,1,Travel_Frequently,No,3,3,3,25,Low
EMP0632,Sales,Sales Representative,1,24,Male,CRM Portal,Read,Stable,No,2,2,2,1,Travel_Frequently,No,3,3,3,25,Low
EMP0634,Research & Development,Healthcare Representative,2,38,Female,Active Directory,Read,Mover,No,1,0,0,0,Travel_Rarely,No,3,18,4,40,Medium
EMP0634,Research & Development,Healthcare Representative,2,38,Female,SAP,Read,Mover,No,1,0,0,0,Travel_Rarely,No,3,18,4,40,Medium
EMP0634,Research & Development,Healthcare Representative,2,38,Female,SharePoint,Read,Mover,No,1,0,0,0,Travel_Rarely,No,3,18,4,40,Medium
EMP0634,Research & Development,Healthcare Representative,2,38,Female,ServiceNow,Read,Mover,No,1,0,0,0,Travel_Rarely,No,3,18,4,40,Medium
EMP0634,Research & Development,Healthcare Representative,2,38,Female,Lab Systems,Read,Mover,No,1,0,0,0,Travel_Rarely,No,3,18,4,40,Medium
EMP0635,Research & Development,Manufacturing Director,2,37,Female,Active Directory,Write,Stable,No,6,5,4,3,Travel_Rarely,No,3,8,2,30,Medium
EMP0635,Research & Development,Manufacturing Director,2,37,Female,SAP,Write,Stable,No,6,5,4,3,Travel_Rarely,No,3,8,2,30,Medium
EMP0635,Research & Development,Manufacturing Director,2,37,Female,SharePoint,Write,Stable,No,6,5,4,3,Travel_Rarely,No,3,8,2,30,Medium
EMP0635,Research & Development,Manufacturing Director,2,37,Female,ServiceNow,Write,Stable,No,6,5,4,3,Travel_Rarely,No,3,8,2,30,Medium
EMP0635,Research & Development,Manufacturing Director,2,37,Female,Lab Systems,Write,Stable,No,6,5,4,3,Travel_Rarely,No,3,8,2,30,Medium
EMP0638,Research & Development,Research Director,5,49,Male,Active Directory,Admin,Stable,No,31,9,0,9,Travel_Rarely,Yes,3,31,5,60,High
EMP0638,Research & Development,Research Director,5,49,Male,SAP,Admin,Stable,No,31,9,0,9,Travel_Rarely,Yes,3,31,5,60,High
EMP0638,Research & Development,Research Director,5,49,Male,SharePoint,Admin,Stable,No,31,9,0,9,Travel_Rarely,Yes,3,31,5,60,High
EMP0638,Research & Development,Research Director,5,49,Male,ServiceNow,Admin,Stable,No,31,9,0,9,Travel_Rarely,Yes,3,31,5,60,High
EMP0638,Research & Development,Research Director,5,49,Male,Lab Systems,Admin,Stable,No,31,9,0,9,Travel_Rarely,Yes,3,31,5,60,High
EMP0639,Research & Development,Research Scientist,1,24,Male,Active Directory,Write,Stable,No,6,5,1,4,Travel_Rarely,Yes,3,6,3,40,Medium
EMP0639,Research & Development,Research Scientist,1,24,Male,SAP,Write,Stable,No,6,5,1,4,Travel_Rarely,Yes,3,6,3,40,Medium
EMP0639,Research & Development,Research Scientist,1,24,Male,SharePoint,Write,Stable,No,6,5,1,4,Travel_Rarely,Yes,3,6,3,40,Medium
EMP0639,Research & Development,Research Scientist,1,24,Male,ServiceNow,Write,Stable,No,6,5,1,4,Travel_Rarely,Yes,3,6,3,40,Medium
EMP0639,Research & Development,Research Scientist,1,24,Male,Lab Systems,Write,Stable,No,6,5,1,4,Travel_Rarely,Yes,3,6,3,40,Medium
EMP0641,Sales,Sales Executive,2,26,Male,Active Directory,Write,Stable,No,5,3,1,4,Travel_Rarely,No,4,6,5,20,Low
EMP0641,Sales,Sales Executive,2,26,Male,Salesforce,Write,Stable,No,5,3,1,4,Travel_Rarely,No,4,6,5,20,Low
EMP0641,Sales,Sales Executive,2,26,Male,SharePoint,Write,Stable,No,5,3,1,4,Travel_Rarely,No,4,6,5,20,Low
EMP0641,Sales,Sales Executive,2,26,Male,ServiceNow,Write,Stable,No,5,3,1,4,Travel_Rarely,No,4,6,5,20,Low
EMP0641,Sales,Sales Executive,2,26,Male,CRM Portal,Write,Stable,No,5,3,1,4,Travel_Rarely,No,4,6,5,20,Low
EMP0643,Research & Development,Laboratory Technician,1,24,Male,Active Directory,Read,Mover,No,1,0,0,0,Travel_Rarely,No,4,1,2,40,Medium
EMP0643,Research & Development,Laboratory Technician,1,24,Male,SAP,Read,Mover,No,1,0,0,0,Travel_Rarely,No,4,1,2,40,Medium
EMP0643,Research & Development,Laboratory Technician,1,24,Male,SharePoint,Read,Mover,No,1,0,0,0,Travel_Rarely,No,4,1,2,40,Medium
EMP0643,Research & Development,Laboratory Technician,1,24,Male,ServiceNow,Read,Mover,No,1,0,0,0,Travel_Rarely,No,4,1,2,40,Medium
EMP0643,Research & Development,Laboratory Technician,1,24,Male,Lab Systems,Read,Mover,No,1,0,0,0,Travel_Rarely,No,4,1,2,40,Medium
EMP0644,Human Resources,Manager,5,50,Male,Active Directory,Write,Stable,No,32,5,10,7,Travel_Frequently,No,3,32,2,40,Medium
EMP0644,Human Resources,Manager,5,50,Male,Workday,Write,Stable,No,32,5,10,7,Travel_Frequently,No,3,32,2,40,Medium
EMP0644,Human Resources,Manager,5,50,Male,SharePoint,Write,Stable,No,32,5,10,7,Travel_Frequently,No,3,32,2,40,Medium
EMP0644,Human Resources,Manager,5,50,Male,ServiceNow,Write,Stable,No,32,5,10,7,Travel_Frequently,No,3,32,2,40,Medium
EMP0644,Human Resources,Manager,5,50,Male,HR Portal,Write,Stable,No,32,5,10,7,Travel_Frequently,No,3,32,2,40,Medium
EMP0645,Sales,Sales Representative,1,25,Male,Active Directory,Read,Stable,No,7,4,0,6,Travel_Rarely,No,3,7,1,20,Low
EMP0645,Sales,Sales Representative,1,25,Male,Salesforce,Read,Stable,No,7,4,0,6,Travel_Rarely,No,3,7,1,20,Low
EMP0645,Sales,Sales Representative,1,25,Male,SharePoint,Read,Stable,No,7,4,0,6,Travel_Rarely,No,3,7,1,20,Low
EMP0645,Sales,Sales Representative,1,25,Male,ServiceNow,Read,Stable,No,7,4,0,6,Travel_Rarely,No,3,7,1,20,Low
EMP0645,Sales,Sales Representative,1,25,Male,CRM Portal,Read,Stable,No,7,4,0,6,Travel_Rarely,No,3,7,1,20,Low
EMP0647,Research & Development,Laboratory Technician,1,24,Female,Active Directory,Read,Leaver,Yes,6,3,1,2,Travel_Frequently,Yes,3,6,4,75,Critical
EMP0647,Research & Development,Laboratory Technician,1,24,Female,SAP,Read,Leaver,Yes,6,3,1,2,Travel_Frequently,Yes,3,6,4,75,Critical
EMP0647,Research & Development,Laboratory Technician,1,24,Female,SharePoint,Read,Leaver,Yes,6,3,1,2,Travel_Frequently,Yes,3,6,4,75,Critical
EMP0647,Research & Development,Laboratory Technician,1,24,Female,ServiceNow,Read,Leaver,Yes,6,3,1,2,Travel_Frequently,Yes,3,6,4,75,Critical
EMP0647,Research & Development,Laboratory Technician,1,24,Female,Lab Systems,Read,Leaver,Yes,6,3,1,2,Travel_Frequently,Yes,3,6,4,75,Critical
EMP0648,Sales,Sales Representative,1,30,Male,Active Directory,Read,Leaver,Yes,1,0,0,0,Travel_Frequently,No,3,1,2,65,High
EMP0648,Sales,Sales Representative,1,30,Male,Salesforce,Read,Leaver,Yes,1,0,0,0,Travel_Frequently,No,3,1,2,65,High
EMP0648,Sales,Sales Representative,1,30,Male,SharePoint,Read,Leaver,Yes,1,0,0,0,Travel_Frequently,No,3,1,2,65,High
EMP0648,Sales,Sales Representative,1,30,Male,ServiceNow,Read,Leaver,Yes,1,0,0,0,Travel_Frequently,No,3,1,2,65,High
EMP0648,Sales,Sales Representative,1,30,Male,CRM Portal,Read,Leaver,Yes,1,0,0,0,Travel_Frequently,No,3,1,2,65,High
EMP0649,Research & Development,Research Scientist,1,34,Male,Active Directory,Write,Stable,No,6,5,1,3,Travel_Rarely,Yes,3,6,3,40,Medium
EMP0649,Research & Development,Research Scientist,1,34,Male,SAP,Write,Stable,No,6,5,1,3,Travel_Rarely,Yes,3,6,3,40,Medium
EMP0649,Research & Development,Research Scientist,1,34,Male,SharePoint,Write,Stable,No,6,5,1,3,Travel_Rarely,Yes,3,6,3,40,Medium
EMP0649,Research & Development,Research Scientist,1,34,Male,ServiceNow,Write,Stable,No,6,5,1,3,Travel_Rarely,Yes,3,6,3,40,Medium
EMP0649,Research & Development,Research Scientist,1,34,Male,Lab Systems,Write,Stable,No,6,5,1,3,Travel_Rarely,Yes,3,6,3,40,Medium
EMP0650,Sales,Sales Executive,2,31,Male,Active Directory,Write,Leaver,Yes,3,1,1,2,Travel_Rarely,No,3,9,2,60,High
EMP0650,Sales,Sales Executive,2,31,Male,Salesforce,Write,Leaver,Yes,3,1,1,2,Travel_Rarely,No,3,9,2,60,High
EMP0650,Sales,Sales Executive,2,31,Male,SharePoint,Write,Leaver,Yes,3,1,1,2,Travel_Rarely,No,3,9,2,60,High
EMP0650,Sales,Sales Executive,2,31,Male,ServiceNow,Write,Leaver,Yes,3,1,1,2,Travel_Rarely,No,3,9,2,60,High
EMP0650,Sales,Sales Executive,2,31,Male,CRM Portal,Write,Leaver,Yes,3,1,1,2,Travel_Rarely,No,3,9,2,60,High
EMP0652,Research & Development,Laboratory Technician,2,35,Male,Active Directory,Read,Stable,No,3,2,0,2,Travel_Rarely,No,3,9,3,10,Low
EMP0652,Research & Development,Laboratory Technician,2,35,Male,SAP,Read,Stable,No,3,2,0,2,Travel_Rarely,No,3,9,3,10,Low
EMP0652,Research & Development,Laboratory Technician,2,35,Male,SharePoint,Read,Stable,No,3,2,0,2,Travel_Rarely,No,3,9,3,10,Low
EMP0652,Research & Development,Laboratory Technician,2,35,Male,ServiceNow,Read,Stable,No,3,2,0,2,Travel_Rarely,No,3,9,3,10,Low
EMP0652,Research & Development,Laboratory Technician,2,35,Male,Lab Systems,Read,Stable,No,3,2,0,2,Travel_Rarely,No,3,9,3,10,Low
EMP0653,Sales,Sales Executive,2,31,Male,Active Directory,Write,Stable,No,7,7,5,7,Travel_Rarely,No,4,13,4,30,Medium
EMP0653,Sales,Sales Executive,2,31,Male,Salesforce,Write,Stable,No,7,7,5,7,Travel_Rarely,No,4,13,4,30,Medium
EMP0653,Sales,Sales Executive,2,31,Male,SharePoint,Write,Stable,No,7,7,5,7,Travel_Rarely,No,4,13,4,30,Medium
EMP0653,Sales,Sales Executive,2,31,Male,ServiceNow,Write,Stable,No,7,7,5,7,Travel_Rarely,No,4,13,4,30,Medium
EMP0653,Sales,Sales Executive,2,31,Male,CRM Portal,Write,Stable,No,7,7,5,7,Travel_Rarely,No,4,13,4,30,Medium
EMP0655,Research & Development,Research Scientist,1,27,Female,Active Directory,Write,Stable,No,5,3,0,3,Travel_Rarely,No,3,6,5,20,Low
EMP0655,Research & Development,Research Scientist,1,27,Female,SAP,Write,Stable,No,5,3,0,3,Travel_Rarely,No,3,6,5,20,Low
EMP0655,Research & Development,Research Scientist,1,27,Female,SharePoint,Write,Stable,No,5,3,0,3,Travel_Rarely,No,3,6,5,20,Low
EMP0655,Research & Development,Research Scientist,1,27,Female,ServiceNow,Write,Stable,No,5,3,0,3,Travel_Rarely,No,3,6,5,20,Low
EMP0655,Research & Development,Research Scientist,1,27,Female,Lab Systems,Write,Stable,No,5,3,0,3,Travel_Rarely,No,3,6,5,20,Low
EMP0656,Sales,Sales Executive,2,37,Male,Active Directory,Write,Mover,No,3,0,1,0,Travel_Rarely,Yes,3,17,3,60,High
EMP0656,Sales,Sales Executive,2,37,Male,Salesforce,Write,Mover,No,3,0,1,0,Travel_Rarely,Yes,3,17,3,60,High
EMP0656,Sales,Sales Executive,2,37,Male,SharePoint,Write,Mover,No,3,0,1,0,Travel_Rarely,Yes,3,17,3,60,High
EMP0656,Sales,Sales Executive,2,37,Male,ServiceNow,Write,Mover,No,3,0,1,0,Travel_Rarely,Yes,3,17,3,60,High
EMP0656,Sales,Sales Executive,2,37,Male,CRM Portal,Write,Mover,No,3,0,1,0,Travel_Rarely,Yes,3,17,3,60,High
EMP0657,Research & Development,Research Scientist,1,20,Female,Active Directory,Write,Mover,No,1,0,0,0,Travel_Rarely,No,3,1,0,50,High
EMP0657,Research & Development,Research Scientist,1,20,Female,SAP,Write,Mover,No,1,0,0,0,Travel_Rarely,No,3,1,0,50,High
EMP0657,Research & Development,Research Scientist,1,20,Female,SharePoint,Write,Mover,No,1,0,0,0,Travel_Rarely,No,3,1,0,50,High
EMP0657,Research & Development,Research Scientist,1,20,Female,ServiceNow,Write,Mover,No,1,0,0,0,Travel_Rarely,No,3,1,0,50,High
EMP0657,Research & Development,Research Scientist,1,20,Female,Lab Systems,Write,Mover,No,1,0,0,0,Travel_Rarely,No,3,1,0,50,High
EMP0659,Research & Development,Healthcare Representative,2,42,Female,Active Directory,Read,Stable,No,10,2,2,2,Travel_Rarely,No,3,10,4,20,Low
EMP0659,Research & Development,Healthcare Representative,2,42,Female,SAP,Read,Stable,No,10,2,2,2,Travel_Rarely,No,3,10,4,20,Low
EMP0659,Research & Development,Healthcare Representative,2,42,Female,SharePoint,Read,Stable,No,10,2,2,2,Travel_Rarely,No,3,10,4,20,Low
EMP0659,Research & Development,Healthcare Representative,2,42,Female,ServiceNow,Read,Stable,No,10,2,2,2,Travel_Rarely,No,3,10,4,20,Low
EMP0659,Research & Development,Healthcare Representative,2,42,Female,Lab Systems,Read,Stable,No,10,2,2,2,Travel_Rarely,No,3,10,4,20,Low
EMP0661,Research & Development,Research Director,4,43,Male,Active Directory,Admin,Mover,No,1,0,0,0,Travel_Rarely,Yes,3,21,3,75,Critical
EMP0661,Research & Development,Research Director,4,43,Male,SAP,Admin,Mover,No,1,0,0,0,Travel_Rarely,Yes,3,21,3,75,Critical
EMP0661,Research & Development,Research Director,4,43,Male,SharePoint,Admin,Mover,No,1,0,0,0,Travel_Rarely,Yes,3,21,3,75,Critical
EMP0661,Research & Development,Research Director,4,43,Male,ServiceNow,Admin,Mover,No,1,0,0,0,Travel_Rarely,Yes,3,21,3,75,Critical
EMP0661,Research & Development,Research Director,4,43,Male,Lab Systems,Admin,Mover,No,1,0,0,0,Travel_Rarely,Yes,3,21,3,75,Critical
EMP0662,Research & Development,Research Scientist,1,38,Female,Active Directory,Write,Mover,No,0,0,0,0,Travel_Rarely,No,3,8,3,50,High
EMP0662,Research & Development,Research Scientist,1,38,Female,SAP,Write,Mover,No,0,0,0,0,Travel_Rarely,No,3,8,3,50,High
EMP0662,Research & Development,Research Scientist,1,38,Female,SharePoint,Write,Mover,No,0,0,0,0,Travel_Rarely,No,3,8,3,50,High
EMP0662,Research & Development,Research Scientist,1,38,Female,ServiceNow,Write,Mover,No,0,0,0,0,Travel_Rarely,No,3,8,3,50,High
EMP0662,Research & Development,Research Scientist,1,38,Female,Lab Systems,Write,Mover,No,0,0,0,0,Travel_Rarely,No,3,8,3,50,High
EMP0663,Research & Development,Laboratory Technician,2,43,Male,Active Directory,Read,Stable,No,8,7,4,7,Travel_Frequently,Yes,3,10,3,35,Medium
EMP0663,Research & Development,Laboratory Technician,2,43,Male,SAP,Read,Stable,No,8,7,4,7,Travel_Frequently,Yes,3,10,3,35,Medium
EMP0663,Research & Development,Laboratory Technician,2,43,Male,SharePoint,Read,Stable,No,8,7,4,7,Travel_Frequently,Yes,3,10,3,35,Medium
EMP0663,Research & Development,Laboratory Technician,2,43,Male,ServiceNow,Read,Stable,No,8,7,4,7,Travel_Frequently,Yes,3,10,3,35,Medium
EMP0663,Research & Development,Laboratory Technician,2,43,Male,Lab Systems,Read,Stable,No,8,7,4,7,Travel_Frequently,Yes,3,10,3,35,Medium
EMP0664,Research & Development,Manager,4,48,Female,Active Directory,Write,Stable,No,3,2,0,2,Travel_Rarely,No,3,21,3,20,Low
EMP0664,Research & Development,Manager,4,48,Female,SAP,Write,Stable,No,3,2,0,2,Travel_Rarely,No,3,21,3,20,Low
EMP0664,Research & Development,Manager,4,48,Female,SharePoint,Write,Stable,No,3,2,0,2,Travel_Rarely,No,3,21,3,20,Low
EMP0664,Research & Development,Manager,4,48,Female,ServiceNow,Write,Stable,No,3,2,0,2,Travel_Rarely,No,3,21,3,20,Low
EMP0664,Research & Development,Manager,4,48,Female,Lab Systems,Write,Stable,No,3,2,0,2,Travel_Rarely,No,3,21,3,20,Low
EMP0665,Human Resources,Human Resources,2,44,Female,Active Directory,Read,Stable,No,2,2,0,2,Travel_Rarely,No,3,10,1,10,Low
EMP0665,Human Resources,Human Resources,2,44,Female,Workday,Read,Stable,No,2,2,0,2,Travel_Rarely,No,3,10,1,10,Low
EMP0665,Human Resources,Human Resources,2,44,Female,SharePoint,Read,Stable,No,2,2,0,2,Travel_Rarely,No,3,10,1,10,Low
EMP0665,Human Resources,Human Resources,2,44,Female,ServiceNow,Read,Stable,No,2,2,0,2,Travel_Rarely,No,3,10,1,10,Low
EMP0665,Human Resources,Human Resources,2,44,Female,HR Portal,Read,Stable,No,2,2,0,2,Travel_Rarely,No,3,10,1,10,Low
EMP0666,Sales,Sales Representative,1,34,Female,Active Directory,Read,Stable,No,8,2,0,6,Travel_Rarely,Yes,3,8,3,30,Medium
EMP0666,Sales,Sales Representative,1,34,Female,Salesforce,Read,Stable,No,8,2,0,6,Travel_Rarely,Yes,3,8,3,30,Medium
EMP0666,Sales,Sales Representative,1,34,Female,SharePoint,Read,Stable,No,8,2,0,6,Travel_Rarely,Yes,3,8,3,30,Medium
EMP0666,Sales,Sales Representative,1,34,Female,ServiceNow,Read,Stable,No,8,2,0,6,Travel_Rarely,Yes,3,8,3,30,Medium
EMP0666,Sales,Sales Representative,1,34,Female,CRM Portal,Read,Stable,No,8,2,0,6,Travel_Rarely,Yes,3,8,3,30,Medium
EMP0667,Sales,Sales Representative,1,27,Male,Active Directory,Read,Leaver,Yes,4,3,0,2,Travel_Rarely,No,3,5,3,50,High
EMP0667,Sales,Sales Representative,1,27,Male,Salesforce,Read,Leaver,Yes,4,3,0,2,Travel_Rarely,No,3,5,3,50,High
EMP0667,Sales,Sales Representative,1,27,Male,SharePoint,Read,Leaver,Yes,4,3,0,2,Travel_Rarely,No,3,5,3,50,High
EMP0667,Sales,Sales Representative,1,27,Male,ServiceNow,Read,Leaver,Yes,4,3,0,2,Travel_Rarely,No,3,5,3,50,High
EMP0667,Sales,Sales Representative,1,27,Male,CRM Portal,Read,Leaver,Yes,4,3,0,2,Travel_Rarely,No,3,5,3,50,High
EMP0669,Sales,Sales Representative,1,21,Male,Active Directory,Read,Stable,No,3,2,1,2,Travel_Rarely,No,3,3,2,10,Low
EMP0669,Sales,Sales Representative,1,21,Male,Salesforce,Read,Stable,No,3,2,1,2,Travel_Rarely,No,3,3,2,10,Low
EMP0669,Sales,Sales Representative,1,21,Male,SharePoint,Read,Stable,No,3,2,1,2,Travel_Rarely,No,3,3,2,10,Low
EMP0669,Sales,Sales Representative,1,21,Male,ServiceNow,Read,Stable,No,3,2,1,2,Travel_Rarely,No,3,3,2,10,Low
EMP0669,Sales,Sales Representative,1,21,Male,CRM Portal,Read,Stable,No,3,2,1,2,Travel_Rarely,No,3,3,2,10,Low
EMP0671,Research & Development,Manager,5,44,Male,Active Directory,Write,Stable,No,2,2,0,1,Travel_Rarely,Yes,3,26,2,40,Medium
EMP0671,Research & Development,Manager,5,44,Male,SAP,Write,Stable,No,2,2,0,1,Travel_Rarely,Yes,3,26,2,40,Medium
EMP0671,Research & Development,Manager,5,44,Male,SharePoint,Write,Stable,No,2,2,0,1,Travel_Rarely,Yes,3,26,2,40,Medium
EMP0671,Research & Development,Manager,5,44,Male,ServiceNow,Write,Stable,No,2,2,0,1,Travel_Rarely,Yes,3,26,2,40,Medium
EMP0671,Research & Development,Manager,5,44,Male,Lab Systems,Write,Stable,No,2,2,0,1,Travel_Rarely,Yes,3,26,2,40,Medium
EMP0675,Research & Development,Research Scientist,1,22,Male,Active Directory,Write,Stable,No,2,2,2,2,Travel_Rarely,No,4,3,3,20,Low
EMP0675,Research & Development,Research Scientist,1,22,Male,SAP,Write,Stable,No,2,2,2,2,Travel_Rarely,No,4,3,3,20,Low
EMP0675,Research & Development,Research Scientist,1,22,Male,SharePoint,Write,Stable,No,2,2,2,2,Travel_Rarely,No,4,3,3,20,Low
EMP0675,Research & Development,Research Scientist,1,22,Male,ServiceNow,Write,Stable,No,2,2,2,2,Travel_Rarely,No,4,3,3,20,Low
EMP0675,Research & Development,Research Scientist,1,22,Male,Lab Systems,Write,Stable,No,2,2,2,2,Travel_Rarely,No,4,3,3,20,Low
EMP0677,Sales,Sales Executive,2,33,Male,Active Directory,Write,Mover,No,5,0,1,2,Travel_Rarely,No,3,6,3,40,Medium
EMP0677,Sales,Sales Executive,2,33,Male,Salesforce,Write,Mover,No,5,0,1,2,Travel_Rarely,No,3,6,3,40,Medium
EMP0677,Sales,Sales Executive,2,33,Male,SharePoint,Write,Mover,No,5,0,1,2,Travel_Rarely,No,3,6,3,40,Medium
EMP0677,Sales,Sales Executive,2,33,Male,ServiceNow,Write,Mover,No,5,0,1,2,Travel_Rarely,No,3,6,3,40,Medium
EMP0677,Sales,Sales Executive,2,33,Male,CRM Portal,Write,Mover,No,5,0,1,2,Travel_Rarely,No,3,6,3,40,Medium
EMP0679,Research & Development,Research Scientist,2,32,Female,Active Directory,Write,Stable,No,6,4,0,5,Travel_Rarely,Yes,3,6,2,40,Medium
EMP0679,Research & Development,Research Scientist,2,32,Female,SAP,Write,Stable,No,6,4,0,5,Travel_Rarely,Yes,3,6,2,40,Medium
EMP0679,Research & Development,Research Scientist,2,32,Female,SharePoint,Write,Stable,No,6,4,0,5,Travel_Rarely,Yes,3,6,2,40,Medium
EMP0679,Research & Development,Research Scientist,2,32,Female,ServiceNow,Write,Stable,No,6,4,0,5,Travel_Rarely,Yes,3,6,2,40,Medium
EMP0679,Research & Development,Research Scientist,2,32,Female,Lab Systems,Write,Stable,No,6,4,0,5,Travel_Rarely,Yes,3,6,2,40,Medium
EMP0680,Research & Development,Research Scientist,1,30,Female,Active Directory,Write,Mover,No,1,0,0,0,Travel_Frequently,No,4,1,2,55,High
EMP0680,Research & Development,Research Scientist,1,30,Female,SAP,Write,Mover,No,1,0,0,0,Travel_Frequently,No,4,1,2,55,High
EMP0680,Research & Development,Research Scientist,1,30,Female,SharePoint,Write,Mover,No,1,0,0,0,Travel_Frequently,No,4,1,2,55,High
EMP0680,Research & Development,Research Scientist,1,30,Female,ServiceNow,Write,Mover,No,1,0,0,0,Travel_Frequently,No,4,1,2,55,High
EMP0680,Research & Development,Research Scientist,1,30,Female,Lab Systems,Write,Mover,No,1,0,0,0,Travel_Frequently,No,4,1,2,55,High
EMP0682,Sales,Sales Executive,2,53,Female,Active Directory,Write,Stable,No,14,7,8,10,Travel_Rarely,No,4,18,2,35,Medium
EMP0682,Sales,Sales Executive,2,53,Female,Salesforce,Write,Stable,No,14,7,8,10,Travel_Rarely,No,4,18,2,35,Medium
EMP0682,Sales,Sales Executive,2,53,Female,SharePoint,Write,Stable,No,14,7,8,10,Travel_Rarely,No,4,18,2,35,Medium
EMP0682,Sales,Sales Executive,2,53,Female,ServiceNow,Write,Stable,No,14,7,8,10,Travel_Rarely,No,4,18,2,35,Medium
EMP0682,Sales,Sales Executive,2,53,Female,CRM Portal,Write,Stable,No,14,7,8,10,Travel_Rarely,No,4,18,2,35,Medium
EMP0683,Research & Development,Research Scientist,1,34,Male,Active Directory,Write,Stable,No,10,9,8,8,Travel_Rarely,No,3,10,4,30,Medium
EMP0683,Research & Development,Research Scientist,1,34,Male,SAP,Write,Stable,No,10,9,8,8,Travel_Rarely,No,3,10,4,30,Medium
EMP0683,Research & Development,Research Scientist,1,34,Male,SharePoint,Write,Stable,No,10,9,8,8,Travel_Rarely,No,3,10,4,30,Medium
EMP0683,Research & Development,Research Scientist,1,34,Male,ServiceNow,Write,Stable,No,10,9,8,8,Travel_Rarely,No,3,10,4,30,Medium
EMP0683,Research & Development,Research Scientist,1,34,Male,Lab Systems,Write,Stable,No,10,9,8,8,Travel_Rarely,No,3,10,4,30,Medium
EMP0684,Sales,Sales Executive,2,45,Female,Active Directory,Write,Leaver,Yes,1,1,0,0,Travel_Frequently,No,3,5,4,75,Critical
EMP0684,Sales,Sales Executive,2,45,Female,Salesforce,Write,Leaver,Yes,1,1,0,0,Travel_Frequently,No,3,5,4,75,Critical
EMP0684,Sales,Sales Executive,2,45,Female,SharePoint,Write,Leaver,Yes,1,1,0,0,Travel_Frequently,No,3,5,4,75,Critical
EMP0684,Sales,Sales Executive,2,45,Female,ServiceNow,Write,Leaver,Yes,1,1,0,0,Travel_Frequently,No,3,5,4,75,Critical
EMP0684,Sales,Sales Executive,2,45,Female,CRM Portal,Write,Leaver,Yes,1,1,0,0,Travel_Frequently,No,3,5,4,75,Critical
EMP0686,Research & Development,Laboratory Technician,1,26,Female,Active Directory,Read,Stable,No,3,2,0,2,Travel_Rarely,Yes,3,3,2,20,Low
EMP0686,Research & Development,Laboratory Technician,1,26,Female,SAP,Read,Stable,No,3,2,0,2,Travel_Rarely,Yes,3,3,2,20,Low
EMP0686,Research & Development,Laboratory Technician,1,26,Female,SharePoint,Read,Stable,No,3,2,0,2,Travel_Rarely,Yes,3,3,2,20,Low
EMP0686,Research & Development,Laboratory Technician,1,26,Female,ServiceNow,Read,Stable,No,3,2,0,2,Travel_Rarely,Yes,3,3,2,20,Low
EMP0686,Research & Development,Laboratory Technician,1,26,Female,Lab Systems,Read,Stable,No,3,2,0,2,Travel_Rarely,Yes,3,3,2,20,Low
EMP0689,Research & Development,Manufacturing Director,3,37,Male,Active Directory,Write,Stable,No,10,7,7,8,Travel_Rarely,No,3,10,2,30,Medium
EMP0689,Research & Development,Manufacturing Director,3,37,Male,SAP,Write,Stable,No,10,7,7,8,Travel_Rarely,No,3,10,2,30,Medium
EMP0689,Research & Development,Manufacturing Director,3,37,Male,SharePoint,Write,Stable,No,10,7,7,8,Travel_Rarely,No,3,10,2,30,Medium
EMP0689,Research & Development,Manufacturing Director,3,37,Male,ServiceNow,Write,Stable,No,10,7,7,8,Travel_Rarely,No,3,10,2,30,Medium
EMP0689,Research & Development,Manufacturing Director,3,37,Male,Lab Systems,Write,Stable,No,10,7,7,8,Travel_Rarely,No,3,10,2,30,Medium
EMP0690,Sales,Sales Executive,2,29,Female,Active Directory,Write,Mover,No,6,0,1,2,Travel_Rarely,No,3,6,5,50,High
EMP0690,Sales,Sales Executive,2,29,Female,Salesforce,Write,Mover,No,6,0,1,2,Travel_Rarely,No,3,6,5,50,High
EMP0690,Sales,Sales Executive,2,29,Female,SharePoint,Write,Mover,No,6,0,1,2,Travel_Rarely,No,3,6,5,50,High
EMP0690,Sales,Sales Executive,2,29,Female,ServiceNow,Write,Mover,No,6,0,1,2,Travel_Rarely,No,3,6,5,50,High
EMP0690,Sales,Sales Executive,2,29,Female,CRM Portal,Write,Mover,No,6,0,1,2,Travel_Rarely,No,3,6,5,50,High
EMP0691,Research & Development,Research Scientist,2,35,Male,Active Directory,Write,Stable,No,17,11,11,8,Travel_Rarely,No,3,17,3,35,Medium
EMP0691,Research & Development,Research Scientist,2,35,Male,SAP,Write,Stable,No,17,11,11,8,Travel_Rarely,No,3,17,3,35,Medium
EMP0691,Research & Development,Research Scientist,2,35,Male,SharePoint,Write,Stable,No,17,11,11,8,Travel_Rarely,No,3,17,3,35,Medium
EMP0691,Research & Development,Research Scientist,2,35,Male,ServiceNow,Write,Stable,No,17,11,11,8,Travel_Rarely,No,3,17,3,35,Medium
EMP0691,Research & Development,Research Scientist,2,35,Male,Lab Systems,Write,Stable,No,17,11,11,8,Travel_Rarely,No,3,17,3,35,Medium
EMP0692,Research & Development,Healthcare Representative,2,33,Male,Active Directory,Read,Stable,No,13,11,4,7,Travel_Frequently,No,4,15,2,30,Medium
EMP0692,Research & Development,Healthcare Representative,2,33,Male,SAP,Read,Stable,No,13,11,4,7,Travel_Frequently,No,4,15,2,30,Medium
EMP0692,Research & Development,Healthcare Representative,2,33,Male,SharePoint,Read,Stable,No,13,11,4,7,Travel_Frequently,No,4,15,2,30,Medium
EMP0692,Research & Development,Healthcare Representative,2,33,Male,ServiceNow,Read,Stable,No,13,11,4,7,Travel_Frequently,No,4,15,2,30,Medium
EMP0692,Research & Development,Healthcare Representative,2,33,Male,Lab Systems,Read,Stable,No,13,11,4,7,Travel_Frequently,No,4,15,2,30,Medium
EMP0698,Human Resources,Human Resources,3,54,Male,Active Directory,Read,Stable,No,9,7,7,1,Travel_Rarely,No,3,16,1,30,Medium
EMP0698,Human Resources,Human Resources,3,54,Male,Workday,Read,Stable,No,9,7,7,1,Travel_Rarely,No,3,16,1,30,Medium
EMP0698,Human Resources,Human Resources,3,54,Male,SharePoint,Read,Stable,No,9,7,7,1,Travel_Rarely,No,3,16,1,30,Medium
EMP0698,Human Resources,Human Resources,3,54,Male,ServiceNow,Read,Stable,No,9,7,7,1,Travel_Rarely,No,3,16,1,30,Medium
EMP0698,Human Resources,Human Resources,3,54,Male,HR Portal,Read,Stable,No,9,7,7,1,Travel_Rarely,No,3,16,1,30,Medium
EMP0699,Research & Development,Manufacturing Director,2,36,Male,Active Directory,Write,Stable,No,3,2,0,2,Travel_Rarely,Yes,3,13,2,30,Medium
EMP0699,Research & Development,Manufacturing Director,2,36,Male,SAP,Write,Stable,No,3,2,0,2,Travel_Rarely,Yes,3,13,2,30,Medium
EMP0699,Research & Development,Manufacturing Director,2,36,Male,SharePoint,Write,Stable,No,3,2,0,2,Travel_Rarely,Yes,3,13,2,30,Medium
EMP0699,Research & Development,Manufacturing Director,2,36,Male,ServiceNow,Write,Stable,No,3,2,0,2,Travel_Rarely,Yes,3,13,2,30,Medium
EMP0699,Research & Development,Manufacturing Director,2,36,Male,Lab Systems,Write,Stable,No,3,2,0,2,Travel_Rarely,Yes,3,13,2,30,Medium
EMP0700,Research & Development,Research Scientist,1,27,Male,Active Directory,Write,Stable,No,4,2,1,1,Travel_Rarely,No,3,5,0,30,Medium
EMP0700,Research & Development,Research Scientist,1,27,Male,SAP,Write,Stable,No,4,2,1,1,Travel_Rarely,No,3,5,0,30,Medium
EMP0700,Research & Development,Research Scientist,1,27,Male,SharePoint,Write,Stable,No,4,2,1,1,Travel_Rarely,No,3,5,0,30,Medium
EMP0700,Research & Development,Research Scientist,1,27,Male,ServiceNow,Write,Stable,No,4,2,1,1,Travel_Rarely,No,3,5,0,30,Medium
EMP0700,Research & Development,Research Scientist,1,27,Male,Lab Systems,Write,Stable,No,4,2,1,1,Travel_Rarely,No,3,5,0,30,Medium
EMP0701,Research & Development,Research Scientist,1,20,Male,Active Directory,Write,Leaver,Yes,1,0,1,1,Travel_Rarely,Yes,3,1,5,80,Critical
EMP0701,Research & Development,Research Scientist,1,20,Male,SAP,Write,Leaver,Yes,1,0,1,1,Travel_Rarely,Yes,3,1,5,80,Critical
EMP0701,Research & Development,Research Scientist,1,20,Male,SharePoint,Write,Leaver,Yes,1,0,1,1,Travel_Rarely,Yes,3,1,5,80,Critical
EMP0701,Research & Development,Research Scientist,1,20,Male,ServiceNow,Write,Leaver,Yes,1,0,1,1,Travel_Rarely,Yes,3,1,5,80,Critical
EMP0701,Research & Development,Research Scientist,1,20,Male,Lab Systems,Write,Leaver,Yes,1,0,1,1,Travel_Rarely,Yes,3,1,5,80,Critical
EMP0702,Research & Development,Research Scientist,1,33,Male,Active Directory,Write,Leaver,Yes,10,8,9,7,Travel_Frequently,Yes,3,10,3,85,Critical
EMP0702,Research & Development,Research Scientist,1,33,Male,SAP,Write,Leaver,Yes,10,8,9,7,Travel_Frequently,Yes,3,10,3,85,Critical
EMP0702,Research & Development,Research Scientist,1,33,Male,SharePoint,Write,Leaver,Yes,10,8,9,7,Travel_Frequently,Yes,3,10,3,85,Critical
EMP0702,Research & Development,Research Scientist,1,33,Male,ServiceNow,Write,Leaver,Yes,10,8,9,7,Travel_Frequently,Yes,3,10,3,85,Critical
EMP0702,Research & Development,Research Scientist,1,33,Male,Lab Systems,Write,Leaver,Yes,10,8,9,7,Travel_Frequently,Yes,3,10,3,85,Critical
EMP0704,Research & Development,Laboratory Technician,1,35,Male,Active Directory,Read,Mover,No,1,0,0,0,Non-Travel,No,3,1,3,35,Medium
EMP0704,Research & Development,Laboratory Technician,1,35,Male,SAP,Read,Mover,No,1,0,0,0,Non-Travel,No,3,1,3,35,Medium
EMP0704,Research & Development,Laboratory Technician,1,35,Male,SharePoint,Read,Mover,No,1,0,0,0,Non-Travel,No,3,1,3,35,Medium
EMP0704,Research & Development,Laboratory Technician,1,35,Male,ServiceNow,Read,Mover,No,1,0,0,0,Non-Travel,No,3,1,3,35,Medium
EMP0704,Research & Development,Laboratory Technician,1,35,Male,Lab Systems,Read,Mover,No,1,0,0,0,Non-Travel,No,3,1,3,35,Medium
EMP0705,Research & Development,Research Scientist,1,23,Male,Active Directory,Write,Stable,No,3,2,0,2,Travel_Rarely,No,3,5,3,20,Low
EMP0705,Research & Development,Research Scientist,1,23,Male,SAP,Write,Stable,No,3,2,0,2,Travel_Rarely,No,3,5,3,20,Low
EMP0705,Research & Development,Research Scientist,1,23,Male,SharePoint,Write,Stable,No,3,2,0,2,Travel_Rarely,No,3,5,3,20,Low
EMP0705,Research & Development,Research Scientist,1,23,Male,ServiceNow,Write,Stable,No,3,2,0,2,Travel_Rarely,No,3,5,3,20,Low
EMP0705,Research & Development,Research Scientist,1,23,Male,Lab Systems,Write,Stable,No,3,2,0,2,Travel_Rarely,No,3,5,3,20,Low
EMP0707,Sales,Sales Executive,2,25,Male,Active Directory,Write,Stable,No,3,2,1,2,Travel_Rarely,No,4,4,4,20,Low
EMP0707,Sales,Sales Executive,2,25,Male,Salesforce,Write,Stable,No,3,2,1,2,Travel_Rarely,No,4,4,4,20,Low
EMP0707,Sales,Sales Executive,2,25,Male,SharePoint,Write,Stable,No,3,2,1,2,Travel_Rarely,No,4,4,4,20,Low
EMP0707,Sales,Sales Executive,2,25,Male,ServiceNow,Write,Stable,No,3,2,1,2,Travel_Rarely,No,4,4,4,20,Low
EMP0707,Sales,Sales Executive,2,25,Male,CRM Portal,Write,Stable,No,3,2,1,2,Travel_Rarely,No,4,4,4,20,Low
EMP0709,Sales,Sales Executive,2,38,Female,Active Directory,Write,Stable,No,7,7,0,5,Travel_Rarely,No,4,8,2,30,Medium
EMP0709,Sales,Sales Executive,2,38,Female,Salesforce,Write,Stable,No,7,7,0,5,Travel_Rarely,No,4,8,2,30,Medium
EMP0709,Sales,Sales Executive,2,38,Female,SharePoint,Write,Stable,No,7,7,0,5,Travel_Rarely,No,4,8,2,30,Medium
EMP0709,Sales,Sales Executive,2,38,Female,ServiceNow,Write,Stable,No,7,7,0,5,Travel_Rarely,No,4,8,2,30,Medium
EMP0709,Sales,Sales Executive,2,38,Female,CRM Portal,Write,Stable,No,7,7,0,5,Travel_Rarely,No,4,8,2,30,Medium
EMP0710,Research & Development,Research Scientist,1,29,Male,Active Directory,Write,Stable,No,10,7,2,8,Travel_Frequently,No,3,10,5,35,Medium
EMP0710,Research & Development,Research Scientist,1,29,Male,SAP,Write,Stable,No,10,7,2,8,Travel_Frequently,No,3,10,5,35,Medium
EMP0710,Research & Development,Research Scientist,1,29,Male,SharePoint,Write,Stable,No,10,7,2,8,Travel_Frequently,No,3,10,5,35,Medium
EMP0710,Research & Development,Research Scientist,1,29,Male,ServiceNow,Write,Stable,No,10,7,2,8,Travel_Frequently,No,3,10,5,35,Medium
EMP0710,Research & Development,Research Scientist,1,29,Male,Lab Systems,Write,Stable,No,10,7,2,8,Travel_Frequently,No,3,10,5,35,Medium
EMP0712,Sales,Sales Executive,2,48,Male,Active Directory,Write,Stable,No,2,2,2,2,Travel_Rarely,No,3,12,3,20,Low
EMP0712,Sales,Sales Executive,2,48,Male,Salesforce,Write,Stable,No,2,2,2,2,Travel_Rarely,No,3,12,3,20,Low
EMP0712,Sales,Sales Executive,2,48,Male,SharePoint,Write,Stable,No,2,2,2,2,Travel_Rarely,No,3,12,3,20,Low
EMP0712,Sales,Sales Executive,2,48,Male,ServiceNow,Write,Stable,No,2,2,2,2,Travel_Rarely,No,3,12,3,20,Low
EMP0712,Sales,Sales Executive,2,48,Male,CRM Portal,Write,Stable,No,2,2,2,2,Travel_Rarely,No,3,12,3,20,Low
EMP0714,Sales,Sales Executive,2,27,Female,Active Directory,Write,Stable,No,6,5,0,4,Travel_Frequently,Yes,4,6,3,45,Medium
EMP0714,Sales,Sales Executive,2,27,Female,Salesforce,Write,Stable,No,6,5,0,4,Travel_Frequently,Yes,4,6,3,45,Medium
EMP0714,Sales,Sales Executive,2,27,Female,SharePoint,Write,Stable,No,6,5,0,4,Travel_Frequently,Yes,4,6,3,45,Medium
EMP0714,Sales,Sales Executive,2,27,Female,ServiceNow,Write,Stable,No,6,5,0,4,Travel_Frequently,Yes,4,6,3,45,Medium
EMP0714,Sales,Sales Executive,2,27,Female,CRM Portal,Write,Stable,No,6,5,0,4,Travel_Frequently,Yes,4,6,3,45,Medium
EMP0715,Research & Development,Research Scientist,1,37,Male,Active Directory,Write,Mover,No,1,0,0,0,Travel_Rarely,No,3,4,2,50,High
EMP0715,Research & Development,Research Scientist,1,37,Male,SAP,Write,Mover,No,1,0,0,0,Travel_Rarely,No,3,4,2,50,High
EMP0715,Research & Development,Research Scientist,1,37,Male,SharePoint,Write,Mover,No,1,0,0,0,Travel_Rarely,No,3,4,2,50,High
EMP0715,Research & Development,Research Scientist,1,37,Male,ServiceNow,Write,Mover,No,1,0,0,0,Travel_Rarely,No,3,4,2,50,High
EMP0715,Research & Development,Research Scientist,1,37,Male,Lab Systems,Write,Mover,No,1,0,0,0,Travel_Rarely,No,3,4,2,50,High
EMP0716,Research & Development,Laboratory Technician,1,50,Male,Active Directory,Read,Stable,No,20,8,3,8,Travel_Rarely,Yes,3,20,3,35,Medium
EMP0716,Research & Development,Laboratory Technician,1,50,Male,SAP,Read,Stable,No,20,8,3,8,Travel_Rarely,Yes,3,20,3,35,Medium
EMP0716,Research & Development,Laboratory Technician,1,50,Male,SharePoint,Read,Stable,No,20,8,3,8,Travel_Rarely,Yes,3,20,3,35,Medium
EMP0716,Research & Development,Laboratory Technician,1,50,Male,ServiceNow,Read,Stable,No,20,8,3,8,Travel_Rarely,Yes,3,20,3,35,Medium
EMP0716,Research & Development,Laboratory Technician,1,50,Male,Lab Systems,Read,Stable,No,20,8,3,8,Travel_Rarely,Yes,3,20,3,35,Medium
EMP0717,Research & Development,Healthcare Representative,3,34,Female,Active Directory,Read,Stable,No,8,7,7,7,Travel_Rarely,No,3,9,3,20,Low
EMP0717,Research & Development,Healthcare Representative,3,34,Female,SAP,Read,Stable,No,8,7,7,7,Travel_Rarely,No,3,9,3,20,Low
EMP0717,Research & Development,Healthcare Representative,3,34,Female,SharePoint,Read,Stable,No,8,7,7,7,Travel_Rarely,No,3,9,3,20,Low
EMP0717,Research & Development,Healthcare Representative,3,34,Female,ServiceNow,Read,Stable,No,8,7,7,7,Travel_Rarely,No,3,9,3,20,Low
EMP0717,Research & Development,Healthcare Representative,3,34,Female,Lab Systems,Read,Stable,No,8,7,7,7,Travel_Rarely,No,3,9,3,20,Low
EMP0720,Sales,Sales Executive,2,24,Female,Active Directory,Write,Leaver,Yes,2,2,2,0,Travel_Rarely,No,3,4,3,70,Critical
EMP0720,Sales,Sales Executive,2,24,Female,Salesforce,Write,Leaver,Yes,2,2,2,0,Travel_Rarely,No,3,4,3,70,Critical
EMP0720,Sales,Sales Executive,2,24,Female,SharePoint,Write,Leaver,Yes,2,2,2,0,Travel_Rarely,No,3,4,3,70,Critical
EMP0720,Sales,Sales Executive,2,24,Female,ServiceNow,Write,Leaver,Yes,2,2,2,0,Travel_Rarely,No,3,4,3,70,Critical
EMP0720,Sales,Sales Executive,2,24,Female,CRM Portal,Write,Leaver,Yes,2,2,2,0,Travel_Rarely,No,3,4,3,70,Critical
EMP0721,Research & Development,Healthcare Representative,2,39,Female,Active Directory,Read,Stable,No,20,7,11,10,Travel_Rarely,No,3,20,4,25,Low
EMP0721,Research & Development,Healthcare Representative,2,39,Female,SAP,Read,Stable,No,20,7,11,10,Travel_Rarely,No,3,20,4,25,Low
EMP0721,Research & Development,Healthcare Representative,2,39,Female,SharePoint,Read,Stable,No,20,7,11,10,Travel_Rarely,No,3,20,4,25,Low
EMP0721,Research & Development,Healthcare Representative,2,39,Female,ServiceNow,Read,Stable,No,20,7,11,10,Travel_Rarely,No,3,20,4,25,Low
EMP0721,Research & Development,Healthcare Representative,2,39,Female,Lab Systems,Read,Stable,No,20,7,11,10,Travel_Rarely,No,3,20,4,25,Low
EMP0722,Sales,Sales Executive,2,32,Male,Active Directory,Write,Stable,No,10,7,0,8,Travel_Rarely,No,3,10,2,30,Medium
EMP0722,Sales,Sales Executive,2,32,Male,Salesforce,Write,Stable,No,10,7,0,8,Travel_Rarely,No,3,10,2,30,Medium
EMP0722,Sales,Sales Executive,2,32,Male,SharePoint,Write,Stable,No,10,7,0,8,Travel_Rarely,No,3,10,2,30,Medium
EMP0722,Sales,Sales Executive,2,32,Male,ServiceNow,Write,Stable,No,10,7,0,8,Travel_Rarely,No,3,10,2,30,Medium
EMP0722,Sales,Sales Executive,2,32,Male,CRM Portal,Write,Stable,No,10,7,0,8,Travel_Rarely,No,3,10,2,30,Medium
EMP0723,Sales,Sales Executive,2,50,Male,Active Directory,Write,Leaver,Yes,4,3,1,3,Travel_Frequently,Yes,3,18,4,75,Critical
EMP0723,Sales,Sales Executive,2,50,Male,Salesforce,Write,Leaver,Yes,4,3,1,3,Travel_Frequently,Yes,3,18,4,75,Critical
EMP0723,Sales,Sales Executive,2,50,Male,SharePoint,Write,Leaver,Yes,4,3,1,3,Travel_Frequently,Yes,3,18,4,75,Critical
EMP0723,Sales,Sales Executive,2,50,Male,ServiceNow,Write,Leaver,Yes,4,3,1,3,Travel_Frequently,Yes,3,18,4,75,Critical
EMP0723,Sales,Sales Executive,2,50,Male,CRM Portal,Write,Leaver,Yes,4,3,1,3,Travel_Frequently,Yes,3,18,4,75,Critical
EMP0724,Research & Development,Healthcare Representative,2,38,Female,Active Directory,Read,Stable,No,9,7,1,8,Travel_Rarely,No,3,10,4,20,Low
EMP0724,Research & Development,Healthcare Representative,2,38,Female,SAP,Read,Stable,No,9,7,1,8,Travel_Rarely,No,3,10,4,20,Low
EMP0724,Research & Development,Healthcare Representative,2,38,Female,SharePoint,Read,Stable,No,9,7,1,8,Travel_Rarely,No,3,10,4,20,Low
EMP0724,Research & Development,Healthcare Representative,2,38,Female,ServiceNow,Read,Stable,No,9,7,1,8,Travel_Rarely,No,3,10,4,20,Low
EMP0724,Research & Development,Healthcare Representative,2,38,Female,Lab Systems,Read,Stable,No,9,7,1,8,Travel_Rarely,No,3,10,4,20,Low
EMP0725,Research & Development,Manufacturing Director,3,27,Female,Active Directory,Write,Stable,No,9,7,0,7,Travel_Rarely,No,3,9,3,30,Medium
EMP0725,Research & Development,Manufacturing Director,3,27,Female,SAP,Write,Stable,No,9,7,0,7,Travel_Rarely,No,3,9,3,30,Medium
EMP0725,Research & Development,Manufacturing Director,3,27,Female,SharePoint,Write,Stable,No,9,7,0,7,Travel_Rarely,No,3,9,3,30,Medium
EMP0725,Research & Development,Manufacturing Director,3,27,Female,ServiceNow,Write,Stable,No,9,7,0,7,Travel_Rarely,No,3,9,3,30,Medium
EMP0725,Research & Development,Manufacturing Director,3,27,Female,Lab Systems,Write,Stable,No,9,7,0,7,Travel_Rarely,No,3,9,3,30,Medium
EMP0727,Research & Development,Research Director,3,32,Female,Active Directory,Admin,Stable,No,7,7,7,7,Travel_Rarely,No,3,10,6,45,Medium
EMP0727,Research & Development,Research Director,3,32,Female,SAP,Admin,Stable,No,7,7,7,7,Travel_Rarely,No,3,10,6,45,Medium
EMP0727,Research & Development,Research Director,3,32,Female,SharePoint,Admin,Stable,No,7,7,7,7,Travel_Rarely,No,3,10,6,45,Medium
EMP0727,Research & Development,Research Director,3,32,Female,ServiceNow,Admin,Stable,No,7,7,7,7,Travel_Rarely,No,3,10,6,45,Medium
EMP0727,Research & Development,Research Director,3,32,Female,Lab Systems,Admin,Stable,No,7,7,7,7,Travel_Rarely,No,3,10,6,45,Medium
EMP0728,Sales,Sales Executive,2,47,Male,Active Directory,Write,Stable,No,7,7,1,7,Travel_Rarely,No,3,20,2,30,Medium
EMP0728,Sales,Sales Executive,2,47,Male,Salesforce,Write,Stable,No,7,7,1,7,Travel_Rarely,No,3,20,2,30,Medium
EMP0728,Sales,Sales Executive,2,47,Male,SharePoint,Write,Stable,No,7,7,1,7,Travel_Rarely,No,3,20,2,30,Medium
EMP0728,Sales,Sales Executive,2,47,Male,ServiceNow,Write,Stable,No,7,7,1,7,Travel_Rarely,No,3,20,2,30,Medium
EMP0728,Sales,Sales Executive,2,47,Male,CRM Portal,Write,Stable,No,7,7,1,7,Travel_Rarely,No,3,20,2,30,Medium
EMP0729,Sales,Sales Executive,3,40,Male,Active Directory,Write,Stable,No,18,13,1,12,Travel_Frequently,Yes,4,20,2,50,High
EMP0729,Sales,Sales Executive,3,40,Male,Salesforce,Write,Stable,No,18,13,1,12,Travel_Frequently,Yes,4,20,2,50,High
EMP0729,Sales,Sales Executive,3,40,Male,SharePoint,Write,Stable,No,18,13,1,12,Travel_Frequently,Yes,4,20,2,50,High
EMP0729,Sales,Sales Executive,3,40,Male,ServiceNow,Write,Stable,No,18,13,1,12,Travel_Frequently,Yes,4,20,2,50,High
EMP0729,Sales,Sales Executive,3,40,Male,CRM Portal,Write,Stable,No,18,13,1,12,Travel_Frequently,Yes,4,20,2,50,High
EMP0730,Research & Development,Research Director,4,53,Male,Active Directory,Admin,Mover,No,5,1,1,3,Travel_Rarely,No,3,32,3,55,High
EMP0730,Research & Development,Research Director,4,53,Male,SAP,Admin,Mover,No,5,1,1,3,Travel_Rarely,No,3,32,3,55,High
EMP0730,Research & Development,Research Director,4,53,Male,SharePoint,Admin,Mover,No,5,1,1,3,Travel_Rarely,No,3,32,3,55,High
EMP0730,Research & Development,Research Director,4,53,Male,ServiceNow,Admin,Mover,No,5,1,1,3,Travel_Rarely,No,3,32,3,55,High
EMP0730,Research & Development,Research Director,4,53,Male,Lab Systems,Admin,Mover,No,5,1,1,3,Travel_Rarely,No,3,32,3,55,High
EMP0731,Human Resources,Manager,5,41,Male,Active Directory,Write,Stable,No,21,6,12,6,Travel_Rarely,No,3,23,2,35,Medium
EMP0731,Human Resources,Manager,5,41,Male,Workday,Write,Stable,No,21,6,12,6,Travel_Rarely,No,3,23,2,35,Medium
EMP0731,Human Resources,Manager,5,41,Male,SharePoint,Write,Stable,No,21,6,12,6,Travel_Rarely,No,3,23,2,35,Medium
EMP0731,Human Resources,Manager,5,41,Male,ServiceNow,Write,Stable,No,21,6,12,6,Travel_Rarely,No,3,23,2,35,Medium
EMP0731,Human Resources,Manager,5,41,Male,HR Portal,Write,Stable,No,21,6,12,6,Travel_Rarely,No,3,23,2,35,Medium
EMP0732,Sales,Sales Executive,2,60,Male,Active Directory,Write,Stable,No,2,2,2,2,Travel_Rarely,No,3,10,1,20,Low
EMP0732,Sales,Sales Executive,2,60,Male,Salesforce,Write,Stable,No,2,2,2,2,Travel_Rarely,No,3,10,1,20,Low
EMP0732,Sales,Sales Executive,2,60,Male,SharePoint,Write,Stable,No,2,2,2,2,Travel_Rarely,No,3,10,1,20,Low
EMP0732,Sales,Sales Executive,2,60,Male,ServiceNow,Write,Stable,No,2,2,2,2,Travel_Rarely,No,3,10,1,20,Low
EMP0732,Sales,Sales Executive,2,60,Male,CRM Portal,Write,Stable,No,2,2,2,2,Travel_Rarely,No,3,10,1,20,Low
EMP0733,Research & Development,Manufacturing Director,3,27,Male,Active Directory,Write,Stable,No,9,7,1,7,Travel_Frequently,No,4,9,4,35,Medium
EMP0733,Research & Development,Manufacturing Director,3,27,Male,SAP,Write,Stable,No,9,7,1,7,Travel_Frequently,No,4,9,4,35,Medium
EMP0733,Research & Development,Manufacturing Director,3,27,Male,SharePoint,Write,Stable,No,9,7,1,7,Travel_Frequently,No,4,9,4,35,Medium
EMP0733,Research & Development,Manufacturing Director,3,27,Male,ServiceNow,Write,Stable,No,9,7,1,7,Travel_Frequently,No,4,9,4,35,Medium
EMP0733,Research & Development,Manufacturing Director,3,27,Male,Lab Systems,Write,Stable,No,9,7,1,7,Travel_Frequently,No,4,9,4,35,Medium
EMP0734,Human Resources,Manager,5,41,Male,Active Directory,Write,Stable,No,22,7,2,10,Travel_Rarely,No,3,22,3,35,Medium
EMP0734,Human Resources,Manager,5,41,Male,Workday,Write,Stable,No,22,7,2,10,Travel_Rarely,No,3,22,3,35,Medium
EMP0734,Human Resources,Manager,5,41,Male,SharePoint,Write,Stable,No,22,7,2,10,Travel_Rarely,No,3,22,3,35,Medium
EMP0734,Human Resources,Manager,5,41,Male,ServiceNow,Write,Stable,No,22,7,2,10,Travel_Rarely,No,3,22,3,35,Medium
EMP0734,Human Resources,Manager,5,41,Male,HR Portal,Write,Stable,No,22,7,2,10,Travel_Rarely,No,3,22,3,35,Medium
EMP0738,Sales,Sales Representative,1,50,Male,Active Directory,Read,Stable,No,2,2,2,2,Travel_Rarely,No,3,4,2,10,Low
EMP0738,Sales,Sales Representative,1,50,Male,Salesforce,Read,Stable,No,2,2,2,2,Travel_Rarely,No,3,4,2,10,Low
EMP0738,Sales,Sales Representative,1,50,Male,SharePoint,Read,Stable,No,2,2,2,2,Travel_Rarely,No,3,4,2,10,Low
EMP0738,Sales,Sales Representative,1,50,Male,ServiceNow,Read,Stable,No,2,2,2,2,Travel_Rarely,No,3,4,2,10,Low
EMP0738,Sales,Sales Representative,1,50,Male,CRM Portal,Read,Stable,No,2,2,2,2,Travel_Rarely,No,3,4,2,10,Low
EMP0741,Research & Development,Research Scientist,1,28,Female,Active Directory,Write,Leaver,Yes,7,7,3,7,Travel_Rarely,Yes,3,10,4,80,Critical
EMP0741,Research & Development,Research Scientist,1,28,Female,SAP,Write,Leaver,Yes,7,7,3,7,Travel_Rarely,Yes,3,10,4,80,Critical
EMP0741,Research & Development,Research Scientist,1,28,Female,SharePoint,Write,Leaver,Yes,7,7,3,7,Travel_Rarely,Yes,3,10,4,80,Critical
EMP0741,Research & Development,Research Scientist,1,28,Female,ServiceNow,Write,Leaver,Yes,7,7,3,7,Travel_Rarely,Yes,3,10,4,80,Critical
EMP0741,Research & Development,Research Scientist,1,28,Female,Lab Systems,Write,Leaver,Yes,7,7,3,7,Travel_Rarely,Yes,3,10,4,80,Critical
EMP0742,Research & Development,Research Director,3,36,Female,Active Directory,Admin,Stable,No,8,7,0,5,Non-Travel,No,3,10,2,40,Medium
EMP0742,Research & Development,Research Director,3,36,Female,SAP,Admin,Stable,No,8,7,0,5,Non-Travel,No,3,10,2,40,Medium
EMP0742,Research & Development,Research Director,3,36,Female,SharePoint,Admin,Stable,No,8,7,0,5,Non-Travel,No,3,10,2,40,Medium
EMP0742,Research & Development,Research Director,3,36,Female,ServiceNow,Admin,Stable,No,8,7,0,5,Non-Travel,No,3,10,2,40,Medium
EMP0742,Research & Development,Research Director,3,36,Female,Lab Systems,Admin,Stable,No,8,7,0,5,Non-Travel,No,3,10,2,40,Medium
EMP0743,Research & Development,Manufacturing Director,3,38,Female,Active Directory,Write,Mover,No,1,0,0,0,Travel_Rarely,Yes,3,10,4,60,High
EMP0743,Research & Development,Manufacturing Director,3,38,Female,SAP,Write,Mover,No,1,0,0,0,Travel_Rarely,Yes,3,10,4,60,High
EMP0743,Research & Development,Manufacturing Director,3,38,Female,SharePoint,Write,Mover,No,1,0,0,0,Travel_Rarely,Yes,3,10,4,60,High
EMP0743,Research & Development,Manufacturing Director,3,38,Female,ServiceNow,Write,Mover,No,1,0,0,0,Travel_Rarely,Yes,3,10,4,60,High
EMP0743,Research & Development,Manufacturing Director,3,38,Female,Lab Systems,Write,Mover,No,1,0,0,0,Travel_Rarely,Yes,3,10,4,60,High
EMP0744,Research & Development,Laboratory Technician,1,44,Male,Active Directory,Read,Stable,No,5,2,1,4,Non-Travel,No,3,9,5,5,Low
EMP0744,Research & Development,Laboratory Technician,1,44,Male,SAP,Read,Stable,No,5,2,1,4,Non-Travel,No,3,9,5,5,Low
EMP0744,Research & Development,Laboratory Technician,1,44,Male,SharePoint,Read,Stable,No,5,2,1,4,Non-Travel,No,3,9,5,5,Low
EMP0744,Research & Development,Laboratory Technician,1,44,Male,ServiceNow,Read,Stable,No,5,2,1,4,Non-Travel,No,3,9,5,5,Low
EMP0744,Research & Development,Laboratory Technician,1,44,Male,Lab Systems,Read,Stable,No,5,2,1,4,Non-Travel,No,3,9,5,5,Low
EMP0746,Sales,Sales Executive,4,47,Female,Active Directory,Write,Stable,No,22,2,11,13,Travel_Frequently,Yes,3,28,2,50,High
EMP0746,Sales,Sales Executive,4,47,Female,Salesforce,Write,Stable,No,22,2,11,13,Travel_Frequently,Yes,3,28,2,50,High
EMP0746,Sales,Sales Executive,4,47,Female,SharePoint,Write,Stable,No,22,2,11,13,Travel_Frequently,Yes,3,28,2,50,High
EMP0746,Sales,Sales Executive,4,47,Female,ServiceNow,Write,Stable,No,22,2,11,13,Travel_Frequently,Yes,3,28,2,50,High
EMP0746,Sales,Sales Executive,4,47,Female,CRM Portal,Write,Stable,No,22,2,11,13,Travel_Frequently,Yes,3,28,2,50,High
EMP0747,Sales,Sales Executive,2,30,Male,Active Directory,Write,Stable,No,8,7,7,7,Travel_Rarely,No,4,10,2,30,Medium
EMP0747,Sales,Sales Executive,2,30,Male,Salesforce,Write,Stable,No,8,7,7,7,Travel_Rarely,No,4,10,2,30,Medium
EMP0747,Sales,Sales Executive,2,30,Male,SharePoint,Write,Stable,No,8,7,7,7,Travel_Rarely,No,4,10,2,30,Medium
EMP0747,Sales,Sales Executive,2,30,Male,ServiceNow,Write,Stable,No,8,7,7,7,Travel_Rarely,No,4,10,2,30,Medium
EMP0747,Sales,Sales Executive,2,30,Male,CRM Portal,Write,Stable,No,8,7,7,7,Travel_Rarely,No,4,10,2,30,Medium
EMP0749,Sales,Sales Representative,1,29,Male,Active Directory,Read,Mover,No,1,0,0,0,Travel_Rarely,No,3,1,6,40,Medium
EMP0749,Sales,Sales Representative,1,29,Male,Salesforce,Read,Mover,No,1,0,0,0,Travel_Rarely,No,3,1,6,40,Medium
EMP0749,Sales,Sales Representative,1,29,Male,SharePoint,Read,Mover,No,1,0,0,0,Travel_Rarely,No,3,1,6,40,Medium
EMP0749,Sales,Sales Representative,1,29,Male,ServiceNow,Read,Mover,No,1,0,0,0,Travel_Rarely,No,3,1,6,40,Medium
EMP0749,Sales,Sales Representative,1,29,Male,CRM Portal,Read,Mover,No,1,0,0,0,Travel_Rarely,No,3,1,6,40,Medium
EMP0752,Research & Development,Research Scientist,1,42,Male,Active Directory,Write,Leaver,Yes,2,2,2,2,Travel_Frequently,Yes,3,7,2,75,Critical
EMP0752,Research & Development,Research Scientist,1,42,Male,SAP,Write,Leaver,Yes,2,2,2,2,Travel_Frequently,Yes,3,7,2,75,Critical
EMP0752,Research & Development,Research Scientist,1,42,Male,SharePoint,Write,Leaver,Yes,2,2,2,2,Travel_Frequently,Yes,3,7,2,75,Critical
EMP0752,Research & Development,Research Scientist,1,42,Male,ServiceNow,Write,Leaver,Yes,2,2,2,2,Travel_Frequently,Yes,3,7,2,75,Critical
EMP0752,Research & Development,Research Scientist,1,42,Male,Lab Systems,Write,Leaver,Yes,2,2,2,2,Travel_Frequently,Yes,3,7,2,75,Critical
EMP0754,Sales,Sales Executive,2,43,Male,Active Directory,Write,Stable,No,2,2,2,2,Travel_Frequently,No,3,7,5,25,Low
EMP0754,Sales,Sales Executive,2,43,Male,Salesforce,Write,Stable,No,2,2,2,2,Travel_Frequently,No,3,7,5,25,Low
EMP0754,Sales,Sales Executive,2,43,Male,SharePoint,Write,Stable,No,2,2,2,2,Travel_Frequently,No,3,7,5,25,Low
EMP0754,Sales,Sales Executive,2,43,Male,ServiceNow,Write,Stable,No,2,2,2,2,Travel_Frequently,No,3,7,5,25,Low
EMP0754,Sales,Sales Executive,2,43,Male,CRM Portal,Write,Stable,No,2,2,2,2,Travel_Frequently,No,3,7,5,25,Low
EMP0757,Research & Development,Healthcare Representative,2,34,Female,Active Directory,Read,Mover,No,5,1,4,3,Travel_Rarely,No,3,10,2,30,Medium
EMP0757,Research & Development,Healthcare Representative,2,34,Female,SAP,Read,Mover,No,5,1,4,3,Travel_Rarely,No,3,10,2,30,Medium
EMP0757,Research & Development,Healthcare Representative,2,34,Female,SharePoint,Read,Mover,No,5,1,4,3,Travel_Rarely,No,3,10,2,30,Medium
EMP0757,Research & Development,Healthcare Representative,2,34,Female,ServiceNow,Read,Mover,No,5,1,4,3,Travel_Rarely,No,3,10,2,30,Medium
EMP0757,Research & Development,Healthcare Representative,2,34,Female,Lab Systems,Read,Mover,No,5,1,4,3,Travel_Rarely,No,3,10,2,30,Medium
EMP0758,Research & Development,Laboratory Technician,1,23,Male,Active Directory,Read,Stable,No,4,3,0,2,Travel_Rarely,No,3,5,2,10,Low
EMP0758,Research & Development,Laboratory Technician,1,23,Male,SAP,Read,Stable,No,4,3,0,2,Travel_Rarely,No,3,5,2,10,Low
EMP0758,Research & Development,Laboratory Technician,1,23,Male,SharePoint,Read,Stable,No,4,3,0,2,Travel_Rarely,No,3,5,2,10,Low
EMP0758,Research & Development,Laboratory Technician,1,23,Male,ServiceNow,Read,Stable,No,4,3,0,2,Travel_Rarely,No,3,5,2,10,Low
EMP0758,Research & Development,Laboratory Technician,1,23,Male,Lab Systems,Read,Stable,No,4,3,0,2,Travel_Rarely,No,3,5,2,10,Low
EMP0760,Human Resources,Human Resources,2,39,Female,Active Directory,Read,Stable,No,8,3,3,6,Travel_Rarely,No,3,12,3,20,Low
EMP0760,Human Resources,Human Resources,2,39,Female,Workday,Read,Stable,No,8,3,3,6,Travel_Rarely,No,3,12,3,20,Low
EMP0760,Human Resources,Human Resources,2,39,Female,SharePoint,Read,Stable,No,8,3,3,6,Travel_Rarely,No,3,12,3,20,Low
EMP0760,Human Resources,Human Resources,2,39,Female,ServiceNow,Read,Stable,No,8,3,3,6,Travel_Rarely,No,3,12,3,20,Low
EMP0760,Human Resources,Human Resources,2,39,Female,HR Portal,Read,Stable,No,8,3,3,6,Travel_Rarely,No,3,12,3,20,Low
EMP0762,Research & Development,Healthcare Representative,4,56,Male,Active Directory,Read,Stable,No,10,7,1,1,Travel_Rarely,No,3,30,1,30,Medium
EMP0762,Research & Development,Healthcare Representative,4,56,Male,SAP,Read,Stable,No,10,7,1,1,Travel_Rarely,No,3,30,1,30,Medium
EMP0762,Research & Development,Healthcare Representative,4,56,Male,SharePoint,Read,Stable,No,10,7,1,1,Travel_Rarely,No,3,30,1,30,Medium
EMP0762,Research & Development,Healthcare Representative,4,56,Male,ServiceNow,Read,Stable,No,10,7,1,1,Travel_Rarely,No,3,30,1,30,Medium
EMP0762,Research & Development,Healthcare Representative,4,56,Male,Lab Systems,Read,Stable,No,10,7,1,1,Travel_Rarely,No,3,30,1,30,Medium
EMP0763,Research & Development,Research Scientist,1,40,Female,Active Directory,Write,Stable,No,4,2,2,3,Travel_Rarely,Yes,4,5,2,30,Medium
EMP0763,Research & Development,Research Scientist,1,40,Female,SAP,Write,Stable,No,4,2,2,3,Travel_Rarely,Yes,4,5,2,30,Medium
EMP0763,Research & Development,Research Scientist,1,40,Female,SharePoint,Write,Stable,No,4,2,2,3,Travel_Rarely,Yes,4,5,2,30,Medium
EMP0763,Research & Development,Research Scientist,1,40,Female,ServiceNow,Write,Stable,No,4,2,2,3,Travel_Rarely,Yes,4,5,2,30,Medium
EMP0763,Research & Development,Research Scientist,1,40,Female,Lab Systems,Write,Stable,No,4,2,2,3,Travel_Rarely,Yes,4,5,2,30,Medium
EMP0764,Research & Development,Healthcare Representative,2,27,Female,Active Directory,Read,Stable,No,7,6,0,7,Travel_Rarely,No,3,9,2,20,Low
EMP0764,Research & Development,Healthcare Representative,2,27,Female,SAP,Read,Stable,No,7,6,0,7,Travel_Rarely,No,3,9,2,20,Low
EMP0764,Research & Development,Healthcare Representative,2,27,Female,SharePoint,Read,Stable,No,7,6,0,7,Travel_Rarely,No,3,9,2,20,Low
EMP0764,Research & Development,Healthcare Representative,2,27,Female,ServiceNow,Read,Stable,No,7,6,0,7,Travel_Rarely,No,3,9,2,20,Low
EMP0764,Research & Development,Healthcare Representative,2,27,Female,Lab Systems,Read,Stable,No,7,6,0,7,Travel_Rarely,No,3,9,2,20,Low
EMP0766,Sales,Sales Representative,1,29,Male,Active Directory,Read,Stable,No,2,2,2,2,Travel_Rarely,No,3,2,2,10,Low
EMP0766,Sales,Sales Representative,1,29,Male,Salesforce,Read,Stable,No,2,2,2,2,Travel_Rarely,No,3,2,2,10,Low
EMP0766,Sales,Sales Representative,1,29,Male,SharePoint,Read,Stable,No,2,2,2,2,Travel_Rarely,No,3,2,2,10,Low
EMP0766,Sales,Sales Representative,1,29,Male,ServiceNow,Read,Stable,No,2,2,2,2,Travel_Rarely,No,3,2,2,10,Low
EMP0766,Sales,Sales Representative,1,29,Male,CRM Portal,Read,Stable,No,2,2,2,2,Travel_Rarely,No,3,2,2,10,Low
EMP0769,Research & Development,Laboratory Technician,2,53,Male,Active Directory,Read,Stable,No,2,2,2,2,Travel_Rarely,No,3,19,4,10,Low
EMP0769,Research & Development,Laboratory Technician,2,53,Male,SAP,Read,Stable,No,2,2,2,2,Travel_Rarely,No,3,19,4,10,Low
EMP0769,Research & Development,Laboratory Technician,2,53,Male,SharePoint,Read,Stable,No,2,2,2,2,Travel_Rarely,No,3,19,4,10,Low
EMP0769,Research & Development,Laboratory Technician,2,53,Male,ServiceNow,Read,Stable,No,2,2,2,2,Travel_Rarely,No,3,19,4,10,Low
EMP0769,Research & Development,Laboratory Technician,2,53,Male,Lab Systems,Read,Stable,No,2,2,2,2,Travel_Rarely,No,3,19,4,10,Low
EMP0771,Research & Development,Healthcare Representative,2,35,Female,Active Directory,Read,Mover,No,1,0,0,0,Non-Travel,No,3,16,2,35,Medium
EMP0771,Research & Development,Healthcare Representative,2,35,Female,SAP,Read,Mover,No,1,0,0,0,Non-Travel,No,3,16,2,35,Medium
EMP0771,Research & Development,Healthcare Representative,2,35,Female,SharePoint,Read,Mover,No,1,0,0,0,Non-Travel,No,3,16,2,35,Medium
EMP0771,Research & Development,Healthcare Representative,2,35,Female,ServiceNow,Read,Mover,No,1,0,0,0,Non-Travel,No,3,16,2,35,Medium
EMP0771,Research & Development,Healthcare Representative,2,35,Female,Lab Systems,Read,Mover,No,1,0,0,0,Non-Travel,No,3,16,2,35,Medium
EMP0772,Research & Development,Laboratory Technician,2,32,Male,Active Directory,Read,Stable,No,10,8,4,7,Travel_Frequently,No,3,10,2,25,Low
EMP0772,Research & Development,Laboratory Technician,2,32,Male,SAP,Read,Stable,No,10,8,4,7,Travel_Frequently,No,3,10,2,25,Low
EMP0772,Research & Development,Laboratory Technician,2,32,Male,SharePoint,Read,Stable,No,10,8,4,7,Travel_Frequently,No,3,10,2,25,Low
EMP0772,Research & Development,Laboratory Technician,2,32,Male,ServiceNow,Read,Stable,No,10,8,4,7,Travel_Frequently,No,3,10,2,25,Low
EMP0772,Research & Development,Laboratory Technician,2,32,Male,Lab Systems,Read,Stable,No,10,8,4,7,Travel_Frequently,No,3,10,2,25,Low
EMP0773,Research & Development,Research Scientist,1,38,Male,Active Directory,Write,Mover,No,1,0,0,1,Travel_Rarely,Yes,3,6,0,60,High
EMP0773,Research & Development,Research Scientist,1,38,Male,SAP,Write,Mover,No,1,0,0,1,Travel_Rarely,Yes,3,6,0,60,High
EMP0773,Research & Development,Research Scientist,1,38,Male,SharePoint,Write,Mover,No,1,0,0,1,Travel_Rarely,Yes,3,6,0,60,High
EMP0773,Research & Development,Research Scientist,1,38,Male,ServiceNow,Write,Mover,No,1,0,0,1,Travel_Rarely,Yes,3,6,0,60,High
EMP0773,Research & Development,Research Scientist,1,38,Male,Lab Systems,Write,Mover,No,1,0,0,1,Travel_Rarely,Yes,3,6,0,60,High
EMP0775,Research & Development,Manufacturing Director,2,34,Female,Active Directory,Write,Mover,No,0,0,0,0,Travel_Rarely,No,3,7,3,50,High
EMP0775,Research & Development,Manufacturing Director,2,34,Female,SAP,Write,Mover,No,0,0,0,0,Travel_Rarely,No,3,7,3,50,High
EMP0775,Research & Development,Manufacturing Director,2,34,Female,SharePoint,Write,Mover,No,0,0,0,0,Travel_Rarely,No,3,7,3,50,High
EMP0775,Research & Development,Manufacturing Director,2,34,Female,ServiceNow,Write,Mover,No,0,0,0,0,Travel_Rarely,No,3,7,3,50,High
EMP0775,Research & Development,Manufacturing Director,2,34,Female,Lab Systems,Write,Mover,No,0,0,0,0,Travel_Rarely,No,3,7,3,50,High
EMP0776,Sales,Manager,4,52,Male,Active Directory,Write,Stable,No,34,6,1,16,Travel_Rarely,No,3,34,3,35,Medium
EMP0776,Sales,Manager,4,52,Male,Salesforce,Write,Stable,No,34,6,1,16,Travel_Rarely,No,3,34,3,35,Medium
EMP0776,Sales,Manager,4,52,Male,SharePoint,Write,Stable,No,34,6,1,16,Travel_Rarely,No,3,34,3,35,Medium
EMP0776,Sales,Manager,4,52,Male,ServiceNow,Write,Stable,No,34,6,1,16,Travel_Rarely,No,3,34,3,35,Medium
EMP0776,Sales,Manager,4,52,Male,CRM Portal,Write,Stable,No,34,6,1,16,Travel_Rarely,No,3,34,3,35,Medium
EMP0780,Research & Development,Research Scientist,1,33,Male,Active Directory,Write,Leaver,Yes,10,9,7,8,Travel_Rarely,Yes,3,10,2,80,Critical
EMP0780,Research & Development,Research Scientist,1,33,Male,SAP,Write,Leaver,Yes,10,9,7,8,Travel_Rarely,Yes,3,10,2,80,Critical
EMP0780,Research & Development,Research Scientist,1,33,Male,SharePoint,Write,Leaver,Yes,10,9,7,8,Travel_Rarely,Yes,3,10,2,80,Critical
EMP0780,Research & Development,Research Scientist,1,33,Male,ServiceNow,Write,Leaver,Yes,10,9,7,8,Travel_Rarely,Yes,3,10,2,80,Critical
EMP0780,Research & Development,Research Scientist,1,33,Male,Lab Systems,Write,Leaver,Yes,10,9,7,8,Travel_Rarely,Yes,3,10,2,80,Critical
EMP0781,Sales,Sales Executive,2,25,Female,Active Directory,Write,Stable,No,6,5,1,4,Travel_Rarely,No,4,6,5,30,Medium
EMP0781,Sales,Sales Executive,2,25,Female,Salesforce,Write,Stable,No,6,5,1,4,Travel_Rarely,No,4,6,5,30,Medium
EMP0781,Sales,Sales Executive,2,25,Female,SharePoint,Write,Stable,No,6,5,1,4,Travel_Rarely,No,4,6,5,30,Medium
EMP0781,Sales,Sales Executive,2,25,Female,ServiceNow,Write,Stable,No,6,5,1,4,Travel_Rarely,No,4,6,5,30,Medium
EMP0781,Sales,Sales Executive,2,25,Female,CRM Portal,Write,Stable,No,6,5,1,4,Travel_Rarely,No,4,6,5,30,Medium
EMP0783,Sales,Sales Representative,2,45,Male,Active Directory,Read,Stable,No,8,7,3,1,Travel_Rarely,No,3,9,3,30,Medium
EMP0783,Sales,Sales Representative,2,45,Male,Salesforce,Read,Stable,No,8,7,3,1,Travel_Rarely,No,3,9,3,30,Medium
EMP0783,Sales,Sales Representative,2,45,Male,SharePoint,Read,Stable,No,8,7,3,1,Travel_Rarely,No,3,9,3,30,Medium
EMP0783,Sales,Sales Representative,2,45,Male,ServiceNow,Read,Stable,No,8,7,3,1,Travel_Rarely,No,3,9,3,30,Medium
EMP0783,Sales,Sales Representative,2,45,Male,CRM Portal,Read,Stable,No,8,7,3,1,Travel_Rarely,No,3,9,3,30,Medium
EMP0784,Research & Development,Research Scientist,1,23,Male,Active Directory,Write,Stable,No,2,2,0,2,Travel_Rarely,No,3,2,3,20,Low
EMP0784,Research & Development,Research Scientist,1,23,Male,SAP,Write,Stable,No,2,2,0,2,Travel_Rarely,No,3,2,3,20,Low
EMP0784,Research & Development,Research Scientist,1,23,Male,SharePoint,Write,Stable,No,2,2,0,2,Travel_Rarely,No,3,2,3,20,Low
EMP0784,Research & Development,Research Scientist,1,23,Male,ServiceNow,Write,Stable,No,2,2,0,2,Travel_Rarely,No,3,2,3,20,Low
EMP0784,Research & Development,Research Scientist,1,23,Male,Lab Systems,Write,Stable,No,2,2,0,2,Travel_Rarely,No,3,2,3,20,Low
EMP0785,Sales,Sales Executive,2,47,Female,Active Directory,Write,Leaver,Yes,5,4,1,3,Travel_Frequently,Yes,3,8,2,75,Critical
EMP0785,Sales,Sales Executive,2,47,Female,Salesforce,Write,Leaver,Yes,5,4,1,3,Travel_Frequently,Yes,3,8,2,75,Critical
EMP0785,Sales,Sales Executive,2,47,Female,SharePoint,Write,Leaver,Yes,5,4,1,3,Travel_Frequently,Yes,3,8,2,75,Critical
EMP0785,Sales,Sales Executive,2,47,Female,ServiceNow,Write,Leaver,Yes,5,4,1,3,Travel_Frequently,Yes,3,8,2,75,Critical
EMP0785,Sales,Sales Executive,2,47,Female,CRM Portal,Write,Leaver,Yes,5,4,1,3,Travel_Frequently,Yes,3,8,2,75,Critical
EMP0786,Sales,Sales Executive,2,34,Male,Active Directory,Write,Stable,No,6,5,1,4,Travel_Rarely,No,4,6,5,30,Medium
EMP0786,Sales,Sales Executive,2,34,Male,Salesforce,Write,Stable,No,6,5,1,4,Travel_Rarely,No,4,6,5,30,Medium
EMP0786,Sales,Sales Executive,2,34,Male,SharePoint,Write,Stable,No,6,5,1,4,Travel_Rarely,No,4,6,5,30,Medium
EMP0786,Sales,Sales Executive,2,34,Male,ServiceNow,Write,Stable,No,6,5,1,4,Travel_Rarely,No,4,6,5,30,Medium
EMP0786,Sales,Sales Executive,2,34,Male,CRM Portal,Write,Stable,No,6,5,1,4,Travel_Rarely,No,4,6,5,30,Medium
EMP0787,Research & Development,Manager,5,55,Male,Active Directory,Write,Leaver,Yes,5,2,1,4,Travel_Rarely,Yes,3,24,2,70,Critical
EMP0787,Research & Development,Manager,5,55,Male,SAP,Write,Leaver,Yes,5,2,1,4,Travel_Rarely,Yes,3,24,2,70,Critical
EMP0787,Research & Development,Manager,5,55,Male,SharePoint,Write,Leaver,Yes,5,2,1,4,Travel_Rarely,Yes,3,24,2,70,Critical
EMP0787,Research & Development,Manager,5,55,Male,ServiceNow,Write,Leaver,Yes,5,2,1,4,Travel_Rarely,Yes,3,24,2,70,Critical
EMP0787,Research & Development,Manager,5,55,Male,Lab Systems,Write,Leaver,Yes,5,2,1,4,Travel_Rarely,Yes,3,24,2,70,Critical
EMP0789,Sales,Sales Executive,3,36,Male,Active Directory,Write,Stable,No,10,7,0,9,Non-Travel,No,3,10,1,25,Low
EMP0789,Sales,Sales Executive,3,36,Male,Salesforce,Write,Stable,No,10,7,0,9,Non-Travel,No,3,10,1,25,Low
EMP0789,Sales,Sales Executive,3,36,Male,SharePoint,Write,Stable,No,10,7,0,9,Non-Travel,No,3,10,1,25,Low
EMP0789,Sales,Sales Executive,3,36,Male,ServiceNow,Write,Stable,No,10,7,0,9,Non-Travel,No,3,10,1,25,Low
EMP0789,Sales,Sales Executive,3,36,Male,CRM Portal,Write,Stable,No,10,7,0,9,Non-Travel,No,3,10,1,25,Low
EMP0791,Research & Development,Research Scientist,1,52,Male,Active Directory,Write,Stable,No,4,3,1,2,Non-Travel,No,3,5,3,15,Low
EMP0791,Research & Development,Research Scientist,1,52,Male,SAP,Write,Stable,No,4,3,1,2,Non-Travel,No,3,5,3,15,Low
EMP0791,Research & Development,Research Scientist,1,52,Male,SharePoint,Write,Stable,No,4,3,1,2,Non-Travel,No,3,5,3,15,Low
EMP0791,Research & Development,Research Scientist,1,52,Male,ServiceNow,Write,Stable,No,4,3,1,2,Non-Travel,No,3,5,3,15,Low
EMP0791,Research & Development,Research Scientist,1,52,Male,Lab Systems,Write,Stable,No,4,3,1,2,Non-Travel,No,3,5,3,15,Low
EMP0792,Research & Development,Laboratory Technician,1,26,Female,Active Directory,Read,Stable,No,2,2,2,0,Travel_Frequently,No,3,5,2,25,Low
EMP0792,Research & Development,Laboratory Technician,1,26,Female,SAP,Read,Stable,No,2,2,2,0,Travel_Frequently,No,3,5,2,25,Low
EMP0792,Research & Development,Laboratory Technician,1,26,Female,SharePoint,Read,Stable,No,2,2,2,0,Travel_Frequently,No,3,5,2,25,Low
EMP0792,Research & Development,Laboratory Technician,1,26,Female,ServiceNow,Read,Stable,No,2,2,2,0,Travel_Frequently,No,3,5,2,25,Low
EMP0792,Research & Development,Laboratory Technician,1,26,Female,Lab Systems,Read,Stable,No,2,2,2,0,Travel_Frequently,No,3,5,2,25,Low
EMP0793,Research & Development,Healthcare Representative,2,29,Female,Active Directory,Read,Stable,No,8,7,1,1,Travel_Rarely,No,3,11,3,30,Medium
EMP0793,Research & Development,Healthcare Representative,2,29,Female,SAP,Read,Stable,No,8,7,1,1,Travel_Rarely,No,3,11,3,30,Medium
EMP0793,Research & Development,Healthcare Representative,2,29,Female,SharePoint,Read,Stable,No,8,7,1,1,Travel_Rarely,No,3,11,3,30,Medium
EMP0793,Research & Development,Healthcare Representative,2,29,Female,ServiceNow,Read,Stable,No,8,7,1,1,Travel_Rarely,No,3,11,3,30,Medium
EMP0793,Research & Development,Healthcare Representative,2,29,Female,Lab Systems,Read,Stable,No,8,7,1,1,Travel_Rarely,No,3,11,3,30,Medium
EMP0796,Sales,Sales Executive,2,26,Male,Active Directory,Write,Leaver,Yes,4,3,1,2,Travel_Rarely,No,3,6,2,60,High
EMP0796,Sales,Sales Executive,2,26,Male,Salesforce,Write,Leaver,Yes,4,3,1,2,Travel_Rarely,No,3,6,2,60,High
EMP0796,Sales,Sales Executive,2,26,Male,SharePoint,Write,Leaver,Yes,4,3,1,2,Travel_Rarely,No,3,6,2,60,High
EMP0796,Sales,Sales Executive,2,26,Male,ServiceNow,Write,Leaver,Yes,4,3,1,2,Travel_Rarely,No,3,6,2,60,High
EMP0796,Sales,Sales Executive,2,26,Male,CRM Portal,Write,Leaver,Yes,4,3,1,2,Travel_Rarely,No,3,6,2,60,High
EMP0797,Research & Development,Research Scientist,1,34,Female,Active Directory,Write,Stable,No,4,2,1,3,Travel_Rarely,No,3,10,2,20,Low
EMP0797,Research & Development,Research Scientist,1,34,Female,SAP,Write,Stable,No,4,2,1,3,Travel_Rarely,No,3,10,2,20,Low
EMP0797,Research & Development,Research Scientist,1,34,Female,SharePoint,Write,Stable,No,4,2,1,3,Travel_Rarely,No,3,10,2,20,Low
EMP0797,Research & Development,Research Scientist,1,34,Female,ServiceNow,Write,Stable,No,4,2,1,3,Travel_Rarely,No,3,10,2,20,Low
EMP0797,Research & Development,Research Scientist,1,34,Female,Lab Systems,Write,Stable,No,4,2,1,3,Travel_Rarely,No,3,10,2,20,Low
EMP0799,Research & Development,Manufacturing Director,2,54,Female,Active Directory,Write,Stable,No,5,3,1,4,Travel_Rarely,Yes,3,9,4,30,Medium
EMP0799,Research & Development,Manufacturing Director,2,54,Female,SAP,Write,Stable,No,5,3,1,4,Travel_Rarely,Yes,3,9,4,30,Medium
EMP0799,Research & Development,Manufacturing Director,2,54,Female,SharePoint,Write,Stable,No,5,3,1,4,Travel_Rarely,Yes,3,9,4,30,Medium
EMP0799,Research & Development,Manufacturing Director,2,54,Female,ServiceNow,Write,Stable,No,5,3,1,4,Travel_Rarely,Yes,3,9,4,30,Medium
EMP0799,Research & Development,Manufacturing Director,2,54,Female,Lab Systems,Write,Stable,No,5,3,1,4,Travel_Rarely,Yes,3,9,4,30,Medium
EMP0800,Sales,Sales Executive,2,27,Male,Active Directory,Write,Stable,No,4,2,1,1,Travel_Frequently,No,3,5,3,35,Medium
EMP0800,Sales,Sales Executive,2,27,Male,Salesforce,Write,Stable,No,4,2,1,1,Travel_Frequently,No,3,5,3,35,Medium
EMP0800,Sales,Sales Executive,2,27,Male,SharePoint,Write,Stable,No,4,2,1,1,Travel_Frequently,No,3,5,3,35,Medium
EMP0800,Sales,Sales Executive,2,27,Male,ServiceNow,Write,Stable,No,4,2,1,1,Travel_Frequently,No,3,5,3,35,Medium
EMP0800,Sales,Sales Executive,2,27,Male,CRM Portal,Write,Stable,No,4,2,1,1,Travel_Frequently,No,3,5,3,35,Medium
EMP0802,Research & Development,Research Scientist,1,37,Female,Active Directory,Write,Stable,No,5,3,4,3,Travel_Rarely,Yes,3,6,3,30,Medium
EMP0802,Research & Development,Research Scientist,1,37,Female,SAP,Write,Stable,No,5,3,4,3,Travel_Rarely,Yes,3,6,3,30,Medium
EMP0802,Research & Development,Research Scientist,1,37,Female,SharePoint,Write,Stable,No,5,3,4,3,Travel_Rarely,Yes,3,6,3,30,Medium
EMP0802,Research & Development,Research Scientist,1,37,Female,ServiceNow,Write,Stable,No,5,3,4,3,Travel_Rarely,Yes,3,6,3,30,Medium
EMP0802,Research & Development,Research Scientist,1,37,Female,Lab Systems,Write,Stable,No,5,3,4,3,Travel_Rarely,Yes,3,6,3,30,Medium
EMP0803,Research & Development,Manufacturing Director,2,38,Female,Active Directory,Write,Stable,No,15,7,4,12,Travel_Frequently,Yes,3,17,2,50,High
EMP0803,Research & Development,Manufacturing Director,2,38,Female,SAP,Write,Stable,No,15,7,4,12,Travel_Frequently,Yes,3,17,2,50,High
EMP0803,Research & Development,Manufacturing Director,2,38,Female,SharePoint,Write,Stable,No,15,7,4,12,Travel_Frequently,Yes,3,17,2,50,High
EMP0803,Research & Development,Manufacturing Director,2,38,Female,ServiceNow,Write,Stable,No,15,7,4,12,Travel_Frequently,Yes,3,17,2,50,High
EMP0803,Research & Development,Manufacturing Director,2,38,Female,Lab Systems,Write,Stable,No,15,7,4,12,Travel_Frequently,Yes,3,17,2,50,High
EMP0804,Research & Development,Research Scientist,1,34,Female,Active Directory,Write,Stable,No,6,5,1,3,Travel_Rarely,No,3,6,3,30,Medium
EMP0804,Research & Development,Research Scientist,1,34,Female,SAP,Write,Stable,No,6,5,1,3,Travel_Rarely,No,3,6,3,30,Medium
EMP0804,Research & Development,Research Scientist,1,34,Female,SharePoint,Write,Stable,No,6,5,1,3,Travel_Rarely,No,3,6,3,30,Medium
EMP0804,Research & Development,Research Scientist,1,34,Female,ServiceNow,Write,Stable,No,6,5,1,3,Travel_Rarely,No,3,6,3,30,Medium
EMP0804,Research & Development,Research Scientist,1,34,Female,Lab Systems,Write,Stable,No,6,5,1,3,Travel_Rarely,No,3,6,3,30,Medium
EMP0805,Sales,Sales Representative,1,35,Female,Active Directory,Read,Stable,No,3,2,0,2,Travel_Rarely,No,3,3,1,10,Low
EMP0805,Sales,Sales Representative,1,35,Female,Salesforce,Read,Stable,No,3,2,0,2,Travel_Rarely,No,3,3,1,10,Low
EMP0805,Sales,Sales Representative,1,35,Female,SharePoint,Read,Stable,No,3,2,0,2,Travel_Rarely,No,3,3,1,10,Low
EMP0805,Sales,Sales Representative,1,35,Female,ServiceNow,Read,Stable,No,3,2,0,2,Travel_Rarely,No,3,3,1,10,Low
EMP0805,Sales,Sales Representative,1,35,Female,CRM Portal,Read,Stable,No,3,2,0,2,Travel_Rarely,No,3,3,1,10,Low
EMP0806,Research & Development,Laboratory Technician,1,30,Male,Active Directory,Read,Stable,No,2,2,0,2,Travel_Rarely,No,4,7,2,10,Low
EMP0806,Research & Development,Laboratory Technician,1,30,Male,SAP,Read,Stable,No,2,2,0,2,Travel_Rarely,No,4,7,2,10,Low
EMP0806,Research & Development,Laboratory Technician,1,30,Male,SharePoint,Read,Stable,No,2,2,0,2,Travel_Rarely,No,4,7,2,10,Low
EMP0806,Research & Development,Laboratory Technician,1,30,Male,ServiceNow,Read,Stable,No,2,2,0,2,Travel_Rarely,No,4,7,2,10,Low
EMP0806,Research & Development,Laboratory Technician,1,30,Male,Lab Systems,Read,Stable,No,2,2,0,2,Travel_Rarely,No,4,7,2,10,Low
EMP0807,Research & Development,Healthcare Representative,2,40,Female,Active Directory,Read,Stable,No,8,7,3,7,Travel_Frequently,No,4,8,2,25,Low
EMP0807,Research & Development,Healthcare Representative,2,40,Female,SAP,Read,Stable,No,8,7,3,7,Travel_Frequently,No,4,8,2,25,Low
EMP0807,Research & Development,Healthcare Representative,2,40,Female,SharePoint,Read,Stable,No,8,7,3,7,Travel_Frequently,No,4,8,2,25,Low
EMP0807,Research & Development,Healthcare Representative,2,40,Female,ServiceNow,Read,Stable,No,8,7,3,7,Travel_Frequently,No,4,8,2,25,Low
EMP0807,Research & Development,Healthcare Representative,2,40,Female,Lab Systems,Read,Stable,No,8,7,3,7,Travel_Frequently,No,4,8,2,25,Low
EMP0808,Sales,Sales Executive,2,34,Female,Active Directory,Write,Stable,No,3,2,1,2,Travel_Rarely,No,3,6,1,20,Low
EMP0808,Sales,Sales Executive,2,34,Female,Salesforce,Write,Stable,No,3,2,1,2,Travel_Rarely,No,3,6,1,20,Low
EMP0808,Sales,Sales Executive,2,34,Female,SharePoint,Write,Stable,No,3,2,1,2,Travel_Rarely,No,3,6,1,20,Low
EMP0808,Sales,Sales Executive,2,34,Female,ServiceNow,Write,Stable,No,3,2,1,2,Travel_Rarely,No,3,6,1,20,Low
EMP0808,Sales,Sales Executive,2,34,Female,CRM Portal,Write,Stable,No,3,2,1,2,Travel_Rarely,No,3,6,1,20,Low
EMP0809,Research & Development,Manager,5,42,Male,Active Directory,Write,Stable,No,24,7,14,9,Travel_Frequently,No,3,24,4,40,Medium
EMP0809,Research & Development,Manager,5,42,Male,SAP,Write,Stable,No,24,7,14,9,Travel_Frequently,No,3,24,4,40,Medium
EMP0809,Research & Development,Manager,5,42,Male,SharePoint,Write,Stable,No,24,7,14,9,Travel_Frequently,No,3,24,4,40,Medium
EMP0809,Research & Development,Manager,5,42,Male,ServiceNow,Write,Stable,No,24,7,14,9,Travel_Frequently,No,3,24,4,40,Medium
EMP0809,Research & Development,Manager,5,42,Male,Lab Systems,Write,Stable,No,24,7,14,9,Travel_Frequently,No,3,24,4,40,Medium
EMP0811,Research & Development,Laboratory Technician,1,23,Male,Active Directory,Read,Leaver,Yes,0,0,0,0,Travel_Rarely,Yes,4,1,2,70,Critical
EMP0811,Research & Development,Laboratory Technician,1,23,Male,SAP,Read,Leaver,Yes,0,0,0,0,Travel_Rarely,Yes,4,1,2,70,Critical
EMP0811,Research & Development,Laboratory Technician,1,23,Male,SharePoint,Read,Leaver,Yes,0,0,0,0,Travel_Rarely,Yes,4,1,2,70,Critical
EMP0811,Research & Development,Laboratory Technician,1,23,Male,ServiceNow,Read,Leaver,Yes,0,0,0,0,Travel_Rarely,Yes,4,1,2,70,Critical
EMP0811,Research & Development,Laboratory Technician,1,23,Male,Lab Systems,Read,Leaver,Yes,0,0,0,0,Travel_Rarely,Yes,4,1,2,70,Critical
EMP0812,Research & Development,Laboratory Technician,1,24,Male,Active Directory,Read,Mover,No,1,0,0,0,Non-Travel,No,3,1,4,35,Medium
EMP0812,Research & Development,Laboratory Technician,1,24,Male,SAP,Read,Mover,No,1,0,0,0,Non-Travel,No,3,1,4,35,Medium
EMP0812,Research & Development,Laboratory Technician,1,24,Male,SharePoint,Read,Mover,No,1,0,0,0,Non-Travel,No,3,1,4,35,Medium
EMP0812,Research & Development,Laboratory Technician,1,24,Male,ServiceNow,Read,Mover,No,1,0,0,0,Non-Travel,No,3,1,4,35,Medium
EMP0812,Research & Development,Laboratory Technician,1,24,Male,Lab Systems,Read,Mover,No,1,0,0,0,Non-Travel,No,3,1,4,35,Medium
EMP0813,Research & Development,Laboratory Technician,2,52,Female,Active Directory,Read,Stable,No,5,2,1,4,Travel_Rarely,No,4,9,3,10,Low
EMP0813,Research & Development,Laboratory Technician,2,52,Female,SAP,Read,Stable,No,5,2,1,4,Travel_Rarely,No,4,9,3,10,Low
EMP0813,Research & Development,Laboratory Technician,2,52,Female,SharePoint,Read,Stable,No,5,2,1,4,Travel_Rarely,No,4,9,3,10,Low
EMP0813,Research & Development,Laboratory Technician,2,52,Female,ServiceNow,Read,Stable,No,5,2,1,4,Travel_Rarely,No,4,9,3,10,Low
EMP0813,Research & Development,Laboratory Technician,2,52,Female,Lab Systems,Read,Stable,No,5,2,1,4,Travel_Rarely,No,4,9,3,10,Low
EMP0815,Research & Development,Research Director,4,50,Male,Active Directory,Admin,Stable,No,4,3,0,3,Travel_Rarely,No,3,30,3,35,Medium
EMP0815,Research & Development,Research Director,4,50,Male,SAP,Admin,Stable,No,4,3,0,3,Travel_Rarely,No,3,30,3,35,Medium
EMP0815,Research & Development,Research Director,4,50,Male,SharePoint,Admin,Stable,No,4,3,0,3,Travel_Rarely,No,3,30,3,35,Medium
EMP0815,Research & Development,Research Director,4,50,Male,ServiceNow,Admin,Stable,No,4,3,0,3,Travel_Rarely,No,3,30,3,35,Medium
EMP0815,Research & Development,Research Director,4,50,Male,Lab Systems,Admin,Stable,No,4,3,0,3,Travel_Rarely,No,3,30,3,35,Medium
EMP0816,Research & Development,Laboratory Technician,1,29,Female,Active Directory,Read,Leaver,Yes,1,0,0,0,Travel_Rarely,Yes,3,1,1,70,Critical
EMP0816,Research & Development,Laboratory Technician,1,29,Female,SAP,Read,Leaver,Yes,1,0,0,0,Travel_Rarely,Yes,3,1,1,70,Critical
EMP0816,Research & Development,Laboratory Technician,1,29,Female,SharePoint,Read,Leaver,Yes,1,0,0,0,Travel_Rarely,Yes,3,1,1,70,Critical
EMP0816,Research & Development,Laboratory Technician,1,29,Female,ServiceNow,Read,Leaver,Yes,1,0,0,0,Travel_Rarely,Yes,3,1,1,70,Critical
EMP0816,Research & Development,Laboratory Technician,1,29,Female,Lab Systems,Read,Leaver,Yes,1,0,0,0,Travel_Rarely,Yes,3,1,1,70,Critical
EMP0817,Research & Development,Research Director,3,33,Male,Active Directory,Admin,Stable,No,13,9,3,7,Travel_Rarely,No,3,14,3,50,High
EMP0817,Research & Development,Research Director,3,33,Male,SAP,Admin,Stable,No,13,9,3,7,Travel_Rarely,No,3,14,3,50,High
EMP0817,Research & Development,Research Director,3,33,Male,SharePoint,Admin,Stable,No,13,9,3,7,Travel_Rarely,No,3,14,3,50,High
EMP0817,Research & Development,Research Director,3,33,Male,ServiceNow,Admin,Stable,No,13,9,3,7,Travel_Rarely,No,3,14,3,50,High
EMP0817,Research & Development,Research Director,3,33,Male,Lab Systems,Admin,Stable,No,13,9,3,7,Travel_Rarely,No,3,14,3,50,High
EMP0819,Sales,Sales Executive,2,33,Female,Active Directory,Write,Leaver,Yes,3,2,0,2,Travel_Rarely,No,3,6,3,60,High
EMP0819,Sales,Sales Executive,2,33,Female,Salesforce,Write,Leaver,Yes,3,2,0,2,Travel_Rarely,No,3,6,3,60,High
EMP0819,Sales,Sales Executive,2,33,Female,SharePoint,Write,Leaver,Yes,3,2,0,2,Travel_Rarely,No,3,6,3,60,High
EMP0819,Sales,Sales Executive,2,33,Female,ServiceNow,Write,Leaver,Yes,3,2,0,2,Travel_Rarely,No,3,6,3,60,High
EMP0819,Sales,Sales Executive,2,33,Female,CRM Portal,Write,Leaver,Yes,3,2,0,2,Travel_Rarely,No,3,6,3,60,High
EMP0820,Research & Development,Manager,4,47,Female,Active Directory,Write,Stable,No,26,14,3,0,Travel_Rarely,Yes,3,26,3,55,High
EMP0820,Research & Development,Manager,4,47,Female,SAP,Write,Stable,No,26,14,3,0,Travel_Rarely,Yes,3,26,3,55,High
EMP0820,Research & Development,Manager,4,47,Female,SharePoint,Write,Stable,No,26,14,3,0,Travel_Rarely,Yes,3,26,3,55,High
EMP0820,Research & Development,Manager,4,47,Female,ServiceNow,Write,Stable,No,26,14,3,0,Travel_Rarely,Yes,3,26,3,55,High
EMP0820,Research & Development,Manager,4,47,Female,Lab Systems,Write,Stable,No,26,14,3,0,Travel_Rarely,Yes,3,26,3,55,High
EMP0823,Research & Development,Manufacturing Director,2,36,Female,Active Directory,Write,Stable,No,9,7,0,5,Travel_Rarely,No,3,10,2,30,Medium
EMP0823,Research & Development,Manufacturing Director,2,36,Female,SAP,Write,Stable,No,9,7,0,5,Travel_Rarely,No,3,10,2,30,Medium
EMP0823,Research & Development,Manufacturing Director,2,36,Female,SharePoint,Write,Stable,No,9,7,0,5,Travel_Rarely,No,3,10,2,30,Medium
EMP0823,Research & Development,Manufacturing Director,2,36,Female,ServiceNow,Write,Stable,No,9,7,0,5,Travel_Rarely,No,3,10,2,30,Medium
EMP0823,Research & Development,Manufacturing Director,2,36,Female,Lab Systems,Write,Stable,No,9,7,0,5,Travel_Rarely,No,3,10,2,30,Medium
EMP0824,Research & Development,Research Scientist,1,29,Male,Active Directory,Write,Stable,No,10,7,0,7,Travel_Rarely,No,4,10,3,30,Medium
EMP0824,Research & Development,Research Scientist,1,29,Male,SAP,Write,Stable,No,10,7,0,7,Travel_Rarely,No,4,10,3,30,Medium
EMP0824,Research & Development,Research Scientist,1,29,Male,SharePoint,Write,Stable,No,10,7,0,7,Travel_Rarely,No,4,10,3,30,Medium
EMP0824,Research & Development,Research Scientist,1,29,Male,ServiceNow,Write,Stable,No,10,7,0,7,Travel_Rarely,No,4,10,3,30,Medium
EMP0824,Research & Development,Research Scientist,1,29,Male,Lab Systems,Write,Stable,No,10,7,0,7,Travel_Rarely,No,4,10,3,30,Medium
EMP0825,Research & Development,Research Director,5,58,Male,Active Directory,Admin,Leaver,Yes,31,15,13,8,Travel_Rarely,Yes,3,40,2,100,Critical
EMP0825,Research & Development,Research Director,5,58,Male,SAP,Admin,Leaver,Yes,31,15,13,8,Travel_Rarely,Yes,3,40,2,100,Critical
EMP0825,Research & Development,Research Director,5,58,Male,SharePoint,Admin,Leaver,Yes,31,15,13,8,Travel_Rarely,Yes,3,40,2,100,Critical
EMP0825,Research & Development,Research Director,5,58,Male,ServiceNow,Admin,Leaver,Yes,31,15,13,8,Travel_Rarely,Yes,3,40,2,100,Critical
EMP0825,Research & Development,Research Director,5,58,Male,Lab Systems,Admin,Leaver,Yes,31,15,13,8,Travel_Rarely,Yes,3,40,2,100,Critical
EMP0826,Research & Development,Research Scientist,1,35,Female,Active Directory,Write,Stable,No,2,2,2,2,Travel_Rarely,No,3,7,0,20,Low
EMP0826,Research & Development,Research Scientist,1,35,Female,SAP,Write,Stable,No,2,2,2,2,Travel_Rarely,No,3,7,0,20,Low
EMP0826,Research & Development,Research Scientist,1,35,Female,SharePoint,Write,Stable,No,2,2,2,2,Travel_Rarely,No,3,7,0,20,Low
EMP0826,Research & Development,Research Scientist,1,35,Female,ServiceNow,Write,Stable,No,2,2,2,2,Travel_Rarely,No,3,7,0,20,Low
EMP0826,Research & Development,Research Scientist,1,35,Female,Lab Systems,Write,Stable,No,2,2,2,2,Travel_Rarely,No,3,7,0,20,Low
EMP0827,Research & Development,Manufacturing Director,2,42,Female,Active Directory,Write,Stable,No,4,3,0,2,Travel_Rarely,Yes,3,8,4,30,Medium
EMP0827,Research & Development,Manufacturing Director,2,42,Female,SAP,Write,Stable,No,4,3,0,2,Travel_Rarely,Yes,3,8,4,30,Medium
EMP0827,Research & Development,Manufacturing Director,2,42,Female,SharePoint,Write,Stable,No,4,3,0,2,Travel_Rarely,Yes,3,8,4,30,Medium
EMP0827,Research & Development,Manufacturing Director,2,42,Female,ServiceNow,Write,Stable,No,4,3,0,2,Travel_Rarely,Yes,3,8,4,30,Medium
EMP0827,Research & Development,Manufacturing Director,2,42,Female,Lab Systems,Write,Stable,No,4,3,0,2,Travel_Rarely,Yes,3,8,4,30,Medium
EMP0828,Research & Development,Research Scientist,1,28,Male,Active Directory,Write,Leaver,Yes,2,2,2,1,Travel_Rarely,No,3,5,3,70,Critical
EMP0828,Research & Development,Research Scientist,1,28,Male,SAP,Write,Leaver,Yes,2,2,2,1,Travel_Rarely,No,3,5,3,70,Critical
EMP0828,Research & Development,Research Scientist,1,28,Male,SharePoint,Write,Leaver,Yes,2,2,2,1,Travel_Rarely,No,3,5,3,70,Critical
EMP0828,Research & Development,Research Scientist,1,28,Male,ServiceNow,Write,Leaver,Yes,2,2,2,1,Travel_Rarely,No,3,5,3,70,Critical
EMP0828,Research & Development,Research Scientist,1,28,Male,Lab Systems,Write,Leaver,Yes,2,2,2,1,Travel_Rarely,No,3,5,3,70,Critical
EMP0829,Human Resources,Human Resources,1,36,Male,Active Directory,Read,Stable,No,5,2,0,4,Travel_Rarely,No,3,8,2,10,Low
EMP0829,Human Resources,Human Resources,1,36,Male,Workday,Read,Stable,No,5,2,0,4,Travel_Rarely,No,3,8,2,10,Low
EMP0829,Human Resources,Human Resources,1,36,Male,SharePoint,Read,Stable,No,5,2,0,4,Travel_Rarely,No,3,8,2,10,Low
EMP0829,Human Resources,Human Resources,1,36,Male,ServiceNow,Read,Stable,No,5,2,0,4,Travel_Rarely,No,3,8,2,10,Low
EMP0829,Human Resources,Human Resources,1,36,Male,HR Portal,Read,Stable,No,5,2,0,4,Travel_Rarely,No,3,8,2,10,Low
EMP0830,Research & Development,Manufacturing Director,2,32,Female,Active Directory,Write,Stable,No,14,13,6,8,Travel_Rarely,No,3,14,3,35,Medium
EMP0830,Research & Development,Manufacturing Director,2,32,Female,SAP,Write,Stable,No,14,13,6,8,Travel_Rarely,No,3,14,3,35,Medium
EMP0830,Research & Development,Manufacturing Director,2,32,Female,SharePoint,Write,Stable,No,14,13,6,8,Travel_Rarely,No,3,14,3,35,Medium
EMP0830,Research & Development,Manufacturing Director,2,32,Female,ServiceNow,Write,Stable,No,14,13,6,8,Travel_Rarely,No,3,14,3,35,Medium
EMP0830,Research & Development,Manufacturing Director,2,32,Female,Lab Systems,Write,Stable,No,14,13,6,8,Travel_Rarely,No,3,14,3,35,Medium
EMP0832,Research & Development,Laboratory Technician,2,40,Male,Active Directory,Read,Mover,No,1,0,0,0,Travel_Frequently,No,3,10,6,45,Medium
EMP0832,Research & Development,Laboratory Technician,2,40,Male,SAP,Read,Mover,No,1,0,0,0,Travel_Frequently,No,3,10,6,45,Medium
EMP0832,Research & Development,Laboratory Technician,2,40,Male,SharePoint,Read,Mover,No,1,0,0,0,Travel_Frequently,No,3,10,6,45,Medium
EMP0832,Research & Development,Laboratory Technician,2,40,Male,ServiceNow,Read,Mover,No,1,0,0,0,Travel_Frequently,No,3,10,6,45,Medium
EMP0832,Research & Development,Laboratory Technician,2,40,Male,Lab Systems,Read,Mover,No,1,0,0,0,Travel_Frequently,No,3,10,6,45,Medium
EMP0833,Research & Development,Manufacturing Director,2,30,Female,Active Directory,Write,Mover,No,0,0,0,0,Travel_Rarely,Yes,4,12,4,60,High
EMP0833,Research & Development,Manufacturing Director,2,30,Female,SAP,Write,Mover,No,0,0,0,0,Travel_Rarely,Yes,4,12,4,60,High
EMP0833,Research & Development,Manufacturing Director,2,30,Female,SharePoint,Write,Mover,No,0,0,0,0,Travel_Rarely,Yes,4,12,4,60,High
EMP0833,Research & Development,Manufacturing Director,2,30,Female,ServiceNow,Write,Mover,No,0,0,0,0,Travel_Rarely,Yes,4,12,4,60,High
EMP0833,Research & Development,Manufacturing Director,2,30,Female,Lab Systems,Write,Mover,No,0,0,0,0,Travel_Rarely,Yes,4,12,4,60,High
EMP0834,Research & Development,Research Scientist,1,45,Female,Active Directory,Write,Mover,No,1,0,0,0,Travel_Rarely,No,3,1,3,50,High
EMP0834,Research & Development,Research Scientist,1,45,Female,SAP,Write,Mover,No,1,0,0,0,Travel_Rarely,No,3,1,3,50,High
EMP0834,Research & Development,Research Scientist,1,45,Female,SharePoint,Write,Mover,No,1,0,0,0,Travel_Rarely,No,3,1,3,50,High
EMP0834,Research & Development,Research Scientist,1,45,Female,ServiceNow,Write,Mover,No,1,0,0,0,Travel_Rarely,No,3,1,3,50,High
EMP0834,Research & Development,Research Scientist,1,45,Female,Lab Systems,Write,Mover,No,1,0,0,0,Travel_Rarely,No,3,1,3,50,High
EMP0836,Research & Development,Manufacturing Director,2,42,Male,Active Directory,Write,Stable,No,9,8,7,8,Travel_Rarely,No,3,10,3,30,Medium
EMP0836,Research & Development,Manufacturing Director,2,42,Male,SAP,Write,Stable,No,9,8,7,8,Travel_Rarely,No,3,10,3,30,Medium
EMP0836,Research & Development,Manufacturing Director,2,42,Male,SharePoint,Write,Stable,No,9,8,7,8,Travel_Rarely,No,3,10,3,30,Medium
EMP0836,Research & Development,Manufacturing Director,2,42,Male,ServiceNow,Write,Stable,No,9,8,7,8,Travel_Rarely,No,3,10,3,30,Medium
EMP0836,Research & Development,Manufacturing Director,2,42,Male,Lab Systems,Write,Stable,No,9,8,7,8,Travel_Rarely,No,3,10,3,30,Medium
EMP0837,Research & Development,Healthcare Representative,2,38,Male,Active Directory,Read,Stable,No,4,3,1,2,Travel_Frequently,No,3,13,3,15,Low
EMP0837,Research & Development,Healthcare Representative,2,38,Male,SAP,Read,Stable,No,4,3,1,2,Travel_Frequently,No,3,13,3,15,Low
EMP0837,Research & Development,Healthcare Representative,2,38,Male,SharePoint,Read,Stable,No,4,3,1,2,Travel_Frequently,No,3,13,3,15,Low
EMP0837,Research & Development,Healthcare Representative,2,38,Male,ServiceNow,Read,Stable,No,4,3,1,2,Travel_Frequently,No,3,13,3,15,Low
EMP0837,Research & Development,Healthcare Representative,2,38,Male,Lab Systems,Read,Stable,No,4,3,1,2,Travel_Frequently,No,3,13,3,15,Low
EMP0838,Research & Development,Research Scientist,1,34,Female,Active Directory,Write,Stable,No,5,2,1,3,Travel_Frequently,No,3,6,3,25,Low
EMP0838,Research & Development,Research Scientist,1,34,Female,SAP,Write,Stable,No,5,2,1,3,Travel_Frequently,No,3,6,3,25,Low
EMP0838,Research & Development,Research Scientist,1,34,Female,SharePoint,Write,Stable,No,5,2,1,3,Travel_Frequently,No,3,6,3,25,Low
EMP0838,Research & Development,Research Scientist,1,34,Female,ServiceNow,Write,Stable,No,5,2,1,3,Travel_Frequently,No,3,6,3,25,Low
EMP0838,Research & Development,Research Scientist,1,34,Female,Lab Systems,Write,Stable,No,5,2,1,3,Travel_Frequently,No,3,6,3,25,Low
EMP0840,Sales,Sales Executive,3,49,Female,Active Directory,Write,Leaver,Yes,9,8,7,7,Travel_Rarely,No,3,9,3,70,Critical
EMP0840,Sales,Sales Executive,3,49,Female,Salesforce,Write,Leaver,Yes,9,8,7,7,Travel_Rarely,No,3,9,3,70,Critical
EMP0840,Sales,Sales Executive,3,49,Female,SharePoint,Write,Leaver,Yes,9,8,7,7,Travel_Rarely,No,3,9,3,70,Critical
EMP0840,Sales,Sales Executive,3,49,Female,ServiceNow,Write,Leaver,Yes,9,8,7,7,Travel_Rarely,No,3,9,3,70,Critical
EMP0840,Sales,Sales Executive,3,49,Female,CRM Portal,Write,Leaver,Yes,9,8,7,7,Travel_Rarely,No,3,9,3,70,Critical
EMP0842,Sales,Sales Executive,2,55,Male,Active Directory,Write,Leaver,Yes,9,7,7,3,Travel_Rarely,No,3,12,3,70,Critical
EMP0842,Sales,Sales Executive,2,55,Male,Salesforce,Write,Leaver,Yes,9,7,7,3,Travel_Rarely,No,3,12,3,70,Critical
EMP0842,Sales,Sales Executive,2,55,Male,SharePoint,Write,Leaver,Yes,9,7,7,3,Travel_Rarely,No,3,12,3,70,Critical
EMP0842,Sales,Sales Executive,2,55,Male,ServiceNow,Write,Leaver,Yes,9,7,7,3,Travel_Rarely,No,3,12,3,70,Critical
EMP0842,Sales,Sales Executive,2,55,Male,CRM Portal,Write,Leaver,Yes,9,7,7,3,Travel_Rarely,No,3,12,3,70,Critical
EMP0843,Research & Development,Research Director,4,43,Male,Active Directory,Admin,Mover,No,4,1,1,0,Travel_Rarely,No,4,22,3,65,High
EMP0843,Research & Development,Research Director,4,43,Male,SAP,Admin,Mover,No,4,1,1,0,Travel_Rarely,No,4,22,3,65,High
EMP0843,Research & Development,Research Director,4,43,Male,SharePoint,Admin,Mover,No,4,1,1,0,Travel_Rarely,No,4,22,3,65,High
EMP0843,Research & Development,Research Director,4,43,Male,ServiceNow,Admin,Mover,No,4,1,1,0,Travel_Rarely,No,4,22,3,65,High
EMP0843,Research & Development,Research Director,4,43,Male,Lab Systems,Admin,Mover,No,4,1,1,0,Travel_Rarely,No,4,22,3,65,High
EMP0844,Research & Development,Research Director,3,27,Male,Active Directory,Admin,Stable,No,9,8,0,8,Travel_Rarely,Yes,3,9,3,55,High
EMP0844,Research & Development,Research Director,3,27,Male,SAP,Admin,Stable,No,9,8,0,8,Travel_Rarely,Yes,3,9,3,55,High
EMP0844,Research & Development,Research Director,3,27,Male,SharePoint,Admin,Stable,No,9,8,0,8,Travel_Rarely,Yes,3,9,3,55,High
EMP0844,Research & Development,Research Director,3,27,Male,ServiceNow,Admin,Stable,No,9,8,0,8,Travel_Rarely,Yes,3,9,3,55,High
EMP0844,Research & Development,Research Director,3,27,Male,Lab Systems,Admin,Stable,No,9,8,0,8,Travel_Rarely,Yes,3,9,3,55,High
EMP0845,Research & Development,Manufacturing Director,3,35,Male,Active Directory,Write,Stable,No,8,5,1,6,Travel_Rarely,No,4,17,3,30,Medium
EMP0845,Research & Development,Manufacturing Director,3,35,Male,SAP,Write,Stable,No,8,5,1,6,Travel_Rarely,No,4,17,3,30,Medium
EMP0845,Research & Development,Manufacturing Director,3,35,Male,SharePoint,Write,Stable,No,8,5,1,6,Travel_Rarely,No,4,17,3,30,Medium
EMP0845,Research & Development,Manufacturing Director,3,35,Male,ServiceNow,Write,Stable,No,8,5,1,6,Travel_Rarely,No,4,17,3,30,Medium
EMP0845,Research & Development,Manufacturing Director,3,35,Male,Lab Systems,Write,Stable,No,8,5,1,6,Travel_Rarely,No,4,17,3,30,Medium
EMP0846,Sales,Sales Executive,2,28,Female,Active Directory,Write,Stable,No,8,7,7,5,Travel_Rarely,Yes,4,8,2,40,Medium
EMP0846,Sales,Sales Executive,2,28,Female,Salesforce,Write,Stable,No,8,7,7,5,Travel_Rarely,Yes,4,8,2,40,Medium
EMP0846,Sales,Sales Executive,2,28,Female,SharePoint,Write,Stable,No,8,7,7,5,Travel_Rarely,Yes,4,8,2,40,Medium
EMP0846,Sales,Sales Executive,2,28,Female,ServiceNow,Write,Stable,No,8,7,7,5,Travel_Rarely,Yes,4,8,2,40,Medium
EMP0846,Sales,Sales Executive,2,28,Female,CRM Portal,Write,Stable,No,8,7,7,5,Travel_Rarely,Yes,4,8,2,40,Medium
EMP0847,Human Resources,Human Resources,1,34,Male,Active Directory,Read,Stable,No,3,2,0,2,Travel_Rarely,No,3,4,1,10,Low
EMP0847,Human Resources,Human Resources,1,34,Male,Workday,Read,Stable,No,3,2,0,2,Travel_Rarely,No,3,4,1,10,Low
EMP0847,Human Resources,Human Resources,1,34,Male,SharePoint,Read,Stable,No,3,2,0,2,Travel_Rarely,No,3,4,1,10,Low
EMP0847,Human Resources,Human Resources,1,34,Male,ServiceNow,Read,Stable,No,3,2,0,2,Travel_Rarely,No,3,4,1,10,Low
EMP0847,Human Resources,Human Resources,1,34,Male,HR Portal,Read,Stable,No,3,2,0,2,Travel_Rarely,No,3,4,1,10,Low
EMP0848,Research & Development,Research Scientist,1,26,Female,Active Directory,Write,Leaver,Yes,8,7,1,7,Travel_Frequently,Yes,3,8,2,85,Critical
EMP0848,Research & Development,Research Scientist,1,26,Female,SAP,Write,Leaver,Yes,8,7,1,7,Travel_Frequently,Yes,3,8,2,85,Critical
EMP0848,Research & Development,Research Scientist,1,26,Female,SharePoint,Write,Leaver,Yes,8,7,1,7,Travel_Frequently,Yes,3,8,2,85,Critical
EMP0848,Research & Development,Research Scientist,1,26,Female,ServiceNow,Write,Leaver,Yes,8,7,1,7,Travel_Frequently,Yes,3,8,2,85,Critical
EMP0848,Research & Development,Research Scientist,1,26,Female,Lab Systems,Write,Leaver,Yes,8,7,1,7,Travel_Frequently,Yes,3,8,2,85,Critical
EMP0850,Research & Development,Research Scientist,1,27,Male,Active Directory,Write,Mover,No,0,0,0,0,Non-Travel,No,3,0,6,45,Medium
EMP0850,Research & Development,Research Scientist,1,27,Male,SAP,Write,Mover,No,0,0,0,0,Non-Travel,No,3,0,6,45,Medium
EMP0850,Research & Development,Research Scientist,1,27,Male,SharePoint,Write,Mover,No,0,0,0,0,Non-Travel,No,3,0,6,45,Medium
EMP0850,Research & Development,Research Scientist,1,27,Male,ServiceNow,Write,Mover,No,0,0,0,0,Non-Travel,No,3,0,6,45,Medium
EMP0850,Research & Development,Research Scientist,1,27,Male,Lab Systems,Write,Mover,No,0,0,0,0,Non-Travel,No,3,0,6,45,Medium
EMP0851,Sales,Manager,4,51,Female,Active Directory,Write,Stable,No,20,6,4,17,Travel_Rarely,No,3,29,2,35,Medium
EMP0851,Sales,Manager,4,51,Female,Salesforce,Write,Stable,No,20,6,4,17,Travel_Rarely,No,3,29,2,35,Medium
EMP0851,Sales,Manager,4,51,Female,SharePoint,Write,Stable,No,20,6,4,17,Travel_Rarely,No,3,29,2,35,Medium
EMP0851,Sales,Manager,4,51,Female,ServiceNow,Write,Stable,No,20,6,4,17,Travel_Rarely,No,3,29,2,35,Medium
EMP0851,Sales,Manager,4,51,Female,CRM Portal,Write,Stable,No,20,6,4,17,Travel_Rarely,No,3,29,2,35,Medium
EMP0852,Research & Development,Healthcare Representative,2,44,Male,Active Directory,Read,Stable,No,5,2,2,3,Travel_Rarely,No,3,10,2,10,Low
EMP0852,Research & Development,Healthcare Representative,2,44,Male,SAP,Read,Stable,No,5,2,2,3,Travel_Rarely,No,3,10,2,10,Low
EMP0852,Research & Development,Healthcare Representative,2,44,Male,SharePoint,Read,Stable,No,5,2,2,3,Travel_Rarely,No,3,10,2,10,Low
EMP0852,Research & Development,Healthcare Representative,2,44,Male,ServiceNow,Read,Stable,No,5,2,2,3,Travel_Rarely,No,3,10,2,10,Low
EMP0852,Research & Development,Healthcare Representative,2,44,Male,Lab Systems,Read,Stable,No,5,2,2,3,Travel_Rarely,No,3,10,2,10,Low
EMP0854,Research & Development,Research Scientist,1,25,Male,Active Directory,Write,Stable,No,4,3,0,1,Travel_Rarely,No,3,6,3,30,Medium
EMP0854,Research & Development,Research Scientist,1,25,Male,SAP,Write,Stable,No,4,3,0,1,Travel_Rarely,No,3,6,3,30,Medium
EMP0854,Research & Development,Research Scientist,1,25,Male,SharePoint,Write,Stable,No,4,3,0,1,Travel_Rarely,No,3,6,3,30,Medium
EMP0854,Research & Development,Research Scientist,1,25,Male,ServiceNow,Write,Stable,No,4,3,0,1,Travel_Rarely,No,3,6,3,30,Medium
EMP0854,Research & Development,Research Scientist,1,25,Male,Lab Systems,Write,Stable,No,4,3,0,1,Travel_Rarely,No,3,6,3,30,Medium
EMP0855,Sales,Sales Executive,2,33,Male,Active Directory,Write,Stable,No,9,8,0,8,Travel_Rarely,No,4,9,5,30,Medium
EMP0855,Sales,Sales Executive,2,33,Male,Salesforce,Write,Stable,No,9,8,0,8,Travel_Rarely,No,4,9,5,30,Medium
EMP0855,Sales,Sales Executive,2,33,Male,SharePoint,Write,Stable,No,9,8,0,8,Travel_Rarely,No,4,9,5,30,Medium
EMP0855,Sales,Sales Executive,2,33,Male,ServiceNow,Write,Stable,No,9,8,0,8,Travel_Rarely,No,4,9,5,30,Medium
EMP0855,Sales,Sales Executive,2,33,Male,CRM Portal,Write,Stable,No,9,8,0,8,Travel_Rarely,No,4,9,5,30,Medium
EMP0856,Research & Development,Research Scientist,1,35,Female,Active Directory,Write,Stable,No,6,5,1,1,Travel_Rarely,No,3,6,3,40,Medium
EMP0856,Research & Development,Research Scientist,1,35,Female,SAP,Write,Stable,No,6,5,1,1,Travel_Rarely,No,3,6,3,40,Medium
EMP0856,Research & Development,Research Scientist,1,35,Female,SharePoint,Write,Stable,No,6,5,1,1,Travel_Rarely,No,3,6,3,40,Medium
EMP0856,Research & Development,Research Scientist,1,35,Female,ServiceNow,Write,Stable,No,6,5,1,1,Travel_Rarely,No,3,6,3,40,Medium
EMP0856,Research & Development,Research Scientist,1,35,Female,Lab Systems,Write,Stable,No,6,5,1,1,Travel_Rarely,No,3,6,3,40,Medium
EMP0857,Sales,Sales Executive,2,36,Male,Active Directory,Write,Stable,No,18,14,4,11,Travel_Rarely,Yes,3,18,1,45,Medium
EMP0857,Sales,Sales Executive,2,36,Male,Salesforce,Write,Stable,No,18,14,4,11,Travel_Rarely,Yes,3,18,1,45,Medium
EMP0857,Sales,Sales Executive,2,36,Male,SharePoint,Write,Stable,No,18,14,4,11,Travel_Rarely,Yes,3,18,1,45,Medium
EMP0857,Sales,Sales Executive,2,36,Male,ServiceNow,Write,Stable,No,18,14,4,11,Travel_Rarely,Yes,3,18,1,45,Medium
EMP0857,Sales,Sales Executive,2,36,Male,CRM Portal,Write,Stable,No,18,14,4,11,Travel_Rarely,Yes,3,18,1,45,Medium
EMP0859,Sales,Sales Executive,2,32,Male,Active Directory,Write,Stable,No,5,2,0,3,Travel_Rarely,No,3,8,3,20,Low
EMP0859,Sales,Sales Executive,2,32,Male,Salesforce,Write,Stable,No,5,2,0,3,Travel_Rarely,No,3,8,3,20,Low
EMP0859,Sales,Sales Executive,2,32,Male,SharePoint,Write,Stable,No,5,2,0,3,Travel_Rarely,No,3,8,3,20,Low
EMP0859,Sales,Sales Executive,2,32,Male,ServiceNow,Write,Stable,No,5,2,0,3,Travel_Rarely,No,3,8,3,20,Low
EMP0859,Sales,Sales Executive,2,32,Male,CRM Portal,Write,Stable,No,5,2,0,3,Travel_Rarely,No,3,8,3,20,Low
EMP0861,Research & Development,Research Scientist,1,30,Male,Active Directory,Write,Stable,No,5,4,0,3,Travel_Frequently,No,3,10,3,25,Low
EMP0861,Research & Development,Research Scientist,1,30,Male,SAP,Write,Stable,No,5,4,0,3,Travel_Frequently,No,3,10,3,25,Low
EMP0861,Research & Development,Research Scientist,1,30,Male,SharePoint,Write,Stable,No,5,4,0,3,Travel_Frequently,No,3,10,3,25,Low
EMP0861,Research & Development,Research Scientist,1,30,Male,ServiceNow,Write,Stable,No,5,4,0,3,Travel_Frequently,No,3,10,3,25,Low
EMP0861,Research & Development,Research Scientist,1,30,Male,Lab Systems,Write,Stable,No,5,4,0,3,Travel_Frequently,No,3,10,3,25,Low
EMP0862,Sales,Sales Executive,3,53,Female,Active Directory,Write,Stable,No,5,2,0,4,Travel_Rarely,Yes,3,35,3,30,Medium
EMP0862,Sales,Sales Executive,3,53,Female,Salesforce,Write,Stable,No,5,2,0,4,Travel_Rarely,Yes,3,35,3,30,Medium
EMP0862,Sales,Sales Executive,3,53,Female,SharePoint,Write,Stable,No,5,2,0,4,Travel_Rarely,Yes,3,35,3,30,Medium
EMP0862,Sales,Sales Executive,3,53,Female,ServiceNow,Write,Stable,No,5,2,0,4,Travel_Rarely,Yes,3,35,3,30,Medium
EMP0862,Sales,Sales Executive,3,53,Female,CRM Portal,Write,Stable,No,5,2,0,4,Travel_Rarely,Yes,3,35,3,30,Medium
EMP0864,Sales,Sales Executive,3,45,Male,Active Directory,Write,Stable,No,5,4,0,2,Travel_Rarely,Yes,3,18,2,30,Medium
EMP0864,Sales,Sales Executive,3,45,Male,Salesforce,Write,Stable,No,5,4,0,2,Travel_Rarely,Yes,3,18,2,30,Medium
EMP0864,Sales,Sales Executive,3,45,Male,SharePoint,Write,Stable,No,5,4,0,2,Travel_Rarely,Yes,3,18,2,30,Medium
EMP0864,Sales,Sales Executive,3,45,Male,ServiceNow,Write,Stable,No,5,4,0,2,Travel_Rarely,Yes,3,18,2,30,Medium
EMP0864,Sales,Sales Executive,3,45,Male,CRM Portal,Write,Stable,No,5,4,0,2,Travel_Rarely,Yes,3,18,2,30,Medium
EMP0865,Research & Development,Research Scientist,2,32,Female,Active Directory,Write,Stable,No,5,3,1,3,Travel_Rarely,No,3,9,3,20,Low
EMP0865,Research & Development,Research Scientist,2,32,Female,SAP,Write,Stable,No,5,3,1,3,Travel_Rarely,No,3,9,3,20,Low
EMP0865,Research & Development,Research Scientist,2,32,Female,SharePoint,Write,Stable,No,5,3,1,3,Travel_Rarely,No,3,9,3,20,Low
EMP0865,Research & Development,Research Scientist,2,32,Female,ServiceNow,Write,Stable,No,5,3,1,3,Travel_Rarely,No,3,9,3,20,Low
EMP0865,Research & Development,Research Scientist,2,32,Female,Lab Systems,Write,Stable,No,5,3,1,3,Travel_Rarely,No,3,9,3,20,Low
EMP0867,Research & Development,Manufacturing Director,4,52,Female,Active Directory,Write,Stable,No,9,8,0,0,Travel_Frequently,No,4,31,3,45,Medium
EMP0867,Research & Development,Manufacturing Director,4,52,Female,SAP,Write,Stable,No,9,8,0,0,Travel_Frequently,No,4,31,3,45,Medium
EMP0867,Research & Development,Manufacturing Director,4,52,Female,SharePoint,Write,Stable,No,9,8,0,0,Travel_Frequently,No,4,31,3,45,Medium
EMP0867,Research & Development,Manufacturing Director,4,52,Female,ServiceNow,Write,Stable,No,9,8,0,0,Travel_Frequently,No,4,31,3,45,Medium
EMP0867,Research & Development,Manufacturing Director,4,52,Female,Lab Systems,Write,Stable,No,9,8,0,0,Travel_Frequently,No,4,31,3,45,Medium
EMP0868,Sales,Sales Executive,2,37,Male,Active Directory,Write,Mover,No,1,0,0,0,Travel_Rarely,No,3,9,2,50,High
EMP0868,Sales,Sales Executive,2,37,Male,Salesforce,Write,Mover,No,1,0,0,0,Travel_Rarely,No,3,9,2,50,High
EMP0868,Sales,Sales Executive,2,37,Male,SharePoint,Write,Mover,No,1,0,0,0,Travel_Rarely,No,3,9,2,50,High
EMP0868,Sales,Sales Executive,2,37,Male,ServiceNow,Write,Mover,No,1,0,0,0,Travel_Rarely,No,3,9,2,50,High
EMP0868,Sales,Sales Executive,2,37,Male,CRM Portal,Write,Mover,No,1,0,0,0,Travel_Rarely,No,3,9,2,50,High
EMP0869,Human Resources,Human Resources,1,28,Male,Active Directory,Read,Mover,No,5,1,0,4,Travel_Rarely,No,3,6,6,30,Medium
EMP0869,Human Resources,Human Resources,1,28,Male,Workday,Read,Mover,No,5,1,0,4,Travel_Rarely,No,3,6,6,30,Medium
EMP0869,Human Resources,Human Resources,1,28,Male,SharePoint,Read,Mover,No,5,1,0,4,Travel_Rarely,No,3,6,6,30,Medium
EMP0869,Human Resources,Human Resources,1,28,Male,ServiceNow,Read,Mover,No,5,1,0,4,Travel_Rarely,No,3,6,6,30,Medium
EMP0869,Human Resources,Human Resources,1,28,Male,HR Portal,Read,Mover,No,5,1,0,4,Travel_Rarely,No,3,6,6,30,Medium
EMP0872,Research & Development,Manufacturing Director,2,22,Male,Active Directory,Write,Stable,No,2,2,2,2,Travel_Rarely,No,4,4,2,20,Low
EMP0872,Research & Development,Manufacturing Director,2,22,Male,SAP,Write,Stable,No,2,2,2,2,Travel_Rarely,No,4,4,2,20,Low
EMP0872,Research & Development,Manufacturing Director,2,22,Male,SharePoint,Write,Stable,No,2,2,2,2,Travel_Rarely,No,4,4,2,20,Low
EMP0872,Research & Development,Manufacturing Director,2,22,Male,ServiceNow,Write,Stable,No,2,2,2,2,Travel_Rarely,No,4,4,2,20,Low
EMP0872,Research & Development,Manufacturing Director,2,22,Male,Lab Systems,Write,Stable,No,2,2,2,2,Travel_Rarely,No,4,4,2,20,Low
EMP0874,Research & Development,Laboratory Technician,1,44,Male,Active Directory,Read,Stable,No,3,2,0,2,Travel_Rarely,Yes,4,10,2,20,Low
EMP0874,Research & Development,Laboratory Technician,1,44,Male,SAP,Read,Stable,No,3,2,0,2,Travel_Rarely,Yes,4,10,2,20,Low
EMP0874,Research & Development,Laboratory Technician,1,44,Male,SharePoint,Read,Stable,No,3,2,0,2,Travel_Rarely,Yes,4,10,2,20,Low
EMP0874,Research & Development,Laboratory Technician,1,44,Male,ServiceNow,Read,Stable,No,3,2,0,2,Travel_Rarely,Yes,4,10,2,20,Low
EMP0874,Research & Development,Laboratory Technician,1,44,Male,Lab Systems,Read,Stable,No,3,2,0,2,Travel_Rarely,Yes,4,10,2,20,Low
EMP0875,Research & Development,Research Scientist,1,42,Male,Active Directory,Write,Mover,No,2,1,2,2,Travel_Frequently,Yes,3,8,2,55,High
EMP0875,Research & Development,Research Scientist,1,42,Male,SAP,Write,Mover,No,2,1,2,2,Travel_Frequently,Yes,3,8,2,55,High
EMP0875,Research & Development,Research Scientist,1,42,Male,SharePoint,Write,Mover,No,2,1,2,2,Travel_Frequently,Yes,3,8,2,55,High
EMP0875,Research & Development,Research Scientist,1,42,Male,ServiceNow,Write,Mover,No,2,1,2,2,Travel_Frequently,Yes,3,8,2,55,High
EMP0875,Research & Development,Research Scientist,1,42,Male,Lab Systems,Write,Mover,No,2,1,2,2,Travel_Frequently,Yes,3,8,2,55,High
EMP0878,Human Resources,Human Resources,1,36,Male,Active Directory,Read,Stable,No,5,4,0,3,Travel_Rarely,No,4,6,3,10,Low
EMP0878,Human Resources,Human Resources,1,36,Male,Workday,Read,Stable,No,5,4,0,3,Travel_Rarely,No,4,6,3,10,Low
EMP0878,Human Resources,Human Resources,1,36,Male,SharePoint,Read,Stable,No,5,4,0,3,Travel_Rarely,No,4,6,3,10,Low
EMP0878,Human Resources,Human Resources,1,36,Male,ServiceNow,Read,Stable,No,5,4,0,3,Travel_Rarely,No,4,6,3,10,Low
EMP0878,Human Resources,Human Resources,1,36,Male,HR Portal,Read,Stable,No,5,4,0,3,Travel_Rarely,No,4,6,3,10,Low
EMP0879,Sales,Sales Executive,2,25,Male,Active Directory,Write,Stable,No,5,3,0,3,Travel_Rarely,Yes,3,5,3,30,Medium
EMP0879,Sales,Sales Executive,2,25,Male,Salesforce,Write,Stable,No,5,3,0,3,Travel_Rarely,Yes,3,5,3,30,Medium
EMP0879,Sales,Sales Executive,2,25,Male,SharePoint,Write,Stable,No,5,3,0,3,Travel_Rarely,Yes,3,5,3,30,Medium
EMP0879,Sales,Sales Executive,2,25,Male,ServiceNow,Write,Stable,No,5,3,0,3,Travel_Rarely,Yes,3,5,3,30,Medium
EMP0879,Sales,Sales Executive,2,25,Male,CRM Portal,Write,Stable,No,5,3,0,3,Travel_Rarely,Yes,3,5,3,30,Medium
EMP0880,Research & Development,Manufacturing Director,3,35,Female,Active Directory,Write,Stable,No,17,14,5,15,Travel_Rarely,Yes,4,17,2,45,Medium
EMP0880,Research & Development,Manufacturing Director,3,35,Female,SAP,Write,Stable,No,17,14,5,15,Travel_Rarely,Yes,4,17,2,45,Medium
EMP0880,Research & Development,Manufacturing Director,3,35,Female,SharePoint,Write,Stable,No,17,14,5,15,Travel_Rarely,Yes,4,17,2,45,Medium
EMP0880,Research & Development,Manufacturing Director,3,35,Female,ServiceNow,Write,Stable,No,17,14,5,15,Travel_Rarely,Yes,4,17,2,45,Medium
EMP0880,Research & Development,Manufacturing Director,3,35,Female,Lab Systems,Write,Stable,No,17,14,5,15,Travel_Rarely,Yes,4,17,2,45,Medium
EMP0881,Research & Development,Research Scientist,1,35,Female,Active Directory,Write,Leaver,Yes,10,2,7,8,Travel_Frequently,Yes,3,10,3,85,Critical
EMP0881,Research & Development,Research Scientist,1,35,Female,SAP,Write,Leaver,Yes,10,2,7,8,Travel_Frequently,Yes,3,10,3,85,Critical
EMP0881,Research & Development,Research Scientist,1,35,Female,SharePoint,Write,Leaver,Yes,10,2,7,8,Travel_Frequently,Yes,3,10,3,85,Critical
EMP0881,Research & Development,Research Scientist,1,35,Female,ServiceNow,Write,Leaver,Yes,10,2,7,8,Travel_Frequently,Yes,3,10,3,85,Critical
EMP0881,Research & Development,Research Scientist,1,35,Female,Lab Systems,Write,Leaver,Yes,10,2,7,8,Travel_Frequently,Yes,3,10,3,85,Critical
EMP0882,Research & Development,Laboratory Technician,1,32,Male,Active Directory,Read,Mover,No,3,0,0,2,Non-Travel,No,3,4,2,25,Low
EMP0882,Research & Development,Laboratory Technician,1,32,Male,SAP,Read,Mover,No,3,0,0,2,Non-Travel,No,3,4,2,25,Low
EMP0882,Research & Development,Laboratory Technician,1,32,Male,SharePoint,Read,Mover,No,3,0,0,2,Non-Travel,No,3,4,2,25,Low
EMP0882,Research & Development,Laboratory Technician,1,32,Male,ServiceNow,Read,Mover,No,3,0,0,2,Non-Travel,No,3,4,2,25,Low
EMP0882,Research & Development,Laboratory Technician,1,32,Male,Lab Systems,Read,Mover,No,3,0,0,2,Non-Travel,No,3,4,2,25,Low
EMP0885,Sales,Sales Executive,2,25,Male,Active Directory,Write,Stable,No,5,2,0,3,Travel_Rarely,No,3,5,1,20,Low
EMP0885,Sales,Sales Executive,2,25,Male,Salesforce,Write,Stable,No,5,2,0,3,Travel_Rarely,No,3,5,1,20,Low
EMP0885,Sales,Sales Executive,2,25,Male,SharePoint,Write,Stable,No,5,2,0,3,Travel_Rarely,No,3,5,1,20,Low
EMP0885,Sales,Sales Executive,2,25,Male,ServiceNow,Write,Stable,No,5,2,0,3,Travel_Rarely,No,3,5,1,20,Low
EMP0885,Sales,Sales Executive,2,25,Male,CRM Portal,Write,Stable,No,5,2,0,3,Travel_Rarely,No,3,5,1,20,Low
EMP0887,Research & Development,Research Scientist,1,49,Female,Active Directory,Write,Stable,No,4,2,0,2,Travel_Rarely,No,3,7,2,20,Low
EMP0887,Research & Development,Research Scientist,1,49,Female,SAP,Write,Stable,No,4,2,0,2,Travel_Rarely,No,3,7,2,20,Low
EMP0887,Research & Development,Research Scientist,1,49,Female,SharePoint,Write,Stable,No,4,2,0,2,Travel_Rarely,No,3,7,2,20,Low
EMP0887,Research & Development,Research Scientist,1,49,Female,ServiceNow,Write,Stable,No,4,2,0,2,Travel_Rarely,No,3,7,2,20,Low
EMP0887,Research & Development,Research Scientist,1,49,Female,Lab Systems,Write,Stable,No,4,2,0,2,Travel_Rarely,No,3,7,2,20,Low
EMP0888,Research & Development,Laboratory Technician,1,24,Male,Active Directory,Read,Stable,No,5,2,3,4,Non-Travel,No,3,6,2,5,Low
EMP0888,Research & Development,Laboratory Technician,1,24,Male,SAP,Read,Stable,No,5,2,3,4,Non-Travel,No,3,6,2,5,Low
EMP0888,Research & Development,Laboratory Technician,1,24,Male,SharePoint,Read,Stable,No,5,2,3,4,Non-Travel,No,3,6,2,5,Low
EMP0888,Research & Development,Laboratory Technician,1,24,Male,ServiceNow,Read,Stable,No,5,2,3,4,Non-Travel,No,3,6,2,5,Low
EMP0888,Research & Development,Laboratory Technician,1,24,Male,Lab Systems,Read,Stable,No,5,2,3,4,Non-Travel,No,3,6,2,5,Low
EMP0889,Sales,Sales Executive,2,32,Male,Active Directory,Write,Stable,No,10,8,5,3,Travel_Frequently,No,3,10,3,35,Medium
EMP0889,Sales,Sales Executive,2,32,Male,Salesforce,Write,Stable,No,10,8,5,3,Travel_Frequently,No,3,10,3,35,Medium
EMP0889,Sales,Sales Executive,2,32,Male,SharePoint,Write,Stable,No,10,8,5,3,Travel_Frequently,No,3,10,3,35,Medium
EMP0889,Sales,Sales Executive,2,32,Male,ServiceNow,Write,Stable,No,10,8,5,3,Travel_Frequently,No,3,10,3,35,Medium
EMP0889,Sales,Sales Executive,2,32,Male,CRM Portal,Write,Stable,No,10,8,5,3,Travel_Frequently,No,3,10,3,35,Medium
EMP0893,Sales,Sales Representative,1,38,Male,Active Directory,Read,Stable,No,2,2,1,2,Travel_Rarely,No,3,3,3,10,Low
EMP0893,Sales,Sales Representative,1,38,Male,Salesforce,Read,Stable,No,2,2,1,2,Travel_Rarely,No,3,3,3,10,Low
EMP0893,Sales,Sales Representative,1,38,Male,SharePoint,Read,Stable,No,2,2,1,2,Travel_Rarely,No,3,3,3,10,Low
EMP0893,Sales,Sales Representative,1,38,Male,ServiceNow,Read,Stable,No,2,2,1,2,Travel_Rarely,No,3,3,3,10,Low
EMP0893,Sales,Sales Representative,1,38,Male,CRM Portal,Read,Stable,No,2,2,1,2,Travel_Rarely,No,3,3,3,10,Low
EMP0894,Research & Development,Laboratory Technician,2,42,Female,Active Directory,Read,Stable,No,5,3,1,3,Travel_Rarely,Yes,3,17,1,20,Low
EMP0894,Research & Development,Laboratory Technician,2,42,Female,SAP,Read,Stable,No,5,3,1,3,Travel_Rarely,Yes,3,17,1,20,Low
EMP0894,Research & Development,Laboratory Technician,2,42,Female,SharePoint,Read,Stable,No,5,3,1,3,Travel_Rarely,Yes,3,17,1,20,Low
EMP0894,Research & Development,Laboratory Technician,2,42,Female,ServiceNow,Read,Stable,No,5,3,1,3,Travel_Rarely,Yes,3,17,1,20,Low
EMP0894,Research & Development,Laboratory Technician,2,42,Female,Lab Systems,Read,Stable,No,5,3,1,3,Travel_Rarely,Yes,3,17,1,20,Low
EMP0895,Research & Development,Research Scientist,1,31,Male,Active Directory,Write,Stable,No,6,4,0,2,Travel_Rarely,Yes,3,8,2,40,Medium
EMP0895,Research & Development,Research Scientist,1,31,Male,SAP,Write,Stable,No,6,4,0,2,Travel_Rarely,Yes,3,8,2,40,Medium
EMP0895,Research & Development,Research Scientist,1,31,Male,SharePoint,Write,Stable,No,6,4,0,2,Travel_Rarely,Yes,3,8,2,40,Medium
EMP0895,Research & Development,Research Scientist,1,31,Male,ServiceNow,Write,Stable,No,6,4,0,2,Travel_Rarely,Yes,3,8,2,40,Medium
EMP0895,Research & Development,Research Scientist,1,31,Male,Lab Systems,Write,Stable,No,6,4,0,2,Travel_Rarely,Yes,3,8,2,40,Medium
EMP0896,Sales,Sales Representative,1,29,Female,Active Directory,Read,Leaver,Yes,3,2,0,2,Travel_Rarely,Yes,3,5,3,60,High
EMP0896,Sales,Sales Representative,1,29,Female,Salesforce,Read,Leaver,Yes,3,2,0,2,Travel_Rarely,Yes,3,5,3,60,High
EMP0896,Sales,Sales Representative,1,29,Female,SharePoint,Read,Leaver,Yes,3,2,0,2,Travel_Rarely,Yes,3,5,3,60,High
EMP0896,Sales,Sales Representative,1,29,Female,ServiceNow,Read,Leaver,Yes,3,2,0,2,Travel_Rarely,Yes,3,5,3,60,High
EMP0896,Sales,Sales Representative,1,29,Female,CRM Portal,Read,Leaver,Yes,3,2,0,2,Travel_Rarely,Yes,3,5,3,60,High
EMP0897,Sales,Sales Executive,4,53,Male,Active Directory,Write,Mover,No,2,0,2,2,Travel_Rarely,No,3,28,3,40,Medium
EMP0897,Sales,Sales Executive,4,53,Male,Salesforce,Write,Mover,No,2,0,2,2,Travel_Rarely,No,3,28,3,40,Medium
EMP0897,Sales,Sales Executive,4,53,Male,SharePoint,Write,Mover,No,2,0,2,2,Travel_Rarely,No,3,28,3,40,Medium
EMP0897,Sales,Sales Executive,4,53,Male,ServiceNow,Write,Mover,No,2,0,2,2,Travel_Rarely,No,3,28,3,40,Medium
EMP0897,Sales,Sales Executive,4,53,Male,CRM Portal,Write,Mover,No,2,0,2,2,Travel_Rarely,No,3,28,3,40,Medium
EMP0899,Research & Development,Manufacturing Director,3,35,Male,Active Directory,Write,Stable,No,13,10,4,8,Travel_Rarely,No,3,16,2,35,Medium
EMP0899,Research & Development,Manufacturing Director,3,35,Male,SAP,Write,Stable,No,13,10,4,8,Travel_Rarely,No,3,16,2,35,Medium
EMP0899,Research & Development,Manufacturing Director,3,35,Male,SharePoint,Write,Stable,No,13,10,4,8,Travel_Rarely,No,3,16,2,35,Medium
EMP0899,Research & Development,Manufacturing Director,3,35,Male,ServiceNow,Write,Stable,No,13,10,4,8,Travel_Rarely,No,3,16,2,35,Medium
EMP0899,Research & Development,Manufacturing Director,3,35,Male,Lab Systems,Write,Stable,No,13,10,4,8,Travel_Rarely,No,3,16,2,35,Medium
EMP0900,Sales,Sales Representative,1,37,Female,Active Directory,Read,Stable,No,5,4,0,0,Travel_Frequently,No,3,10,3,25,Low
EMP0900,Sales,Sales Representative,1,37,Female,Salesforce,Read,Stable,No,5,4,0,0,Travel_Frequently,No,3,10,3,25,Low
EMP0900,Sales,Sales Representative,1,37,Female,SharePoint,Read,Stable,No,5,4,0,0,Travel_Frequently,No,3,10,3,25,Low
EMP0900,Sales,Sales Representative,1,37,Female,ServiceNow,Read,Stable,No,5,4,0,0,Travel_Frequently,No,3,10,3,25,Low
EMP0900,Sales,Sales Representative,1,37,Female,CRM Portal,Read,Stable,No,5,4,0,0,Travel_Frequently,No,3,10,3,25,Low
EMP0901,Research & Development,Research Director,4,53,Female,Active Directory,Admin,Stable,No,12,9,3,8,Travel_Rarely,No,3,33,0,50,High
EMP0901,Research & Development,Research Director,4,53,Female,SAP,Admin,Stable,No,12,9,3,8,Travel_Rarely,No,3,33,0,50,High
EMP0901,Research & Development,Research Director,4,53,Female,SharePoint,Admin,Stable,No,12,9,3,8,Travel_Rarely,No,3,33,0,50,High
EMP0901,Research & Development,Research Director,4,53,Female,ServiceNow,Admin,Stable,No,12,9,3,8,Travel_Rarely,No,3,33,0,50,High
EMP0901,Research & Development,Research Director,4,53,Female,Lab Systems,Admin,Stable,No,12,9,3,8,Travel_Rarely,No,3,33,0,50,High
EMP0902,Research & Development,Healthcare Representative,2,43,Female,Active Directory,Read,Stable,No,5,2,2,2,Travel_Frequently,No,3,12,2,15,Low
EMP0902,Research & Development,Healthcare Representative,2,43,Female,SAP,Read,Stable,No,5,2,2,2,Travel_Frequently,No,3,12,2,15,Low
EMP0902,Research & Development,Healthcare Representative,2,43,Female,SharePoint,Read,Stable,No,5,2,2,2,Travel_Frequently,No,3,12,2,15,Low
EMP0902,Research & Development,Healthcare Representative,2,43,Female,ServiceNow,Read,Stable,No,5,2,2,2,Travel_Frequently,No,3,12,2,15,Low
EMP0902,Research & Development,Healthcare Representative,2,43,Female,Lab Systems,Read,Stable,No,5,2,2,2,Travel_Frequently,No,3,12,2,15,Low
EMP0903,Sales,Sales Executive,2,47,Female,Active Directory,Write,Stable,No,7,6,7,7,Travel_Rarely,Yes,4,8,2,40,Medium
EMP0903,Sales,Sales Executive,2,47,Female,Salesforce,Write,Stable,No,7,6,7,7,Travel_Rarely,Yes,4,8,2,40,Medium
EMP0903,Sales,Sales Executive,2,47,Female,SharePoint,Write,Stable,No,7,6,7,7,Travel_Rarely,Yes,4,8,2,40,Medium
EMP0903,Sales,Sales Executive,2,47,Female,ServiceNow,Write,Stable,No,7,6,7,7,Travel_Rarely,Yes,4,8,2,40,Medium
EMP0903,Sales,Sales Executive,2,47,Female,CRM Portal,Write,Stable,No,7,6,7,7,Travel_Rarely,Yes,4,8,2,40,Medium
EMP0904,Sales,Sales Executive,3,37,Male,Active Directory,Write,Mover,No,10,0,0,9,Non-Travel,Yes,3,10,2,55,High
EMP0904,Sales,Sales Executive,3,37,Male,Salesforce,Write,Mover,No,10,0,0,9,Non-Travel,Yes,3,10,2,55,High
EMP0904,Sales,Sales Executive,3,37,Male,SharePoint,Write,Mover,No,10,0,0,9,Non-Travel,Yes,3,10,2,55,High
EMP0904,Sales,Sales Executive,3,37,Male,ServiceNow,Write,Mover,No,10,0,0,9,Non-Travel,Yes,3,10,2,55,High
EMP0904,Sales,Sales Executive,3,37,Male,CRM Portal,Write,Mover,No,10,0,0,9,Non-Travel,Yes,3,10,2,55,High
EMP0905,Research & Development,Manager,4,50,Male,Active Directory,Write,Stable,No,31,6,14,7,Non-Travel,No,3,31,3,30,Medium
EMP0905,Research & Development,Manager,4,50,Male,SAP,Write,Stable,No,31,6,14,7,Non-Travel,No,3,31,3,30,Medium
EMP0905,Research & Development,Manager,4,50,Male,SharePoint,Write,Stable,No,31,6,14,7,Non-Travel,No,3,31,3,30,Medium
EMP0905,Research & Development,Manager,4,50,Male,ServiceNow,Write,Stable,No,31,6,14,7,Non-Travel,No,3,31,3,30,Medium
EMP0905,Research & Development,Manager,4,50,Male,Lab Systems,Write,Stable,No,31,6,14,7,Non-Travel,No,3,31,3,30,Medium
EMP0909,Human Resources,Human Resources,2,39,Female,Active Directory,Read,Stable,No,5,4,0,4,Travel_Rarely,No,3,13,2,10,Low
EMP0909,Human Resources,Human Resources,2,39,Female,Workday,Read,Stable,No,5,4,0,4,Travel_Rarely,No,3,13,2,10,Low
EMP0909,Human Resources,Human Resources,2,39,Female,SharePoint,Read,Stable,No,5,4,0,4,Travel_Rarely,No,3,13,2,10,Low
EMP0909,Human Resources,Human Resources,2,39,Female,ServiceNow,Read,Stable,No,5,4,0,4,Travel_Rarely,No,3,13,2,10,Low
EMP0909,Human Resources,Human Resources,2,39,Female,HR Portal,Read,Stable,No,5,4,0,4,Travel_Rarely,No,3,13,2,10,Low
EMP0910,Human Resources,Human Resources,1,33,Male,Active Directory,Read,Stable,No,4,3,0,3,Travel_Rarely,Yes,3,7,4,20,Low
EMP0910,Human Resources,Human Resources,1,33,Male,Workday,Read,Stable,No,4,3,0,3,Travel_Rarely,Yes,3,7,4,20,Low
EMP0910,Human Resources,Human Resources,1,33,Male,SharePoint,Read,Stable,No,4,3,0,3,Travel_Rarely,Yes,3,7,4,20,Low
EMP0910,Human Resources,Human Resources,1,33,Male,ServiceNow,Read,Stable,No,4,3,0,3,Travel_Rarely,Yes,3,7,4,20,Low
EMP0910,Human Resources,Human Resources,1,33,Male,HR Portal,Read,Stable,No,4,3,0,3,Travel_Rarely,Yes,3,7,4,20,Low
EMP0911,Research & Development,Laboratory Technician,1,32,Male,Active Directory,Read,Leaver,Yes,1,0,0,1,Travel_Rarely,Yes,4,1,2,70,Critical
EMP0911,Research & Development,Laboratory Technician,1,32,Male,SAP,Read,Leaver,Yes,1,0,0,1,Travel_Rarely,Yes,4,1,2,70,Critical
EMP0911,Research & Development,Laboratory Technician,1,32,Male,SharePoint,Read,Leaver,Yes,1,0,0,1,Travel_Rarely,Yes,4,1,2,70,Critical
EMP0911,Research & Development,Laboratory Technician,1,32,Male,ServiceNow,Read,Leaver,Yes,1,0,0,1,Travel_Rarely,Yes,4,1,2,70,Critical
EMP0911,Research & Development,Laboratory Technician,1,32,Male,Lab Systems,Read,Leaver,Yes,1,0,0,1,Travel_Rarely,Yes,4,1,2,70,Critical
EMP0912,Research & Development,Laboratory Technician,1,29,Female,Active Directory,Read,Stable,No,4,3,0,3,Travel_Rarely,No,3,8,5,10,Low
EMP0912,Research & Development,Laboratory Technician,1,29,Female,SAP,Read,Stable,No,4,3,0,3,Travel_Rarely,No,3,8,5,10,Low
EMP0912,Research & Development,Laboratory Technician,1,29,Female,SharePoint,Read,Stable,No,4,3,0,3,Travel_Rarely,No,3,8,5,10,Low
EMP0912,Research & Development,Laboratory Technician,1,29,Female,ServiceNow,Read,Stable,No,4,3,0,3,Travel_Rarely,No,3,8,5,10,Low
EMP0912,Research & Development,Laboratory Technician,1,29,Female,Lab Systems,Read,Stable,No,4,3,0,3,Travel_Rarely,No,3,8,5,10,Low
EMP0913,Research & Development,Research Scientist,1,44,Male,Active Directory,Write,Stable,No,8,7,7,1,Travel_Rarely,Yes,3,8,0,50,High
EMP0913,Research & Development,Research Scientist,1,44,Male,SAP,Write,Stable,No,8,7,7,1,Travel_Rarely,Yes,3,8,0,50,High
EMP0913,Research & Development,Research Scientist,1,44,Male,SharePoint,Write,Stable,No,8,7,7,1,Travel_Rarely,Yes,3,8,0,50,High
EMP0913,Research & Development,Research Scientist,1,44,Male,ServiceNow,Write,Stable,No,8,7,7,1,Travel_Rarely,Yes,3,8,0,50,High
EMP0913,Research & Development,Research Scientist,1,44,Male,Lab Systems,Write,Stable,No,8,7,7,1,Travel_Rarely,Yes,3,8,0,50,High
EMP0916,Sales,Sales Executive,2,28,Male,Active Directory,Write,Stable,No,4,2,0,2,Travel_Rarely,No,3,4,3,20,Low
EMP0916,Sales,Sales Executive,2,28,Male,Salesforce,Write,Stable,No,4,2,0,2,Travel_Rarely,No,3,4,3,20,Low
EMP0916,Sales,Sales Executive,2,28,Male,SharePoint,Write,Stable,No,4,2,0,2,Travel_Rarely,No,3,4,3,20,Low
EMP0916,Sales,Sales Executive,2,28,Male,ServiceNow,Write,Stable,No,4,2,0,2,Travel_Rarely,No,3,4,3,20,Low
EMP0916,Sales,Sales Executive,2,28,Male,CRM Portal,Write,Stable,No,4,2,0,2,Travel_Rarely,No,3,4,3,20,Low
EMP0918,Research & Development,Laboratory Technician,1,58,Male,Active Directory,Read,Leaver,Yes,1,0,0,0,Travel_Frequently,Yes,3,3,3,75,Critical
EMP0918,Research & Development,Laboratory Technician,1,58,Male,SAP,Read,Leaver,Yes,1,0,0,0,Travel_Frequently,Yes,3,3,3,75,Critical
EMP0918,Research & Development,Laboratory Technician,1,58,Male,SharePoint,Read,Leaver,Yes,1,0,0,0,Travel_Frequently,Yes,3,3,3,75,Critical
EMP0918,Research & Development,Laboratory Technician,1,58,Male,ServiceNow,Read,Leaver,Yes,1,0,0,0,Travel_Frequently,Yes,3,3,3,75,Critical
EMP0918,Research & Development,Laboratory Technician,1,58,Male,Lab Systems,Read,Leaver,Yes,1,0,0,0,Travel_Frequently,Yes,3,3,3,75,Critical
EMP0920,Research & Development,Manufacturing Director,2,43,Female,Active Directory,Write,Mover,No,1,0,0,0,Travel_Rarely,No,4,4,2,50,High
EMP0920,Research & Development,Manufacturing Director,2,43,Female,SAP,Write,Mover,No,1,0,0,0,Travel_Rarely,No,4,4,2,50,High
EMP0920,Research & Development,Manufacturing Director,2,43,Female,SharePoint,Write,Mover,No,1,0,0,0,Travel_Rarely,No,4,4,2,50,High
EMP0920,Research & Development,Manufacturing Director,2,43,Female,ServiceNow,Write,Mover,No,1,0,0,0,Travel_Rarely,No,4,4,2,50,High
EMP0920,Research & Development,Manufacturing Director,2,43,Female,Lab Systems,Write,Mover,No,1,0,0,0,Travel_Rarely,No,4,4,2,50,High
EMP0922,Sales,Sales Representative,1,20,Female,Active Directory,Read,Leaver,Yes,2,2,0,2,Travel_Rarely,No,3,2,3,50,High
EMP0922,Sales,Sales Representative,1,20,Female,Salesforce,Read,Leaver,Yes,2,2,0,2,Travel_Rarely,No,3,2,3,50,High
EMP0922,Sales,Sales Representative,1,20,Female,SharePoint,Read,Leaver,Yes,2,2,0,2,Travel_Rarely,No,3,2,3,50,High
EMP0922,Sales,Sales Representative,1,20,Female,ServiceNow,Read,Leaver,Yes,2,2,0,2,Travel_Rarely,No,3,2,3,50,High
EMP0922,Sales,Sales Representative,1,20,Female,CRM Portal,Read,Leaver,Yes,2,2,0,2,Travel_Rarely,No,3,2,3,50,High
EMP0923,Research & Development,Research Scientist,1,21,Female,Active Directory,Write,Leaver,Yes,1,0,0,0,Travel_Rarely,No,3,1,3,70,Critical
EMP0923,Research & Development,Research Scientist,1,21,Female,SAP,Write,Leaver,Yes,1,0,0,0,Travel_Rarely,No,3,1,3,70,Critical
EMP0923,Research & Development,Research Scientist,1,21,Female,SharePoint,Write,Leaver,Yes,1,0,0,0,Travel_Rarely,No,3,1,3,70,Critical
EMP0923,Research & Development,Research Scientist,1,21,Female,ServiceNow,Write,Leaver,Yes,1,0,0,0,Travel_Rarely,No,3,1,3,70,Critical
EMP0923,Research & Development,Research Scientist,1,21,Female,Lab Systems,Write,Leaver,Yes,1,0,0,0,Travel_Rarely,No,3,1,3,70,Critical
EMP0924,Research & Development,Healthcare Representative,2,36,Male,Active Directory,Read,Stable,No,16,8,4,11,Travel_Rarely,Yes,3,17,2,35,Medium
EMP0924,Research & Development,Healthcare Representative,2,36,Male,SAP,Read,Stable,No,16,8,4,11,Travel_Rarely,Yes,3,17,2,35,Medium
EMP0924,Research & Development,Healthcare Representative,2,36,Male,SharePoint,Read,Stable,No,16,8,4,11,Travel_Rarely,Yes,3,17,2,35,Medium
EMP0924,Research & Development,Healthcare Representative,2,36,Male,ServiceNow,Read,Stable,No,16,8,4,11,Travel_Rarely,Yes,3,17,2,35,Medium
EMP0924,Research & Development,Healthcare Representative,2,36,Male,Lab Systems,Read,Stable,No,16,8,4,11,Travel_Rarely,Yes,3,17,2,35,Medium
EMP0925,Sales,Sales Representative,1,47,Female,Active Directory,Read,Stable,No,3,2,1,2,Travel_Rarely,Yes,3,3,3,20,Low
EMP0925,Sales,Sales Representative,1,47,Female,Salesforce,Read,Stable,No,3,2,1,2,Travel_Rarely,Yes,3,3,3,20,Low
EMP0925,Sales,Sales Representative,1,47,Female,SharePoint,Read,Stable,No,3,2,1,2,Travel_Rarely,Yes,3,3,3,20,Low
EMP0925,Sales,Sales Representative,1,47,Female,ServiceNow,Read,Stable,No,3,2,1,2,Travel_Rarely,Yes,3,3,3,20,Low
EMP0925,Sales,Sales Representative,1,47,Female,CRM Portal,Read,Stable,No,3,2,1,2,Travel_Rarely,Yes,3,3,3,20,Low
EMP0926,Research & Development,Manufacturing Director,2,22,Female,Active Directory,Write,Leaver,Yes,3,2,0,2,Travel_Rarely,Yes,3,4,3,70,Critical
EMP0926,Research & Development,Manufacturing Director,2,22,Female,SAP,Write,Leaver,Yes,3,2,0,2,Travel_Rarely,Yes,3,4,3,70,Critical
EMP0926,Research & Development,Manufacturing Director,2,22,Female,SharePoint,Write,Leaver,Yes,3,2,0,2,Travel_Rarely,Yes,3,4,3,70,Critical
EMP0926,Research & Development,Manufacturing Director,2,22,Female,ServiceNow,Write,Leaver,Yes,3,2,0,2,Travel_Rarely,Yes,3,4,3,70,Critical
EMP0926,Research & Development,Manufacturing Director,2,22,Female,Lab Systems,Write,Leaver,Yes,3,2,0,2,Travel_Rarely,Yes,3,4,3,70,Critical
EMP0927,Research & Development,Laboratory Technician,1,41,Female,Active Directory,Read,Leaver,Yes,7,7,1,0,Travel_Rarely,Yes,3,10,1,80,Critical
EMP0927,Research & Development,Laboratory Technician,1,41,Female,SAP,Read,Leaver,Yes,7,7,1,0,Travel_Rarely,Yes,3,10,1,80,Critical
EMP0927,Research & Development,Laboratory Technician,1,41,Female,SharePoint,Read,Leaver,Yes,7,7,1,0,Travel_Rarely,Yes,3,10,1,80,Critical
EMP0927,Research & Development,Laboratory Technician,1,41,Female,ServiceNow,Read,Leaver,Yes,7,7,1,0,Travel_Rarely,Yes,3,10,1,80,Critical
EMP0927,Research & Development,Laboratory Technician,1,41,Female,Lab Systems,Read,Leaver,Yes,7,7,1,0,Travel_Rarely,Yes,3,10,1,80,Critical
EMP0930,Research & Development,Research Scientist,1,28,Female,Active Directory,Write,Stable,No,2,2,2,2,Travel_Rarely,No,3,6,2,20,Low
EMP0930,Research & Development,Research Scientist,1,28,Female,SAP,Write,Stable,No,2,2,2,2,Travel_Rarely,No,3,6,2,20,Low
EMP0930,Research & Development,Research Scientist,1,28,Female,SharePoint,Write,Stable,No,2,2,2,2,Travel_Rarely,No,3,6,2,20,Low
EMP0930,Research & Development,Research Scientist,1,28,Female,ServiceNow,Write,Stable,No,2,2,2,2,Travel_Rarely,No,3,6,2,20,Low
EMP0930,Research & Development,Research Scientist,1,28,Female,Lab Systems,Write,Stable,No,2,2,2,2,Travel_Rarely,No,3,6,2,20,Low
EMP0932,Research & Development,Laboratory Technician,1,39,Male,Active Directory,Read,Leaver,Yes,2,2,2,2,Travel_Rarely,Yes,4,8,2,60,High
EMP0932,Research & Development,Laboratory Technician,1,39,Male,SAP,Read,Leaver,Yes,2,2,2,2,Travel_Rarely,Yes,4,8,2,60,High
EMP0932,Research & Development,Laboratory Technician,1,39,Male,SharePoint,Read,Leaver,Yes,2,2,2,2,Travel_Rarely,Yes,4,8,2,60,High
EMP0932,Research & Development,Laboratory Technician,1,39,Male,ServiceNow,Read,Leaver,Yes,2,2,2,2,Travel_Rarely,Yes,4,8,2,60,High
EMP0932,Research & Development,Laboratory Technician,1,39,Male,Lab Systems,Read,Leaver,Yes,2,2,2,2,Travel_Rarely,Yes,4,8,2,60,High
EMP0933,Research & Development,Research Scientist,1,27,Female,Active Directory,Write,Mover,No,1,1,0,0,Travel_Rarely,No,3,1,2,50,High
EMP0933,Research & Development,Research Scientist,1,27,Female,SAP,Write,Mover,No,1,1,0,0,Travel_Rarely,No,3,1,2,50,High
EMP0933,Research & Development,Research Scientist,1,27,Female,SharePoint,Write,Mover,No,1,1,0,0,Travel_Rarely,No,3,1,2,50,High
EMP0933,Research & Development,Research Scientist,1,27,Female,ServiceNow,Write,Mover,No,1,1,0,0,Travel_Rarely,No,3,1,2,50,High
EMP0933,Research & Development,Research Scientist,1,27,Female,Lab Systems,Write,Mover,No,1,1,0,0,Travel_Rarely,No,3,1,2,50,High
EMP0934,Research & Development,Laboratory Technician,1,34,Male,Active Directory,Read,Mover,No,1,0,1,0,Travel_Rarely,No,3,1,3,40,Medium
EMP0934,Research & Development,Laboratory Technician,1,34,Male,SAP,Read,Mover,No,1,0,1,0,Travel_Rarely,No,3,1,3,40,Medium
EMP0934,Research & Development,Laboratory Technician,1,34,Male,SharePoint,Read,Mover,No,1,0,1,0,Travel_Rarely,No,3,1,3,40,Medium
EMP0934,Research & Development,Laboratory Technician,1,34,Male,ServiceNow,Read,Mover,No,1,0,1,0,Travel_Rarely,No,3,1,3,40,Medium
EMP0934,Research & Development,Laboratory Technician,1,34,Male,Lab Systems,Read,Mover,No,1,0,1,0,Travel_Rarely,No,3,1,3,40,Medium
EMP0936,Sales,Sales Executive,2,42,Female,Active Directory,Write,Stable,No,5,4,0,3,Travel_Rarely,No,3,10,6,20,Low
EMP0936,Sales,Sales Executive,2,42,Female,Salesforce,Write,Stable,No,5,4,0,3,Travel_Rarely,No,3,10,6,20,Low
EMP0936,Sales,Sales Executive,2,42,Female,SharePoint,Write,Stable,No,5,4,0,3,Travel_Rarely,No,3,10,6,20,Low
EMP0936,Sales,Sales Executive,2,42,Female,ServiceNow,Write,Stable,No,5,4,0,3,Travel_Rarely,No,3,10,6,20,Low
EMP0936,Sales,Sales Executive,2,42,Female,CRM Portal,Write,Stable,No,5,4,0,3,Travel_Rarely,No,3,10,6,20,Low
EMP0939,Research & Development,Research Scientist,1,33,Male,Active Directory,Write,Stable,No,3,2,0,2,Travel_Rarely,Yes,3,6,1,30,Medium
EMP0939,Research & Development,Research Scientist,1,33,Male,SAP,Write,Stable,No,3,2,0,2,Travel_Rarely,Yes,3,6,1,30,Medium
EMP0939,Research & Development,Research Scientist,1,33,Male,SharePoint,Write,Stable,No,3,2,0,2,Travel_Rarely,Yes,3,6,1,30,Medium
EMP0939,Research & Development,Research Scientist,1,33,Male,ServiceNow,Write,Stable,No,3,2,0,2,Travel_Rarely,Yes,3,6,1,30,Medium
EMP0939,Research & Development,Research Scientist,1,33,Male,Lab Systems,Write,Stable,No,3,2,0,2,Travel_Rarely,Yes,3,6,1,30,Medium
EMP0940,Research & Development,Healthcare Representative,3,58,Female,Active Directory,Read,Mover,No,6,0,0,4,Travel_Rarely,Yes,3,24,3,50,High
EMP0940,Research & Development,Healthcare Representative,3,58,Female,SAP,Read,Mover,No,6,0,0,4,Travel_Rarely,Yes,3,24,3,50,High
EMP0940,Research & Development,Healthcare Representative,3,58,Female,SharePoint,Read,Mover,No,6,0,0,4,Travel_Rarely,Yes,3,24,3,50,High
EMP0940,Research & Development,Healthcare Representative,3,58,Female,ServiceNow,Read,Mover,No,6,0,0,4,Travel_Rarely,Yes,3,24,3,50,High
EMP0940,Research & Development,Healthcare Representative,3,58,Female,Lab Systems,Read,Mover,No,6,0,0,4,Travel_Rarely,Yes,3,24,3,50,High
EMP0941,Sales,Sales Representative,1,31,Male,Active Directory,Read,Stable,No,7,7,5,2,Travel_Rarely,No,3,13,2,20,Low
EMP0941,Sales,Sales Representative,1,31,Male,Salesforce,Read,Stable,No,7,7,5,2,Travel_Rarely,No,3,13,2,20,Low
EMP0941,Sales,Sales Representative,1,31,Male,SharePoint,Read,Stable,No,7,7,5,2,Travel_Rarely,No,3,13,2,20,Low
EMP0941,Sales,Sales Representative,1,31,Male,ServiceNow,Read,Stable,No,7,7,5,2,Travel_Rarely,No,3,13,2,20,Low
EMP0941,Sales,Sales Representative,1,31,Male,CRM Portal,Read,Stable,No,7,7,5,2,Travel_Rarely,No,3,13,2,20,Low
EMP0942,Research & Development,Healthcare Representative,2,35,Female,Active Directory,Read,Stable,No,10,6,0,7,Travel_Rarely,Yes,4,10,2,30,Medium
EMP0942,Research & Development,Healthcare Representative,2,35,Female,SAP,Read,Stable,No,10,6,0,7,Travel_Rarely,Yes,4,10,2,30,Medium
EMP0942,Research & Development,Healthcare Representative,2,35,Female,SharePoint,Read,Stable,No,10,6,0,7,Travel_Rarely,Yes,4,10,2,30,Medium
EMP0942,Research & Development,Healthcare Representative,2,35,Female,ServiceNow,Read,Stable,No,10,6,0,7,Travel_Rarely,Yes,4,10,2,30,Medium
EMP0942,Research & Development,Healthcare Representative,2,35,Female,Lab Systems,Read,Stable,No,10,6,0,7,Travel_Rarely,Yes,4,10,2,30,Medium
EMP0944,Research & Development,Laboratory Technician,3,49,Female,Active Directory,Read,Stable,No,26,9,1,7,Travel_Rarely,No,3,29,3,25,Low
EMP0944,Research & Development,Laboratory Technician,3,49,Female,SAP,Read,Stable,No,26,9,1,7,Travel_Rarely,No,3,29,3,25,Low
EMP0944,Research & Development,Laboratory Technician,3,49,Female,SharePoint,Read,Stable,No,26,9,1,7,Travel_Rarely,No,3,29,3,25,Low
EMP0944,Research & Development,Laboratory Technician,3,49,Female,ServiceNow,Read,Stable,No,26,9,1,7,Travel_Rarely,No,3,29,3,25,Low
EMP0944,Research & Development,Laboratory Technician,3,49,Female,Lab Systems,Read,Stable,No,26,9,1,7,Travel_Rarely,No,3,29,3,25,Low
EMP0945,Research & Development,Research Scientist,1,48,Male,Active Directory,Write,Mover,No,0,0,0,0,Travel_Rarely,No,3,13,2,50,High
EMP0945,Research & Development,Research Scientist,1,48,Male,SAP,Write,Mover,No,0,0,0,0,Travel_Rarely,No,3,13,2,50,High
EMP0945,Research & Development,Research Scientist,1,48,Male,SharePoint,Write,Mover,No,0,0,0,0,Travel_Rarely,No,3,13,2,50,High
EMP0945,Research & Development,Research Scientist,1,48,Male,ServiceNow,Write,Mover,No,0,0,0,0,Travel_Rarely,No,3,13,2,50,High
EMP0945,Research & Development,Research Scientist,1,48,Male,Lab Systems,Write,Mover,No,0,0,0,0,Travel_Rarely,No,3,13,2,50,High
EMP0947,Sales,Sales Executive,2,31,Female,Active Directory,Write,Stable,No,9,8,0,0,Non-Travel,No,3,9,2,35,Medium
EMP0947,Sales,Sales Executive,2,31,Female,Salesforce,Write,Stable,No,9,8,0,0,Non-Travel,No,3,9,2,35,Medium
EMP0947,Sales,Sales Executive,2,31,Female,SharePoint,Write,Stable,No,9,8,0,0,Non-Travel,No,3,9,2,35,Medium
EMP0947,Sales,Sales Executive,2,31,Female,ServiceNow,Write,Stable,No,9,8,0,0,Non-Travel,No,3,9,2,35,Medium
EMP0947,Sales,Sales Executive,2,31,Female,CRM Portal,Write,Stable,No,9,8,0,0,Non-Travel,No,3,9,2,35,Medium
EMP0949,Research & Development,Research Scientist,1,36,Male,Active Directory,Write,Stable,No,6,2,0,1,Travel_Rarely,No,3,8,6,40,Medium
EMP0949,Research & Development,Research Scientist,1,36,Male,SAP,Write,Stable,No,6,2,0,1,Travel_Rarely,No,3,8,6,40,Medium
EMP0949,Research & Development,Research Scientist,1,36,Male,SharePoint,Write,Stable,No,6,2,0,1,Travel_Rarely,No,3,8,6,40,Medium
EMP0949,Research & Development,Research Scientist,1,36,Male,ServiceNow,Write,Stable,No,6,2,0,1,Travel_Rarely,No,3,8,6,40,Medium
EMP0949,Research & Development,Research Scientist,1,36,Male,Lab Systems,Write,Stable,No,6,2,0,1,Travel_Rarely,No,3,8,6,40,Medium
EMP0950,Research & Development,Research Director,3,38,Female,Active Directory,Admin,Stable,No,15,12,5,11,Travel_Rarely,No,3,15,3,50,High
EMP0950,Research & Development,Research Director,3,38,Female,SAP,Admin,Stable,No,15,12,5,11,Travel_Rarely,No,3,15,3,50,High
EMP0950,Research & Development,Research Director,3,38,Female,SharePoint,Admin,Stable,No,15,12,5,11,Travel_Rarely,No,3,15,3,50,High
EMP0950,Research & Development,Research Director,3,38,Female,ServiceNow,Admin,Stable,No,15,12,5,11,Travel_Rarely,No,3,15,3,50,High
EMP0950,Research & Development,Research Director,3,38,Female,Lab Systems,Admin,Stable,No,15,12,5,11,Travel_Rarely,No,3,15,3,50,High
EMP0951,Research & Development,Laboratory Technician,1,32,Female,Active Directory,Read,Mover,No,3,0,0,2,Non-Travel,No,4,5,3,25,Low
EMP0951,Research & Development,Laboratory Technician,1,32,Female,SAP,Read,Mover,No,3,0,0,2,Non-Travel,No,4,5,3,25,Low
EMP0951,Research & Development,Laboratory Technician,1,32,Female,SharePoint,Read,Mover,No,3,0,0,2,Non-Travel,No,4,5,3,25,Low
EMP0951,Research & Development,Laboratory Technician,1,32,Female,ServiceNow,Read,Mover,No,3,0,0,2,Non-Travel,No,4,5,3,25,Low
EMP0951,Research & Development,Laboratory Technician,1,32,Female,Lab Systems,Read,Mover,No,3,0,0,2,Non-Travel,No,4,5,3,25,Low
EMP0952,Sales,Sales Representative,1,25,Male,Active Directory,Read,Leaver,Yes,1,0,0,0,Travel_Rarely,Yes,3,1,2,70,Critical
EMP0952,Sales,Sales Representative,1,25,Male,Salesforce,Read,Leaver,Yes,1,0,0,0,Travel_Rarely,Yes,3,1,2,70,Critical
EMP0952,Sales,Sales Representative,1,25,Male,SharePoint,Read,Leaver,Yes,1,0,0,0,Travel_Rarely,Yes,3,1,2,70,Critical
EMP0952,Sales,Sales Representative,1,25,Male,ServiceNow,Read,Leaver,Yes,1,0,0,0,Travel_Rarely,Yes,3,1,2,70,Critical
EMP0952,Sales,Sales Representative,1,25,Male,CRM Portal,Read,Leaver,Yes,1,0,0,0,Travel_Rarely,Yes,3,1,2,70,Critical
EMP0954,Sales,Sales Executive,3,40,Male,Active Directory,Write,Mover,No,1,0,0,0,Travel_Rarely,No,3,11,2,50,High
EMP0954,Sales,Sales Executive,3,40,Male,Salesforce,Write,Mover,No,1,0,0,0,Travel_Rarely,No,3,11,2,50,High
EMP0954,Sales,Sales Executive,3,40,Male,SharePoint,Write,Mover,No,1,0,0,0,Travel_Rarely,No,3,11,2,50,High
EMP0954,Sales,Sales Executive,3,40,Male,ServiceNow,Write,Mover,No,1,0,0,0,Travel_Rarely,No,3,11,2,50,High
EMP0954,Sales,Sales Executive,3,40,Male,CRM Portal,Write,Mover,No,1,0,0,0,Travel_Rarely,No,3,11,2,50,High
EMP0956,Sales,Sales Executive,2,26,Male,Active Directory,Write,Stable,No,7,7,0,7,Travel_Frequently,No,3,7,2,35,Medium
EMP0956,Sales,Sales Executive,2,26,Male,Salesforce,Write,Stable,No,7,7,0,7,Travel_Frequently,No,3,7,2,35,Medium
EMP0956,Sales,Sales Executive,2,26,Male,SharePoint,Write,Stable,No,7,7,0,7,Travel_Frequently,No,3,7,2,35,Medium
EMP0956,Sales,Sales Executive,2,26,Male,ServiceNow,Write,Stable,No,7,7,0,7,Travel_Frequently,No,3,7,2,35,Medium
EMP0956,Sales,Sales Executive,2,26,Male,CRM Portal,Write,Stable,No,7,7,0,7,Travel_Frequently,No,3,7,2,35,Medium
EMP0957,Research & Development,Laboratory Technician,1,41,Male,Active Directory,Read,Stable,No,18,13,2,17,Travel_Rarely,Yes,3,20,3,35,Medium
EMP0957,Research & Development,Laboratory Technician,1,41,Male,SAP,Read,Stable,No,18,13,2,17,Travel_Rarely,Yes,3,20,3,35,Medium
EMP0957,Research & Development,Laboratory Technician,1,41,Male,SharePoint,Read,Stable,No,18,13,2,17,Travel_Rarely,Yes,3,20,3,35,Medium
EMP0957,Research & Development,Laboratory Technician,1,41,Male,ServiceNow,Read,Stable,No,18,13,2,17,Travel_Rarely,Yes,3,20,3,35,Medium
EMP0957,Research & Development,Laboratory Technician,1,41,Male,Lab Systems,Read,Stable,No,18,13,2,17,Travel_Rarely,Yes,3,20,3,35,Medium
EMP0958,Research & Development,Laboratory Technician,1,36,Male,Active Directory,Read,Stable,No,11,8,3,9,Travel_Rarely,No,4,16,6,25,Low
EMP0958,Research & Development,Laboratory Technician,1,36,Male,SAP,Read,Stable,No,11,8,3,9,Travel_Rarely,No,4,16,6,25,Low
EMP0958,Research & Development,Laboratory Technician,1,36,Male,SharePoint,Read,Stable,No,11,8,3,9,Travel_Rarely,No,4,16,6,25,Low
EMP0958,Research & Development,Laboratory Technician,1,36,Male,ServiceNow,Read,Stable,No,11,8,3,9,Travel_Rarely,No,4,16,6,25,Low
EMP0958,Research & Development,Laboratory Technician,1,36,Male,Lab Systems,Read,Stable,No,11,8,3,9,Travel_Rarely,No,4,16,6,25,Low
EMP0959,Sales,Sales Representative,1,19,Male,Active Directory,Read,Leaver,Yes,1,0,0,0,Travel_Rarely,Yes,3,1,3,70,Critical
EMP0959,Sales,Sales Representative,1,19,Male,Salesforce,Read,Leaver,Yes,1,0,0,0,Travel_Rarely,Yes,3,1,3,70,Critical
EMP0959,Sales,Sales Representative,1,19,Male,SharePoint,Read,Leaver,Yes,1,0,0,0,Travel_Rarely,Yes,3,1,3,70,Critical
EMP0959,Sales,Sales Representative,1,19,Male,ServiceNow,Read,Leaver,Yes,1,0,0,0,Travel_Rarely,Yes,3,1,3,70,Critical
EMP0959,Sales,Sales Representative,1,19,Male,CRM Portal,Read,Leaver,Yes,1,0,0,0,Travel_Rarely,Yes,3,1,3,70,Critical
EMP0960,Research & Development,Laboratory Technician,1,20,Male,Active Directory,Read,Leaver,Yes,1,0,0,0,Travel_Rarely,No,3,1,2,60,High
EMP0960,Research & Development,Laboratory Technician,1,20,Male,SAP,Read,Leaver,Yes,1,0,0,0,Travel_Rarely,No,3,1,2,60,High
EMP0960,Research & Development,Laboratory Technician,1,20,Male,SharePoint,Read,Leaver,Yes,1,0,0,0,Travel_Rarely,No,3,1,2,60,High
EMP0960,Research & Development,Laboratory Technician,1,20,Male,ServiceNow,Read,Leaver,Yes,1,0,0,0,Travel_Rarely,No,3,1,2,60,High
EMP0960,Research & Development,Laboratory Technician,1,20,Male,Lab Systems,Read,Leaver,Yes,1,0,0,0,Travel_Rarely,No,3,1,2,60,High
EMP0961,Research & Development,Healthcare Representative,2,31,Female,Active Directory,Read,Stable,No,9,7,8,5,Travel_Rarely,Yes,3,10,2,30,Medium
EMP0961,Research & Development,Healthcare Representative,2,31,Female,SAP,Read,Stable,No,9,7,8,5,Travel_Rarely,Yes,3,10,2,30,Medium
EMP0961,Research & Development,Healthcare Representative,2,31,Female,SharePoint,Read,Stable,No,9,7,8,5,Travel_Rarely,Yes,3,10,2,30,Medium
EMP0961,Research & Development,Healthcare Representative,2,31,Female,ServiceNow,Read,Stable,No,9,7,8,5,Travel_Rarely,Yes,3,10,2,30,Medium
EMP0961,Research & Development,Healthcare Representative,2,31,Female,Lab Systems,Read,Stable,No,9,7,8,5,Travel_Rarely,Yes,3,10,2,30,Medium
EMP0964,Research & Development,Research Scientist,1,40,Male,Active Directory,Write,Mover,No,1,1,0,0,Travel_Frequently,Yes,3,3,2,65,High
EMP0964,Research & Development,Research Scientist,1,40,Male,SAP,Write,Mover,No,1,1,0,0,Travel_Frequently,Yes,3,3,2,65,High
EMP0964,Research & Development,Research Scientist,1,40,Male,SharePoint,Write,Mover,No,1,1,0,0,Travel_Frequently,Yes,3,3,2,65,High
EMP0964,Research & Development,Research Scientist,1,40,Male,ServiceNow,Write,Mover,No,1,1,0,0,Travel_Frequently,Yes,3,3,2,65,High
EMP0964,Research & Development,Research Scientist,1,40,Male,Lab Systems,Write,Mover,No,1,1,0,0,Travel_Frequently,Yes,3,3,2,65,High
EMP0966,Research & Development,Manufacturing Director,2,32,Female,Active Directory,Write,Stable,No,8,7,6,3,Travel_Rarely,No,3,8,2,30,Medium
EMP0966,Research & Development,Manufacturing Director,2,32,Female,SAP,Write,Stable,No,8,7,6,3,Travel_Rarely,No,3,8,2,30,Medium
EMP0966,Research & Development,Manufacturing Director,2,32,Female,SharePoint,Write,Stable,No,8,7,6,3,Travel_Rarely,No,3,8,2,30,Medium
EMP0966,Research & Development,Manufacturing Director,2,32,Female,ServiceNow,Write,Stable,No,8,7,6,3,Travel_Rarely,No,3,8,2,30,Medium
EMP0966,Research & Development,Manufacturing Director,2,32,Female,Lab Systems,Write,Stable,No,8,7,6,3,Travel_Rarely,No,3,8,2,30,Medium
EMP0967,Sales,Sales Executive,3,36,Male,Active Directory,Write,Leaver,Yes,16,7,3,7,Travel_Rarely,Yes,3,16,6,85,Critical
EMP0967,Sales,Sales Executive,3,36,Male,Salesforce,Write,Leaver,Yes,16,7,3,7,Travel_Rarely,Yes,3,16,6,85,Critical
EMP0967,Sales,Sales Executive,3,36,Male,SharePoint,Write,Leaver,Yes,16,7,3,7,Travel_Rarely,Yes,3,16,6,85,Critical
EMP0967,Sales,Sales Executive,3,36,Male,ServiceNow,Write,Leaver,Yes,16,7,3,7,Travel_Rarely,Yes,3,16,6,85,Critical
EMP0967,Sales,Sales Executive,3,36,Male,CRM Portal,Write,Leaver,Yes,16,7,3,7,Travel_Rarely,Yes,3,16,6,85,Critical
EMP0969,Research & Development,Healthcare Representative,2,33,Female,Active Directory,Read,Mover,No,5,0,1,4,Travel_Rarely,No,3,6,3,30,Medium
EMP0969,Research & Development,Healthcare Representative,2,33,Female,SAP,Read,Mover,No,5,0,1,4,Travel_Rarely,No,3,6,3,30,Medium
EMP0969,Research & Development,Healthcare Representative,2,33,Female,SharePoint,Read,Mover,No,5,0,1,4,Travel_Rarely,No,3,6,3,30,Medium
EMP0969,Research & Development,Healthcare Representative,2,33,Female,ServiceNow,Read,Mover,No,5,0,1,4,Travel_Rarely,No,3,6,3,30,Medium
EMP0969,Research & Development,Healthcare Representative,2,33,Female,Lab Systems,Read,Mover,No,5,0,1,4,Travel_Rarely,No,3,6,3,30,Medium
EMP0970,Sales,Sales Executive,3,37,Male,Active Directory,Write,Leaver,Yes,14,1,11,7,Travel_Rarely,No,3,17,2,75,Critical
EMP0970,Sales,Sales Executive,3,37,Male,Salesforce,Write,Leaver,Yes,14,1,11,7,Travel_Rarely,No,3,17,2,75,Critical
EMP0970,Sales,Sales Executive,3,37,Male,SharePoint,Write,Leaver,Yes,14,1,11,7,Travel_Rarely,No,3,17,2,75,Critical
EMP0970,Sales,Sales Executive,3,37,Male,ServiceNow,Write,Leaver,Yes,14,1,11,7,Travel_Rarely,No,3,17,2,75,Critical
EMP0970,Sales,Sales Executive,3,37,Male,CRM Portal,Write,Leaver,Yes,14,1,11,7,Travel_Rarely,No,3,17,2,75,Critical
EMP0972,Research & Development,Laboratory Technician,2,45,Male,Active Directory,Read,Stable,No,9,7,0,8,Non-Travel,No,3,9,5,15,Low
EMP0972,Research & Development,Laboratory Technician,2,45,Male,SAP,Read,Stable,No,9,7,0,8,Non-Travel,No,3,9,5,15,Low
EMP0972,Research & Development,Laboratory Technician,2,45,Male,SharePoint,Read,Stable,No,9,7,0,8,Non-Travel,No,3,9,5,15,Low
EMP0972,Research & Development,Laboratory Technician,2,45,Male,ServiceNow,Read,Stable,No,9,7,0,8,Non-Travel,No,3,9,5,15,Low
EMP0972,Research & Development,Laboratory Technician,2,45,Male,Lab Systems,Read,Stable,No,9,7,0,8,Non-Travel,No,3,9,5,15,Low
EMP0974,Sales,Sales Representative,1,29,Female,Active Directory,Read,Mover,No,3,1,0,2,Travel_Frequently,No,3,3,5,35,Medium
EMP0974,Sales,Sales Representative,1,29,Female,Salesforce,Read,Mover,No,3,1,0,2,Travel_Frequently,No,3,3,5,35,Medium
EMP0974,Sales,Sales Representative,1,29,Female,SharePoint,Read,Mover,No,3,1,0,2,Travel_Frequently,No,3,3,5,35,Medium
EMP0974,Sales,Sales Representative,1,29,Female,ServiceNow,Read,Mover,No,3,1,0,2,Travel_Frequently,No,3,3,5,35,Medium
EMP0974,Sales,Sales Representative,1,29,Female,CRM Portal,Read,Mover,No,3,1,0,2,Travel_Frequently,No,3,3,5,35,Medium
EMP0975,Sales,Sales Executive,2,35,Female,Active Directory,Write,Stable,No,5,2,1,0,Travel_Rarely,No,3,5,3,30,Medium
EMP0975,Sales,Sales Executive,2,35,Female,Salesforce,Write,Stable,No,5,2,1,0,Travel_Rarely,No,3,5,3,30,Medium
EMP0975,Sales,Sales Executive,2,35,Female,SharePoint,Write,Stable,No,5,2,1,0,Travel_Rarely,No,3,5,3,30,Medium
EMP0975,Sales,Sales Executive,2,35,Female,ServiceNow,Write,Stable,No,5,2,1,0,Travel_Rarely,No,3,5,3,30,Medium
EMP0975,Sales,Sales Executive,2,35,Female,CRM Portal,Write,Stable,No,5,2,1,0,Travel_Rarely,No,3,5,3,30,Medium
EMP0976,Research & Development,Manager,4,52,Male,Active Directory,Write,Stable,No,9,8,7,8,Travel_Rarely,No,3,26,2,30,Medium
EMP0976,Research & Development,Manager,4,52,Male,SAP,Write,Stable,No,9,8,7,8,Travel_Rarely,No,3,26,2,30,Medium
EMP0976,Research & Development,Manager,4,52,Male,SharePoint,Write,Stable,No,9,8,7,8,Travel_Rarely,No,3,26,2,30,Medium
EMP0976,Research & Development,Manager,4,52,Male,ServiceNow,Write,Stable,No,9,8,7,8,Travel_Rarely,No,3,26,2,30,Medium
EMP0976,Research & Development,Manager,4,52,Male,Lab Systems,Write,Stable,No,9,8,7,8,Travel_Rarely,No,3,26,2,30,Medium
EMP0977,Research & Development,Research Scientist,1,58,Male,Active Directory,Write,Leaver,Yes,1,0,0,0,Travel_Rarely,No,4,7,4,70,Critical
EMP0977,Research & Development,Research Scientist,1,58,Male,SAP,Write,Leaver,Yes,1,0,0,0,Travel_Rarely,No,4,7,4,70,Critical
EMP0977,Research & Development,Research Scientist,1,58,Male,SharePoint,Write,Leaver,Yes,1,0,0,0,Travel_Rarely,No,4,7,4,70,Critical
EMP0977,Research & Development,Research Scientist,1,58,Male,ServiceNow,Write,Leaver,Yes,1,0,0,0,Travel_Rarely,No,4,7,4,70,Critical
EMP0977,Research & Development,Research Scientist,1,58,Male,Lab Systems,Write,Leaver,Yes,1,0,0,0,Travel_Rarely,No,4,7,4,70,Critical
EMP0981,Sales,Manager,4,53,Male,Active Directory,Write,Stable,No,17,13,15,2,Travel_Rarely,No,3,22,3,35,Medium
EMP0981,Sales,Manager,4,53,Male,Salesforce,Write,Stable,No,17,13,15,2,Travel_Rarely,No,3,22,3,35,Medium
EMP0981,Sales,Manager,4,53,Male,SharePoint,Write,Stable,No,17,13,15,2,Travel_Rarely,No,3,22,3,35,Medium
EMP0981,Sales,Manager,4,53,Male,ServiceNow,Write,Stable,No,17,13,15,2,Travel_Rarely,No,3,22,3,35,Medium
EMP0981,Sales,Manager,4,53,Male,CRM Portal,Write,Stable,No,17,13,15,2,Travel_Rarely,No,3,22,3,35,Medium
EMP0982,Sales,Sales Executive,3,30,Male,Active Directory,Write,Stable,No,8,4,7,7,Travel_Rarely,No,3,10,2,30,Medium
EMP0982,Sales,Sales Executive,3,30,Male,Salesforce,Write,Stable,No,8,4,7,7,Travel_Rarely,No,3,10,2,30,Medium
EMP0982,Sales,Sales Executive,3,30,Male,SharePoint,Write,Stable,No,8,4,7,7,Travel_Rarely,No,3,10,2,30,Medium
EMP0982,Sales,Sales Executive,3,30,Male,ServiceNow,Write,Stable,No,8,4,7,7,Travel_Rarely,No,3,10,2,30,Medium
EMP0982,Sales,Sales Executive,3,30,Male,CRM Portal,Write,Stable,No,8,4,7,7,Travel_Rarely,No,3,10,2,30,Medium
EMP0983,Sales,Sales Executive,2,38,Female,Active Directory,Write,Stable,No,5,3,1,3,Non-Travel,Yes,3,6,1,25,Low
EMP0983,Sales,Sales Executive,2,38,Female,Salesforce,Write,Stable,No,5,3,1,3,Non-Travel,Yes,3,6,1,25,Low
EMP0983,Sales,Sales Executive,2,38,Female,SharePoint,Write,Stable,No,5,3,1,3,Non-Travel,Yes,3,6,1,25,Low
EMP0983,Sales,Sales Executive,2,38,Female,ServiceNow,Write,Stable,No,5,3,1,3,Non-Travel,Yes,3,6,1,25,Low
EMP0983,Sales,Sales Executive,2,38,Female,CRM Portal,Write,Stable,No,5,3,1,3,Non-Travel,Yes,3,6,1,25,Low
EMP0984,Sales,Sales Executive,3,35,Male,Active Directory,Write,Stable,No,10,9,0,8,Travel_Rarely,No,3,12,2,30,Medium
EMP0984,Sales,Sales Executive,3,35,Male,Salesforce,Write,Stable,No,10,9,0,8,Travel_Rarely,No,3,12,2,30,Medium
EMP0984,Sales,Sales Executive,3,35,Male,SharePoint,Write,Stable,No,10,9,0,8,Travel_Rarely,No,3,12,2,30,Medium
EMP0984,Sales,Sales Executive,3,35,Male,ServiceNow,Write,Stable,No,10,9,0,8,Travel_Rarely,No,3,12,2,30,Medium
EMP0984,Sales,Sales Executive,3,35,Male,CRM Portal,Write,Stable,No,10,9,0,8,Travel_Rarely,No,3,12,2,30,Medium
EMP0985,Sales,Sales Executive,3,39,Male,Active Directory,Write,Stable,No,8,7,0,7,Travel_Rarely,No,3,9,3,30,Medium
EMP0985,Sales,Sales Executive,3,39,Male,Salesforce,Write,Stable,No,8,7,0,7,Travel_Rarely,No,3,9,3,30,Medium
EMP0985,Sales,Sales Executive,3,39,Male,SharePoint,Write,Stable,No,8,7,0,7,Travel_Rarely,No,3,9,3,30,Medium
EMP0985,Sales,Sales Executive,3,39,Male,ServiceNow,Write,Stable,No,8,7,0,7,Travel_Rarely,No,3,9,3,30,Medium
EMP0985,Sales,Sales Executive,3,39,Male,CRM Portal,Write,Stable,No,8,7,0,7,Travel_Rarely,No,3,9,3,30,Medium
EMP0986,Sales,Sales Executive,4,40,Female,Active Directory,Write,Leaver,Yes,1,0,0,0,Non-Travel,Yes,3,22,2,75,Critical
EMP0986,Sales,Sales Executive,4,40,Female,Salesforce,Write,Leaver,Yes,1,0,0,0,Non-Travel,Yes,3,22,2,75,Critical
EMP0986,Sales,Sales Executive,4,40,Female,SharePoint,Write,Leaver,Yes,1,0,0,0,Non-Travel,Yes,3,22,2,75,Critical
EMP0986,Sales,Sales Executive,4,40,Female,ServiceNow,Write,Leaver,Yes,1,0,0,0,Non-Travel,Yes,3,22,2,75,Critical
EMP0986,Sales,Sales Executive,4,40,Female,CRM Portal,Write,Leaver,Yes,1,0,0,0,Non-Travel,Yes,3,22,2,75,Critical
EMP0987,Research & Development,Manufacturing Director,2,47,Male,Active Directory,Write,Stable,No,19,10,2,7,Travel_Frequently,Yes,3,20,3,50,High
EMP0987,Research & Development,Manufacturing Director,2,47,Male,SAP,Write,Stable,No,19,10,2,7,Travel_Frequently,Yes,3,20,3,50,High
EMP0987,Research & Development,Manufacturing Director,2,47,Male,SharePoint,Write,Stable,No,19,10,2,7,Travel_Frequently,Yes,3,20,3,50,High
EMP0987,Research & Development,Manufacturing Director,2,47,Male,ServiceNow,Write,Stable,No,19,10,2,7,Travel_Frequently,Yes,3,20,3,50,High
EMP0987,Research & Development,Manufacturing Director,2,47,Male,Lab Systems,Write,Stable,No,19,10,2,7,Travel_Frequently,Yes,3,20,3,50,High
EMP0990,Sales,Sales Executive,2,36,Male,Active Directory,Write,Stable,No,7,7,0,7,Non-Travel,No,3,12,3,25,Low
EMP0990,Sales,Sales Executive,2,36,Male,Salesforce,Write,Stable,No,7,7,0,7,Non-Travel,No,3,12,3,25,Low
EMP0990,Sales,Sales Executive,2,36,Male,SharePoint,Write,Stable,No,7,7,0,7,Non-Travel,No,3,12,3,25,Low
EMP0990,Sales,Sales Executive,2,36,Male,ServiceNow,Write,Stable,No,7,7,0,7,Non-Travel,No,3,12,3,25,Low
EMP0990,Sales,Sales Executive,2,36,Male,CRM Portal,Write,Stable,No,7,7,0,7,Non-Travel,No,3,12,3,25,Low
EMP0991,Research & Development,Research Scientist,1,31,Male,Active Directory,Write,Leaver,Yes,3,2,1,2,Non-Travel,Yes,4,4,0,65,High
EMP0991,Research & Development,Research Scientist,1,31,Male,SAP,Write,Leaver,Yes,3,2,1,2,Non-Travel,Yes,4,4,0,65,High
EMP0991,Research & Development,Research Scientist,1,31,Male,SharePoint,Write,Leaver,Yes,3,2,1,2,Non-Travel,Yes,4,4,0,65,High
EMP0991,Research & Development,Research Scientist,1,31,Male,ServiceNow,Write,Leaver,Yes,3,2,1,2,Non-Travel,Yes,4,4,0,65,High
EMP0991,Research & Development,Research Scientist,1,31,Male,Lab Systems,Write,Leaver,Yes,3,2,1,2,Non-Travel,Yes,4,4,0,65,High
EMP0992,Sales,Manager,4,33,Male,Active Directory,Write,Stable,No,10,8,6,0,Non-Travel,No,3,10,2,35,Medium
EMP0992,Sales,Manager,4,33,Male,Salesforce,Write,Stable,No,10,8,6,0,Non-Travel,No,3,10,2,35,Medium
EMP0992,Sales,Manager,4,33,Male,SharePoint,Write,Stable,No,10,8,6,0,Non-Travel,No,3,10,2,35,Medium
EMP0992,Sales,Manager,4,33,Male,ServiceNow,Write,Stable,No,10,8,6,0,Non-Travel,No,3,10,2,35,Medium
EMP0992,Sales,Manager,4,33,Male,CRM Portal,Write,Stable,No,10,8,6,0,Non-Travel,No,3,10,2,35,Medium
EMP0994,Research & Development,Research Scientist,1,29,Female,Active Directory,Write,Leaver,Yes,0,0,0,0,Travel_Rarely,Yes,4,3,5,80,Critical
EMP0994,Research & Development,Research Scientist,1,29,Female,SAP,Write,Leaver,Yes,0,0,0,0,Travel_Rarely,Yes,4,3,5,80,Critical
EMP0994,Research & Development,Research Scientist,1,29,Female,SharePoint,Write,Leaver,Yes,0,0,0,0,Travel_Rarely,Yes,4,3,5,80,Critical
EMP0994,Research & Development,Research Scientist,1,29,Female,ServiceNow,Write,Leaver,Yes,0,0,0,0,Travel_Rarely,Yes,4,3,5,80,Critical
EMP0994,Research & Development,Research Scientist,1,29,Female,Lab Systems,Write,Leaver,Yes,0,0,0,0,Travel_Rarely,Yes,4,3,5,80,Critical
EMP0995,Research & Development,Research Scientist,1,33,Female,Active Directory,Write,Stable,No,3,2,0,2,Travel_Rarely,No,3,5,4,20,Low
EMP0995,Research & Development,Research Scientist,1,33,Female,SAP,Write,Stable,No,3,2,0,2,Travel_Rarely,No,3,5,4,20,Low
EMP0995,Research & Development,Research Scientist,1,33,Female,SharePoint,Write,Stable,No,3,2,0,2,Travel_Rarely,No,3,5,4,20,Low
EMP0995,Research & Development,Research Scientist,1,33,Female,ServiceNow,Write,Stable,No,3,2,0,2,Travel_Rarely,No,3,5,4,20,Low
EMP0995,Research & Development,Research Scientist,1,33,Female,Lab Systems,Write,Stable,No,3,2,0,2,Travel_Rarely,No,3,5,4,20,Low
EMP0996,Research & Development,Laboratory Technician,1,45,Female,Active Directory,Read,Stable,No,5,3,0,2,Travel_Rarely,No,3,8,2,10,Low
EMP0996,Research & Development,Laboratory Technician,1,45,Female,SAP,Read,Stable,No,5,3,0,2,Travel_Rarely,No,3,8,2,10,Low
EMP0996,Research & Development,Laboratory Technician,1,45,Female,SharePoint,Read,Stable,No,5,3,0,2,Travel_Rarely,No,3,8,2,10,Low
EMP0996,Research & Development,Laboratory Technician,1,45,Female,ServiceNow,Read,Stable,No,5,3,0,2,Travel_Rarely,No,3,8,2,10,Low
EMP0996,Research & Development,Laboratory Technician,1,45,Female,Lab Systems,Read,Stable,No,5,3,0,2,Travel_Rarely,No,3,8,2,10,Low
EMP0997,Research & Development,Research Director,4,50,Male,Active Directory,Admin,Stable,No,5,4,1,3,Travel_Rarely,No,4,32,1,35,Medium
EMP0997,Research & Development,Research Director,4,50,Male,SAP,Admin,Stable,No,5,4,1,3,Travel_Rarely,No,4,32,1,35,Medium
EMP0997,Research & Development,Research Director,4,50,Male,SharePoint,Admin,Stable,No,5,4,1,3,Travel_Rarely,No,4,32,1,35,Medium
EMP0997,Research & Development,Research Director,4,50,Male,ServiceNow,Admin,Stable,No,5,4,1,3,Travel_Rarely,No,4,32,1,35,Medium
EMP0997,Research & Development,Research Director,4,50,Male,Lab Systems,Admin,Stable,No,5,4,1,3,Travel_Rarely,No,4,32,1,35,Medium
EMP0998,Research & Development,Healthcare Representative,2,33,Female,Active Directory,Read,Stable,No,6,5,1,2,Travel_Frequently,Yes,3,6,2,35,Medium
EMP0998,Research & Development,Healthcare Representative,2,33,Female,SAP,Read,Stable,No,6,5,1,2,Travel_Frequently,Yes,3,6,2,35,Medium
EMP0998,Research & Development,Healthcare Representative,2,33,Female,SharePoint,Read,Stable,No,6,5,1,2,Travel_Frequently,Yes,3,6,2,35,Medium
EMP0998,Research & Development,Healthcare Representative,2,33,Female,ServiceNow,Read,Stable,No,6,5,1,2,Travel_Frequently,Yes,3,6,2,35,Medium
EMP0998,Research & Development,Healthcare Representative,2,33,Female,Lab Systems,Read,Stable,No,6,5,1,2,Travel_Frequently,Yes,3,6,2,35,Medium
EMP0999,Research & Development,Research Director,5,41,Male,Active Directory,Admin,Stable,No,18,16,0,11,Travel_Frequently,No,3,21,2,55,High
EMP0999,Research & Development,Research Director,5,41,Male,SAP,Admin,Stable,No,18,16,0,11,Travel_Frequently,No,3,21,2,55,High
EMP0999,Research & Development,Research Director,5,41,Male,SharePoint,Admin,Stable,No,18,16,0,11,Travel_Frequently,No,3,21,2,55,High
EMP0999,Research & Development,Research Director,5,41,Male,ServiceNow,Admin,Stable,No,18,16,0,11,Travel_Frequently,No,3,21,2,55,High
EMP0999,Research & Development,Research Director,5,41,Male,Lab Systems,Admin,Stable,No,18,16,0,11,Travel_Frequently,No,3,21,2,55,High
EMP1001,Research & Development,Laboratory Technician,1,27,Female,Active Directory,Read,Stable,No,2,2,2,2,Travel_Rarely,No,3,4,2,10,Low
EMP1001,Research & Development,Laboratory Technician,1,27,Female,SAP,Read,Stable,No,2,2,2,2,Travel_Rarely,No,3,4,2,10,Low
EMP1001,Research & Development,Laboratory Technician,1,27,Female,SharePoint,Read,Stable,No,2,2,2,2,Travel_Rarely,No,3,4,2,10,Low
EMP1001,Research & Development,Laboratory Technician,1,27,Female,ServiceNow,Read,Stable,No,2,2,2,2,Travel_Rarely,No,3,4,2,10,Low
EMP1001,Research & Development,Laboratory Technician,1,27,Female,Lab Systems,Read,Stable,No,2,2,2,2,Travel_Rarely,No,3,4,2,10,Low
EMP1002,Research & Development,Laboratory Technician,2,45,Male,Active Directory,Read,Stable,No,9,8,0,8,Non-Travel,Yes,3,9,2,25,Low
EMP1002,Research & Development,Laboratory Technician,2,45,Male,SAP,Read,Stable,No,9,8,0,8,Non-Travel,Yes,3,9,2,25,Low
EMP1002,Research & Development,Laboratory Technician,2,45,Male,SharePoint,Read,Stable,No,9,8,0,8,Non-Travel,Yes,3,9,2,25,Low
EMP1002,Research & Development,Laboratory Technician,2,45,Male,ServiceNow,Read,Stable,No,9,8,0,8,Non-Travel,Yes,3,9,2,25,Low
EMP1002,Research & Development,Laboratory Technician,2,45,Male,Lab Systems,Read,Stable,No,9,8,0,8,Non-Travel,Yes,3,9,2,25,Low
EMP1003,Sales,Sales Executive,2,47,Female,Active Directory,Write,Mover,No,9,0,0,7,Travel_Rarely,Yes,3,9,0,60,High
EMP1003,Sales,Sales Executive,2,47,Female,Salesforce,Write,Mover,No,9,0,0,7,Travel_Rarely,Yes,3,9,0,60,High
EMP1003,Sales,Sales Executive,2,47,Female,SharePoint,Write,Mover,No,9,0,0,7,Travel_Rarely,Yes,3,9,0,60,High
EMP1003,Sales,Sales Executive,2,47,Female,ServiceNow,Write,Mover,No,9,0,0,7,Travel_Rarely,Yes,3,9,0,60,High
EMP1003,Sales,Sales Executive,2,47,Female,CRM Portal,Write,Mover,No,9,0,0,7,Travel_Rarely,Yes,3,9,0,60,High
EMP1004,Research & Development,Research Scientist,1,30,Female,Active Directory,Write,Leaver,Yes,5,2,0,1,Travel_Rarely,Yes,3,7,2,80,Critical
EMP1004,Research & Development,Research Scientist,1,30,Female,SAP,Write,Leaver,Yes,5,2,0,1,Travel_Rarely,Yes,3,7,2,80,Critical
EMP1004,Research & Development,Research Scientist,1,30,Female,SharePoint,Write,Leaver,Yes,5,2,0,1,Travel_Rarely,Yes,3,7,2,80,Critical
EMP1004,Research & Development,Research Scientist,1,30,Female,ServiceNow,Write,Leaver,Yes,5,2,0,1,Travel_Rarely,Yes,3,7,2,80,Critical
EMP1004,Research & Development,Research Scientist,1,30,Female,Lab Systems,Write,Leaver,Yes,5,2,0,1,Travel_Rarely,Yes,3,7,2,80,Critical
EMP1005,Research & Development,Manufacturing Director,4,50,Male,Active Directory,Write,Stable,No,12,11,1,5,Travel_Rarely,Yes,3,22,2,45,Medium
EMP1005,Research & Development,Manufacturing Director,4,50,Male,SAP,Write,Stable,No,12,11,1,5,Travel_Rarely,Yes,3,22,2,45,Medium
EMP1005,Research & Development,Manufacturing Director,4,50,Male,SharePoint,Write,Stable,No,12,11,1,5,Travel_Rarely,Yes,3,22,2,45,Medium
EMP1005,Research & Development,Manufacturing Director,4,50,Male,ServiceNow,Write,Stable,No,12,11,1,5,Travel_Rarely,Yes,3,22,2,45,Medium
EMP1005,Research & Development,Manufacturing Director,4,50,Male,Lab Systems,Write,Stable,No,12,11,1,5,Travel_Rarely,Yes,3,22,2,45,Medium
EMP1006,Research & Development,Research Scientist,1,38,Male,Active Directory,Write,Mover,No,2,1,0,2,Travel_Frequently,No,3,3,0,45,Medium
EMP1006,Research & Development,Research Scientist,1,38,Male,SAP,Write,Mover,No,2,1,0,2,Travel_Frequently,No,3,3,0,45,Medium
EMP1006,Research & Development,Research Scientist,1,38,Male,SharePoint,Write,Mover,No,2,1,0,2,Travel_Frequently,No,3,3,0,45,Medium
EMP1006,Research & Development,Research Scientist,1,38,Male,ServiceNow,Write,Mover,No,2,1,0,2,Travel_Frequently,No,3,3,0,45,Medium
EMP1006,Research & Development,Research Scientist,1,38,Male,Lab Systems,Write,Mover,No,2,1,0,2,Travel_Frequently,No,3,3,0,45,Medium
EMP1007,Research & Development,Manufacturing Director,3,46,Male,Active Directory,Write,Stable,No,8,7,0,7,Travel_Rarely,No,3,13,3,30,Medium
EMP1007,Research & Development,Manufacturing Director,3,46,Male,SAP,Write,Stable,No,8,7,0,7,Travel_Rarely,No,3,13,3,30,Medium
EMP1007,Research & Development,Manufacturing Director,3,46,Male,SharePoint,Write,Stable,No,8,7,0,7,Travel_Rarely,No,3,13,3,30,Medium
EMP1007,Research & Development,Manufacturing Director,3,46,Male,ServiceNow,Write,Stable,No,8,7,0,7,Travel_Rarely,No,3,13,3,30,Medium
EMP1007,Research & Development,Manufacturing Director,3,46,Male,Lab Systems,Write,Stable,No,8,7,0,7,Travel_Rarely,No,3,13,3,30,Medium
EMP1009,Research & Development,Manufacturing Director,2,24,Female,Active Directory,Write,Stable,No,4,2,3,2,Travel_Rarely,No,3,5,6,20,Low
EMP1009,Research & Development,Manufacturing Director,2,24,Female,SAP,Write,Stable,No,4,2,3,2,Travel_Rarely,No,3,5,6,20,Low
EMP1009,Research & Development,Manufacturing Director,2,24,Female,SharePoint,Write,Stable,No,4,2,3,2,Travel_Rarely,No,3,5,6,20,Low
EMP1009,Research & Development,Manufacturing Director,2,24,Female,ServiceNow,Write,Stable,No,4,2,3,2,Travel_Rarely,No,3,5,6,20,Low
EMP1009,Research & Development,Manufacturing Director,2,24,Female,Lab Systems,Write,Stable,No,4,2,3,2,Travel_Rarely,No,3,5,6,20,Low
EMP1010,Research & Development,Laboratory Technician,1,35,Male,Active Directory,Read,Leaver,Yes,4,2,0,2,Travel_Rarely,Yes,4,5,2,60,High
EMP1010,Research & Development,Laboratory Technician,1,35,Male,SAP,Read,Leaver,Yes,4,2,0,2,Travel_Rarely,Yes,4,5,2,60,High
EMP1010,Research & Development,Laboratory Technician,1,35,Male,SharePoint,Read,Leaver,Yes,4,2,0,2,Travel_Rarely,Yes,4,5,2,60,High
EMP1010,Research & Development,Laboratory Technician,1,35,Male,ServiceNow,Read,Leaver,Yes,4,2,0,2,Travel_Rarely,Yes,4,5,2,60,High
EMP1010,Research & Development,Laboratory Technician,1,35,Male,Lab Systems,Read,Leaver,Yes,4,2,0,2,Travel_Rarely,Yes,4,5,2,60,High
EMP1011,Research & Development,Manufacturing Director,2,31,Female,Active Directory,Write,Stable,No,4,3,0,3,Travel_Frequently,No,3,4,1,25,Low
EMP1011,Research & Development,Manufacturing Director,2,31,Female,SAP,Write,Stable,No,4,3,0,3,Travel_Frequently,No,3,4,1,25,Low
EMP1011,Research & Development,Manufacturing Director,2,31,Female,SharePoint,Write,Stable,No,4,3,0,3,Travel_Frequently,No,3,4,1,25,Low
EMP1011,Research & Development,Manufacturing Director,2,31,Female,ServiceNow,Write,Stable,No,4,3,0,3,Travel_Frequently,No,3,4,1,25,Low
EMP1011,Research & Development,Manufacturing Director,2,31,Female,Lab Systems,Write,Stable,No,4,3,0,3,Travel_Frequently,No,3,4,1,25,Low
EMP1012,Research & Development,Research Scientist,1,18,Male,Active Directory,Write,Mover,No,0,0,0,0,Non-Travel,No,3,0,2,45,Medium
EMP1012,Research & Development,Research Scientist,1,18,Male,SAP,Write,Mover,No,0,0,0,0,Non-Travel,No,3,0,2,45,Medium
EMP1012,Research & Development,Research Scientist,1,18,Male,SharePoint,Write,Mover,No,0,0,0,0,Non-Travel,No,3,0,2,45,Medium
EMP1012,Research & Development,Research Scientist,1,18,Male,ServiceNow,Write,Mover,No,0,0,0,0,Non-Travel,No,3,0,2,45,Medium
EMP1012,Research & Development,Research Scientist,1,18,Male,Lab Systems,Write,Mover,No,0,0,0,0,Non-Travel,No,3,0,2,45,Medium
EMP1013,Research & Development,Manufacturing Director,3,54,Female,Active Directory,Write,Stable,No,10,7,0,8,Travel_Rarely,No,3,22,2,30,Medium
EMP1013,Research & Development,Manufacturing Director,3,54,Female,SAP,Write,Stable,No,10,7,0,8,Travel_Rarely,No,3,22,2,30,Medium
EMP1013,Research & Development,Manufacturing Director,3,54,Female,SharePoint,Write,Stable,No,10,7,0,8,Travel_Rarely,No,3,22,2,30,Medium
EMP1013,Research & Development,Manufacturing Director,3,54,Female,ServiceNow,Write,Stable,No,10,7,0,8,Travel_Rarely,No,3,22,2,30,Medium
EMP1013,Research & Development,Manufacturing Director,3,54,Female,Lab Systems,Write,Stable,No,10,7,0,8,Travel_Rarely,No,3,22,2,30,Medium
EMP1014,Research & Development,Healthcare Representative,3,35,Female,Active Directory,Read,Stable,No,16,10,10,1,Travel_Rarely,Yes,3,16,3,45,Medium
EMP1014,Research & Development,Healthcare Representative,3,35,Female,SAP,Read,Stable,No,16,10,10,1,Travel_Rarely,Yes,3,16,3,45,Medium
EMP1014,Research & Development,Healthcare Representative,3,35,Female,SharePoint,Read,Stable,No,16,10,10,1,Travel_Rarely,Yes,3,16,3,45,Medium
EMP1014,Research & Development,Healthcare Representative,3,35,Female,ServiceNow,Read,Stable,No,16,10,10,1,Travel_Rarely,Yes,3,16,3,45,Medium
EMP1014,Research & Development,Healthcare Representative,3,35,Female,Lab Systems,Read,Stable,No,16,10,10,1,Travel_Rarely,Yes,3,16,3,45,Medium
EMP1015,Research & Development,Research Director,3,30,Female,Active Directory,Admin,Stable,No,8,7,1,7,Travel_Rarely,Yes,3,9,4,55,High
EMP1015,Research & Development,Research Director,3,30,Female,SAP,Admin,Stable,No,8,7,1,7,Travel_Rarely,Yes,3,9,4,55,High
EMP1015,Research & Development,Research Director,3,30,Female,SharePoint,Admin,Stable,No,8,7,1,7,Travel_Rarely,Yes,3,9,4,55,High
EMP1015,Research & Development,Research Director,3,30,Female,ServiceNow,Admin,Stable,No,8,7,1,7,Travel_Rarely,Yes,3,9,4,55,High
EMP1015,Research & Development,Research Director,3,30,Female,Lab Systems,Admin,Stable,No,8,7,1,7,Travel_Rarely,Yes,3,9,4,55,High
EMP1016,Research & Development,Research Scientist,1,20,Female,Active Directory,Write,Leaver,Yes,1,0,0,0,Travel_Rarely,Yes,3,1,2,80,Critical
EMP1016,Research & Development,Research Scientist,1,20,Female,SAP,Write,Leaver,Yes,1,0,0,0,Travel_Rarely,Yes,3,1,2,80,Critical
EMP1016,Research & Development,Research Scientist,1,20,Female,SharePoint,Write,Leaver,Yes,1,0,0,0,Travel_Rarely,Yes,3,1,2,80,Critical
EMP1016,Research & Development,Research Scientist,1,20,Female,ServiceNow,Write,Leaver,Yes,1,0,0,0,Travel_Rarely,Yes,3,1,2,80,Critical
EMP1016,Research & Development,Research Scientist,1,20,Female,Lab Systems,Write,Leaver,Yes,1,0,0,0,Travel_Rarely,Yes,3,1,2,80,Critical
EMP1017,Research & Development,Laboratory Technician,1,30,Female,Active Directory,Read,Leaver,Yes,3,2,1,2,Travel_Frequently,No,3,4,3,55,High
EMP1017,Research & Development,Laboratory Technician,1,30,Female,SAP,Read,Leaver,Yes,3,2,1,2,Travel_Frequently,No,3,4,3,55,High
EMP1017,Research & Development,Laboratory Technician,1,30,Female,SharePoint,Read,Leaver,Yes,3,2,1,2,Travel_Frequently,No,3,4,3,55,High
EMP1017,Research & Development,Laboratory Technician,1,30,Female,ServiceNow,Read,Leaver,Yes,3,2,1,2,Travel_Frequently,No,3,4,3,55,High
EMP1017,Research & Development,Laboratory Technician,1,30,Female,Lab Systems,Read,Leaver,Yes,3,2,1,2,Travel_Frequently,No,3,4,3,55,High
EMP1018,Research & Development,Manufacturing Director,2,26,Male,Active Directory,Write,Stable,No,8,7,1,3,Travel_Rarely,No,3,8,2,30,Medium
EMP1018,Research & Development,Manufacturing Director,2,26,Male,SAP,Write,Stable,No,8,7,1,3,Travel_Rarely,No,3,8,2,30,Medium
EMP1018,Research & Development,Manufacturing Director,2,26,Male,SharePoint,Write,Stable,No,8,7,1,3,Travel_Rarely,No,3,8,2,30,Medium
EMP1018,Research & Development,Manufacturing Director,2,26,Male,ServiceNow,Write,Stable,No,8,7,1,3,Travel_Rarely,No,3,8,2,30,Medium
EMP1018,Research & Development,Manufacturing Director,2,26,Male,Lab Systems,Write,Stable,No,8,7,1,3,Travel_Rarely,No,3,8,2,30,Medium
EMP1019,Research & Development,Laboratory Technician,1,22,Male,Active Directory,Read,Stable,No,4,3,1,1,Travel_Rarely,No,3,4,3,20,Low
EMP1019,Research & Development,Laboratory Technician,1,22,Male,SAP,Read,Stable,No,4,3,1,1,Travel_Rarely,No,3,4,3,20,Low
EMP1019,Research & Development,Laboratory Technician,1,22,Male,SharePoint,Read,Stable,No,4,3,1,1,Travel_Rarely,No,3,4,3,20,Low
EMP1019,Research & Development,Laboratory Technician,1,22,Male,ServiceNow,Read,Stable,No,4,3,1,1,Travel_Rarely,No,3,4,3,20,Low
EMP1019,Research & Development,Laboratory Technician,1,22,Male,Lab Systems,Read,Stable,No,4,3,1,1,Travel_Rarely,No,3,4,3,20,Low
EMP1022,Research & Development,Healthcare Representative,2,48,Male,Active Directory,Read,Stable,No,2,2,2,2,Travel_Rarely,No,3,19,0,10,Low
EMP1022,Research & Development,Healthcare Representative,2,48,Male,SAP,Read,Stable,No,2,2,2,2,Travel_Rarely,No,3,19,0,10,Low
EMP1022,Research & Development,Healthcare Representative,2,48,Male,SharePoint,Read,Stable,No,2,2,2,2,Travel_Rarely,No,3,19,0,10,Low
EMP1022,Research & Development,Healthcare Representative,2,48,Male,ServiceNow,Read,Stable,No,2,2,2,2,Travel_Rarely,No,3,19,0,10,Low
EMP1022,Research & Development,Healthcare Representative,2,48,Male,Lab Systems,Read,Stable,No,2,2,2,2,Travel_Rarely,No,3,19,0,10,Low
EMP1024,Research & Development,Healthcare Representative,3,48,Male,Active Directory,Read,Stable,No,15,11,4,8,Travel_Rarely,No,3,27,3,25,Low
EMP1024,Research & Development,Healthcare Representative,3,48,Male,SAP,Read,Stable,No,15,11,4,8,Travel_Rarely,No,3,27,3,25,Low
EMP1024,Research & Development,Healthcare Representative,3,48,Male,SharePoint,Read,Stable,No,15,11,4,8,Travel_Rarely,No,3,27,3,25,Low
EMP1024,Research & Development,Healthcare Representative,3,48,Male,ServiceNow,Read,Stable,No,15,11,4,8,Travel_Rarely,No,3,27,3,25,Low
EMP1024,Research & Development,Healthcare Representative,3,48,Male,Lab Systems,Read,Stable,No,15,11,4,8,Travel_Rarely,No,3,27,3,25,Low
EMP1025,Research & Development,Manufacturing Director,2,41,Female,Active Directory,Write,Stable,No,2,2,2,1,Travel_Rarely,No,3,8,6,30,Medium
EMP1025,Research & Development,Manufacturing Director,2,41,Female,SAP,Write,Stable,No,2,2,2,1,Travel_Rarely,No,3,8,6,30,Medium
EMP1025,Research & Development,Manufacturing Director,2,41,Female,SharePoint,Write,Stable,No,2,2,2,1,Travel_Rarely,No,3,8,6,30,Medium
EMP1025,Research & Development,Manufacturing Director,2,41,Female,ServiceNow,Write,Stable,No,2,2,2,1,Travel_Rarely,No,3,8,6,30,Medium
EMP1025,Research & Development,Manufacturing Director,2,41,Female,Lab Systems,Write,Stable,No,2,2,2,1,Travel_Rarely,No,3,8,6,30,Medium
EMP1026,Research & Development,Manufacturing Director,4,39,Female,Active Directory,Write,Stable,No,21,6,11,8,Travel_Rarely,No,3,21,3,35,Medium
EMP1026,Research & Development,Manufacturing Director,4,39,Female,SAP,Write,Stable,No,21,6,11,8,Travel_Rarely,No,3,21,3,35,Medium
EMP1026,Research & Development,Manufacturing Director,4,39,Female,SharePoint,Write,Stable,No,21,6,11,8,Travel_Rarely,No,3,21,3,35,Medium
EMP1026,Research & Development,Manufacturing Director,4,39,Female,ServiceNow,Write,Stable,No,21,6,11,8,Travel_Rarely,No,3,21,3,35,Medium
EMP1026,Research & Development,Manufacturing Director,4,39,Female,Lab Systems,Write,Stable,No,21,6,11,8,Travel_Rarely,No,3,21,3,35,Medium
EMP1027,Research & Development,Manufacturing Director,2,27,Female,Active Directory,Write,Stable,No,3,2,2,2,Travel_Rarely,No,3,4,2,20,Low
EMP1027,Research & Development,Manufacturing Director,2,27,Female,SAP,Write,Stable,No,3,2,2,2,Travel_Rarely,No,3,4,2,20,Low
EMP1027,Research & Development,Manufacturing Director,2,27,Female,SharePoint,Write,Stable,No,3,2,2,2,Travel_Rarely,No,3,4,2,20,Low
EMP1027,Research & Development,Manufacturing Director,2,27,Female,ServiceNow,Write,Stable,No,3,2,2,2,Travel_Rarely,No,3,4,2,20,Low
EMP1027,Research & Development,Manufacturing Director,2,27,Female,Lab Systems,Write,Stable,No,3,2,2,2,Travel_Rarely,No,3,4,2,20,Low
EMP1028,Research & Development,Laboratory Technician,1,35,Male,Active Directory,Read,Stable,No,3,2,1,2,Travel_Rarely,No,4,3,4,10,Low
EMP1028,Research & Development,Laboratory Technician,1,35,Male,SAP,Read,Stable,No,3,2,1,2,Travel_Rarely,No,4,3,4,10,Low
EMP1028,Research & Development,Laboratory Technician,1,35,Male,SharePoint,Read,Stable,No,3,2,1,2,Travel_Rarely,No,4,3,4,10,Low
EMP1028,Research & Development,Laboratory Technician,1,35,Male,ServiceNow,Read,Stable,No,3,2,1,2,Travel_Rarely,No,4,3,4,10,Low
EMP1028,Research & Development,Laboratory Technician,1,35,Male,Lab Systems,Read,Stable,No,3,2,1,2,Travel_Rarely,No,4,3,4,10,Low
EMP1029,Sales,Manager,5,42,Male,Active Directory,Write,Mover,No,1,0,0,0,Travel_Rarely,No,3,21,3,50,High
EMP1029,Sales,Manager,5,42,Male,Salesforce,Write,Mover,No,1,0,0,0,Travel_Rarely,No,3,21,3,50,High
EMP1029,Sales,Manager,5,42,Male,SharePoint,Write,Mover,No,1,0,0,0,Travel_Rarely,No,3,21,3,50,High
EMP1029,Sales,Manager,5,42,Male,ServiceNow,Write,Mover,No,1,0,0,0,Travel_Rarely,No,3,21,3,50,High
EMP1029,Sales,Manager,5,42,Male,CRM Portal,Write,Mover,No,1,0,0,0,Travel_Rarely,No,3,21,3,50,High
EMP1030,Research & Development,Laboratory Technician,1,50,Male,Active Directory,Read,Mover,No,1,0,0,0,Travel_Rarely,No,3,8,5,40,Medium
EMP1030,Research & Development,Laboratory Technician,1,50,Male,SAP,Read,Mover,No,1,0,0,0,Travel_Rarely,No,3,8,5,40,Medium
EMP1030,Research & Development,Laboratory Technician,1,50,Male,SharePoint,Read,Mover,No,1,0,0,0,Travel_Rarely,No,3,8,5,40,Medium
EMP1030,Research & Development,Laboratory Technician,1,50,Male,ServiceNow,Read,Mover,No,1,0,0,0,Travel_Rarely,No,3,8,5,40,Medium
EMP1030,Research & Development,Laboratory Technician,1,50,Male,Lab Systems,Read,Mover,No,1,0,0,0,Travel_Rarely,No,3,8,5,40,Medium
EMP1032,Research & Development,Manufacturing Director,4,59,Female,Active Directory,Write,Stable,No,5,3,4,3,Travel_Rarely,Yes,3,30,4,30,Medium
EMP1032,Research & Development,Manufacturing Director,4,59,Female,SAP,Write,Stable,No,5,3,4,3,Travel_Rarely,Yes,3,30,4,30,Medium
EMP1032,Research & Development,Manufacturing Director,4,59,Female,SharePoint,Write,Stable,No,5,3,4,3,Travel_Rarely,Yes,3,30,4,30,Medium
EMP1032,Research & Development,Manufacturing Director,4,59,Female,ServiceNow,Write,Stable,No,5,3,4,3,Travel_Rarely,Yes,3,30,4,30,Medium
EMP1032,Research & Development,Manufacturing Director,4,59,Female,Lab Systems,Write,Stable,No,5,3,4,3,Travel_Rarely,Yes,3,30,4,30,Medium
EMP1033,Research & Development,Healthcare Representative,2,37,Female,Active Directory,Read,Leaver,Yes,1,0,0,0,Travel_Rarely,No,3,15,2,60,High
EMP1033,Research & Development,Healthcare Representative,2,37,Female,SAP,Read,Leaver,Yes,1,0,0,0,Travel_Rarely,No,3,15,2,60,High
EMP1033,Research & Development,Healthcare Representative,2,37,Female,SharePoint,Read,Leaver,Yes,1,0,0,0,Travel_Rarely,No,3,15,2,60,High
EMP1033,Research & Development,Healthcare Representative,2,37,Female,ServiceNow,Read,Leaver,Yes,1,0,0,0,Travel_Rarely,No,3,15,2,60,High
EMP1033,Research & Development,Healthcare Representative,2,37,Female,Lab Systems,Read,Leaver,Yes,1,0,0,0,Travel_Rarely,No,3,15,2,60,High
EMP1034,Research & Development,Healthcare Representative,2,55,Male,Active Directory,Read,Stable,No,8,7,6,7,Travel_Frequently,Yes,3,17,3,35,Medium
EMP1034,Research & Development,Healthcare Representative,2,55,Male,SAP,Read,Stable,No,8,7,6,7,Travel_Frequently,Yes,3,17,3,35,Medium
EMP1034,Research & Development,Healthcare Representative,2,55,Male,SharePoint,Read,Stable,No,8,7,6,7,Travel_Frequently,Yes,3,17,3,35,Medium
EMP1034,Research & Development,Healthcare Representative,2,55,Male,ServiceNow,Read,Stable,No,8,7,6,7,Travel_Frequently,Yes,3,17,3,35,Medium
EMP1034,Research & Development,Healthcare Representative,2,55,Male,Lab Systems,Read,Stable,No,8,7,6,7,Travel_Frequently,Yes,3,17,3,35,Medium
EMP1035,Research & Development,Research Director,5,41,Female,Active Directory,Admin,Stable,No,21,16,5,10,Non-Travel,No,4,21,3,45,Medium
EMP1035,Research & Development,Research Director,5,41,Female,SAP,Admin,Stable,No,21,16,5,10,Non-Travel,No,4,21,3,45,Medium
EMP1035,Research & Development,Research Director,5,41,Female,SharePoint,Admin,Stable,No,21,16,5,10,Non-Travel,No,4,21,3,45,Medium
EMP1035,Research & Development,Research Director,5,41,Female,ServiceNow,Admin,Stable,No,21,16,5,10,Non-Travel,No,4,21,3,45,Medium
EMP1035,Research & Development,Research Director,5,41,Female,Lab Systems,Admin,Stable,No,21,16,5,10,Non-Travel,No,4,21,3,45,Medium
EMP1036,Sales,Sales Executive,2,38,Male,Active Directory,Write,Mover,No,1,0,0,0,Travel_Rarely,Yes,3,19,1,60,High
EMP1036,Sales,Sales Executive,2,38,Male,Salesforce,Write,Mover,No,1,0,0,0,Travel_Rarely,Yes,3,19,1,60,High
EMP1036,Sales,Sales Executive,2,38,Male,SharePoint,Write,Mover,No,1,0,0,0,Travel_Rarely,Yes,3,19,1,60,High
EMP1036,Sales,Sales Executive,2,38,Male,ServiceNow,Write,Mover,No,1,0,0,0,Travel_Rarely,Yes,3,19,1,60,High
EMP1036,Sales,Sales Executive,2,38,Male,CRM Portal,Write,Mover,No,1,0,0,0,Travel_Rarely,Yes,3,19,1,60,High
EMP1037,Sales,Sales Executive,2,26,Male,Active Directory,Write,Leaver,Yes,2,2,2,2,Non-Travel,No,3,7,6,55,High
EMP1037,Sales,Sales Executive,2,26,Male,Salesforce,Write,Leaver,Yes,2,2,2,2,Non-Travel,No,3,7,6,55,High
EMP1037,Sales,Sales Executive,2,26,Male,SharePoint,Write,Leaver,Yes,2,2,2,2,Non-Travel,No,3,7,6,55,High
EMP1037,Sales,Sales Executive,2,26,Male,ServiceNow,Write,Leaver,Yes,2,2,2,2,Non-Travel,No,3,7,6,55,High
EMP1037,Sales,Sales Executive,2,26,Male,CRM Portal,Write,Leaver,Yes,2,2,2,2,Non-Travel,No,3,7,6,55,High
EMP1038,Sales,Manager,5,52,Female,Active Directory,Write,Leaver,Yes,32,14,6,9,Travel_Rarely,No,3,33,3,75,Critical
EMP1038,Sales,Manager,5,52,Female,Salesforce,Write,Leaver,Yes,32,14,6,9,Travel_Rarely,No,3,33,3,75,Critical
EMP1038,Sales,Manager,5,52,Female,SharePoint,Write,Leaver,Yes,32,14,6,9,Travel_Rarely,No,3,33,3,75,Critical
EMP1038,Sales,Manager,5,52,Female,ServiceNow,Write,Leaver,Yes,32,14,6,9,Travel_Rarely,No,3,33,3,75,Critical
EMP1038,Sales,Manager,5,52,Female,CRM Portal,Write,Leaver,Yes,32,14,6,9,Travel_Rarely,No,3,33,3,75,Critical
EMP1039,Sales,Sales Executive,4,44,Female,Active Directory,Write,Stable,No,12,11,11,11,Travel_Rarely,Yes,3,23,2,45,Medium
EMP1039,Sales,Sales Executive,4,44,Female,Salesforce,Write,Stable,No,12,11,11,11,Travel_Rarely,Yes,3,23,2,45,Medium
EMP1039,Sales,Sales Executive,4,44,Female,SharePoint,Write,Stable,No,12,11,11,11,Travel_Rarely,Yes,3,23,2,45,Medium
EMP1039,Sales,Sales Executive,4,44,Female,ServiceNow,Write,Stable,No,12,11,11,11,Travel_Rarely,Yes,3,23,2,45,Medium
EMP1039,Sales,Sales Executive,4,44,Female,CRM Portal,Write,Stable,No,12,11,11,11,Travel_Rarely,Yes,3,23,2,45,Medium
EMP1040,Sales,Sales Executive,2,50,Female,Active Directory,Write,Stable,No,18,7,0,13,Non-Travel,No,3,19,3,30,Medium
EMP1040,Sales,Sales Executive,2,50,Female,Salesforce,Write,Stable,No,18,7,0,13,Non-Travel,No,3,19,3,30,Medium
EMP1040,Sales,Sales Executive,2,50,Female,SharePoint,Write,Stable,No,18,7,0,13,Non-Travel,No,3,19,3,30,Medium
EMP1040,Sales,Sales Executive,2,50,Female,ServiceNow,Write,Stable,No,18,7,0,13,Non-Travel,No,3,19,3,30,Medium
EMP1040,Sales,Sales Executive,2,50,Female,CRM Portal,Write,Stable,No,18,7,0,13,Non-Travel,No,3,19,3,30,Medium
EMP1042,Research & Development,Laboratory Technician,1,36,Female,Active Directory,Read,Leaver,Yes,17,13,15,14,Travel_Rarely,No,3,18,1,65,High
EMP1042,Research & Development,Laboratory Technician,1,36,Female,SAP,Read,Leaver,Yes,17,13,15,14,Travel_Rarely,No,3,18,1,65,High
EMP1042,Research & Development,Laboratory Technician,1,36,Female,SharePoint,Read,Leaver,Yes,17,13,15,14,Travel_Rarely,No,3,18,1,65,High
EMP1042,Research & Development,Laboratory Technician,1,36,Female,ServiceNow,Read,Leaver,Yes,17,13,15,14,Travel_Rarely,No,3,18,1,65,High
EMP1042,Research & Development,Laboratory Technician,1,36,Female,Lab Systems,Read,Leaver,Yes,17,13,15,14,Travel_Rarely,No,3,18,1,65,High
EMP1043,Research & Development,Manufacturing Director,3,39,Female,Active Directory,Write,Stable,No,21,6,2,8,Travel_Frequently,Yes,3,21,2,50,High
EMP1043,Research & Development,Manufacturing Director,3,39,Female,SAP,Write,Stable,No,21,6,2,8,Travel_Frequently,Yes,3,21,2,50,High
EMP1043,Research & Development,Manufacturing Director,3,39,Female,SharePoint,Write,Stable,No,21,6,2,8,Travel_Frequently,Yes,3,21,2,50,High
EMP1043,Research & Development,Manufacturing Director,3,39,Female,ServiceNow,Write,Stable,No,21,6,2,8,Travel_Frequently,Yes,3,21,2,50,High
EMP1043,Research & Development,Manufacturing Director,3,39,Female,Lab Systems,Write,Stable,No,21,6,2,8,Travel_Frequently,Yes,3,21,2,50,High
EMP1044,Sales,Sales Representative,1,33,Female,Active Directory,Read,Stable,No,2,2,2,2,Non-Travel,No,3,3,2,5,Low
EMP1044,Sales,Sales Representative,1,33,Female,Salesforce,Read,Stable,No,2,2,2,2,Non-Travel,No,3,3,2,5,Low
EMP1044,Sales,Sales Representative,1,33,Female,SharePoint,Read,Stable,No,2,2,2,2,Non-Travel,No,3,3,2,5,Low
EMP1044,Sales,Sales Representative,1,33,Female,ServiceNow,Read,Stable,No,2,2,2,2,Non-Travel,No,3,3,2,5,Low
EMP1044,Sales,Sales Representative,1,33,Female,CRM Portal,Read,Stable,No,2,2,2,2,Non-Travel,No,3,3,2,5,Low
EMP1045,Sales,Manager,4,45,Female,Active Directory,Write,Stable,No,9,3,1,1,Travel_Rarely,No,3,26,4,40,Medium
EMP1045,Sales,Manager,4,45,Female,Salesforce,Write,Stable,No,9,3,1,1,Travel_Rarely,No,3,26,4,40,Medium
EMP1045,Sales,Manager,4,45,Female,SharePoint,Write,Stable,No,9,3,1,1,Travel_Rarely,No,3,26,4,40,Medium
EMP1045,Sales,Manager,4,45,Female,ServiceNow,Write,Stable,No,9,3,1,1,Travel_Rarely,No,3,26,4,40,Medium
EMP1045,Sales,Manager,4,45,Female,CRM Portal,Write,Stable,No,9,3,1,1,Travel_Rarely,No,3,26,4,40,Medium
EMP1046,Research & Development,Laboratory Technician,1,32,Female,Active Directory,Read,Stable,No,8,7,7,7,Non-Travel,No,3,10,2,15,Low
EMP1046,Research & Development,Laboratory Technician,1,32,Female,SAP,Read,Stable,No,8,7,7,7,Non-Travel,No,3,10,2,15,Low
EMP1046,Research & Development,Laboratory Technician,1,32,Female,SharePoint,Read,Stable,No,8,7,7,7,Non-Travel,No,3,10,2,15,Low
EMP1046,Research & Development,Laboratory Technician,1,32,Female,ServiceNow,Read,Stable,No,8,7,7,7,Non-Travel,No,3,10,2,15,Low
EMP1046,Research & Development,Laboratory Technician,1,32,Female,Lab Systems,Read,Stable,No,8,7,7,7,Non-Travel,No,3,10,2,15,Low
EMP1047,Sales,Sales Executive,2,34,Male,Active Directory,Write,Mover,No,15,1,0,9,Travel_Rarely,No,3,16,2,55,High
EMP1047,Sales,Sales Executive,2,34,Male,Salesforce,Write,Mover,No,15,1,0,9,Travel_Rarely,No,3,16,2,55,High
EMP1047,Sales,Sales Executive,2,34,Male,SharePoint,Write,Mover,No,15,1,0,9,Travel_Rarely,No,3,16,2,55,High
EMP1047,Sales,Sales Executive,2,34,Male,ServiceNow,Write,Mover,No,15,1,0,9,Travel_Rarely,No,3,16,2,55,High
EMP1047,Sales,Sales Executive,2,34,Male,CRM Portal,Write,Mover,No,15,1,0,9,Travel_Rarely,No,3,16,2,55,High
EMP1048,Sales,Manager,3,59,Male,Active Directory,Write,Stable,No,6,4,0,4,Travel_Rarely,Yes,3,14,1,40,Medium
EMP1048,Sales,Manager,3,59,Male,Salesforce,Write,Stable,No,6,4,0,4,Travel_Rarely,Yes,3,14,1,40,Medium
EMP1048,Sales,Manager,3,59,Male,SharePoint,Write,Stable,No,6,4,0,4,Travel_Rarely,Yes,3,14,1,40,Medium
EMP1048,Sales,Manager,3,59,Male,ServiceNow,Write,Stable,No,6,4,0,4,Travel_Rarely,Yes,3,14,1,40,Medium
EMP1048,Sales,Manager,3,59,Male,CRM Portal,Write,Stable,No,6,4,0,4,Travel_Rarely,Yes,3,14,1,40,Medium
EMP1049,Human Resources,Human Resources,1,45,Male,Active Directory,Read,Stable,No,6,3,0,4,Travel_Rarely,No,3,6,3,20,Low
EMP1049,Human Resources,Human Resources,1,45,Male,Workday,Read,Stable,No,6,3,0,4,Travel_Rarely,No,3,6,3,20,Low
EMP1049,Human Resources,Human Resources,1,45,Male,SharePoint,Read,Stable,No,6,3,0,4,Travel_Rarely,No,3,6,3,20,Low
EMP1049,Human Resources,Human Resources,1,45,Male,ServiceNow,Read,Stable,No,6,3,0,4,Travel_Rarely,No,3,6,3,20,Low
EMP1049,Human Resources,Human Resources,1,45,Male,HR Portal,Read,Stable,No,6,3,0,4,Travel_Rarely,No,3,6,3,20,Low
EMP1050,Sales,Sales Executive,3,53,Female,Active Directory,Write,Stable,No,15,7,6,12,Travel_Frequently,No,3,30,2,40,Medium
EMP1050,Sales,Sales Executive,3,53,Female,Salesforce,Write,Stable,No,15,7,6,12,Travel_Frequently,No,3,30,2,40,Medium
EMP1050,Sales,Sales Executive,3,53,Female,SharePoint,Write,Stable,No,15,7,6,12,Travel_Frequently,No,3,30,2,40,Medium
EMP1050,Sales,Sales Executive,3,53,Female,ServiceNow,Write,Stable,No,15,7,6,12,Travel_Frequently,No,3,30,2,40,Medium
EMP1050,Sales,Sales Executive,3,53,Female,CRM Portal,Write,Stable,No,15,7,6,12,Travel_Frequently,No,3,30,2,40,Medium
EMP1052,Research & Development,Laboratory Technician,2,36,Male,Active Directory,Read,Leaver,Yes,1,0,0,0,Travel_Rarely,No,3,9,3,60,High
EMP1052,Research & Development,Laboratory Technician,2,36,Male,SAP,Read,Leaver,Yes,1,0,0,0,Travel_Rarely,No,3,9,3,60,High
EMP1052,Research & Development,Laboratory Technician,2,36,Male,SharePoint,Read,Leaver,Yes,1,0,0,0,Travel_Rarely,No,3,9,3,60,High
EMP1052,Research & Development,Laboratory Technician,2,36,Male,ServiceNow,Read,Leaver,Yes,1,0,0,0,Travel_Rarely,No,3,9,3,60,High
EMP1052,Research & Development,Laboratory Technician,2,36,Male,Lab Systems,Read,Leaver,Yes,1,0,0,0,Travel_Rarely,No,3,9,3,60,High
EMP1053,Research & Development,Research Scientist,1,26,Male,Active Directory,Write,Leaver,Yes,3,2,1,2,Travel_Frequently,Yes,3,6,2,75,Critical
EMP1053,Research & Development,Research Scientist,1,26,Male,SAP,Write,Leaver,Yes,3,2,1,2,Travel_Frequently,Yes,3,6,2,75,Critical
EMP1053,Research & Development,Research Scientist,1,26,Male,SharePoint,Write,Leaver,Yes,3,2,1,2,Travel_Frequently,Yes,3,6,2,75,Critical
EMP1053,Research & Development,Research Scientist,1,26,Male,ServiceNow,Write,Leaver,Yes,3,2,1,2,Travel_Frequently,Yes,3,6,2,75,Critical
EMP1053,Research & Development,Research Scientist,1,26,Male,Lab Systems,Write,Leaver,Yes,3,2,1,2,Travel_Frequently,Yes,3,6,2,75,Critical
EMP1055,Sales,Sales Representative,1,34,Female,Active Directory,Read,Mover,No,1,1,0,0,Travel_Rarely,Yes,3,1,2,50,High
EMP1055,Sales,Sales Representative,1,34,Female,Salesforce,Read,Mover,No,1,1,0,0,Travel_Rarely,Yes,3,1,2,50,High
EMP1055,Sales,Sales Representative,1,34,Female,SharePoint,Read,Mover,No,1,1,0,0,Travel_Rarely,Yes,3,1,2,50,High
EMP1055,Sales,Sales Representative,1,34,Female,ServiceNow,Read,Mover,No,1,1,0,0,Travel_Rarely,Yes,3,1,2,50,High
EMP1055,Sales,Sales Representative,1,34,Female,CRM Portal,Read,Mover,No,1,1,0,0,Travel_Rarely,Yes,3,1,2,50,High
EMP1056,Sales,Sales Representative,1,28,Male,Active Directory,Read,Mover,No,1,0,0,0,Travel_Rarely,No,4,1,5,40,Medium
EMP1056,Sales,Sales Representative,1,28,Male,Salesforce,Read,Mover,No,1,0,0,0,Travel_Rarely,No,4,1,5,40,Medium
EMP1056,Sales,Sales Representative,1,28,Male,SharePoint,Read,Mover,No,1,0,0,0,Travel_Rarely,No,4,1,5,40,Medium
EMP1056,Sales,Sales Representative,1,28,Male,ServiceNow,Read,Mover,No,1,0,0,0,Travel_Rarely,No,4,1,5,40,Medium
EMP1056,Sales,Sales Representative,1,28,Male,CRM Portal,Read,Mover,No,1,0,0,0,Travel_Rarely,No,4,1,5,40,Medium
EMP1060,Research & Development,Research Scientist,1,38,Male,Active Directory,Write,Stable,No,2,2,2,2,Travel_Frequently,No,3,8,2,25,Low
EMP1060,Research & Development,Research Scientist,1,38,Male,SAP,Write,Stable,No,2,2,2,2,Travel_Frequently,No,3,8,2,25,Low
EMP1060,Research & Development,Research Scientist,1,38,Male,SharePoint,Write,Stable,No,2,2,2,2,Travel_Frequently,No,3,8,2,25,Low
EMP1060,Research & Development,Research Scientist,1,38,Male,ServiceNow,Write,Stable,No,2,2,2,2,Travel_Frequently,No,3,8,2,25,Low
EMP1060,Research & Development,Research Scientist,1,38,Male,Lab Systems,Write,Stable,No,2,2,2,2,Travel_Frequently,No,3,8,2,25,Low
EMP1061,Research & Development,Research Director,5,50,Male,Active Directory,Admin,Mover,No,8,1,7,7,Travel_Rarely,Yes,3,29,2,75,Critical
EMP1061,Research & Development,Research Director,5,50,Male,SAP,Admin,Mover,No,8,1,7,7,Travel_Rarely,Yes,3,29,2,75,Critical
EMP1061,Research & Development,Research Director,5,50,Male,SharePoint,Admin,Mover,No,8,1,7,7,Travel_Rarely,Yes,3,29,2,75,Critical
EMP1061,Research & Development,Research Director,5,50,Male,ServiceNow,Admin,Mover,No,8,1,7,7,Travel_Rarely,Yes,3,29,2,75,Critical
EMP1061,Research & Development,Research Director,5,50,Male,Lab Systems,Admin,Mover,No,8,1,7,7,Travel_Rarely,Yes,3,29,2,75,Critical
EMP1062,Research & Development,Healthcare Representative,2,37,Female,Active Directory,Read,Stable,No,4,3,0,1,Travel_Rarely,No,3,8,3,20,Low
EMP1062,Research & Development,Healthcare Representative,2,37,Female,SAP,Read,Stable,No,4,3,0,1,Travel_Rarely,No,3,8,3,20,Low
EMP1062,Research & Development,Healthcare Representative,2,37,Female,SharePoint,Read,Stable,No,4,3,0,1,Travel_Rarely,No,3,8,3,20,Low
EMP1062,Research & Development,Healthcare Representative,2,37,Female,ServiceNow,Read,Stable,No,4,3,0,1,Travel_Rarely,No,3,8,3,20,Low
EMP1062,Research & Development,Healthcare Representative,2,37,Female,Lab Systems,Read,Stable,No,4,3,0,1,Travel_Rarely,No,3,8,3,20,Low
EMP1066,Sales,Sales Executive,2,40,Male,Active Directory,Write,Stable,No,7,7,7,5,Travel_Rarely,No,3,8,3,30,Medium
EMP1066,Sales,Sales Executive,2,40,Male,Salesforce,Write,Stable,No,7,7,7,5,Travel_Rarely,No,3,8,3,30,Medium
EMP1066,Sales,Sales Executive,2,40,Male,SharePoint,Write,Stable,No,7,7,7,5,Travel_Rarely,No,3,8,3,30,Medium
EMP1066,Sales,Sales Executive,2,40,Male,ServiceNow,Write,Stable,No,7,7,7,5,Travel_Rarely,No,3,8,3,30,Medium
EMP1066,Sales,Sales Executive,2,40,Male,CRM Portal,Write,Stable,No,7,7,7,5,Travel_Rarely,No,3,8,3,30,Medium
EMP1068,Research & Development,Research Scientist,1,26,Female,Active Directory,Write,Stable,No,5,3,1,3,Travel_Frequently,No,3,5,5,25,Low
EMP1068,Research & Development,Research Scientist,1,26,Female,SAP,Write,Stable,No,5,3,1,3,Travel_Frequently,No,3,5,5,25,Low
EMP1068,Research & Development,Research Scientist,1,26,Female,SharePoint,Write,Stable,No,5,3,1,3,Travel_Frequently,No,3,5,5,25,Low
EMP1068,Research & Development,Research Scientist,1,26,Female,ServiceNow,Write,Stable,No,5,3,1,3,Travel_Frequently,No,3,5,5,25,Low
EMP1068,Research & Development,Research Scientist,1,26,Female,Lab Systems,Write,Stable,No,5,3,1,3,Travel_Frequently,No,3,5,5,25,Low
EMP1069,Research & Development,Research Director,5,46,Male,Active Directory,Admin,Stable,No,2,2,2,2,Travel_Rarely,No,3,23,0,35,Medium
EMP1069,Research & Development,Research Director,5,46,Male,SAP,Admin,Stable,No,2,2,2,2,Travel_Rarely,No,3,23,0,35,Medium
EMP1069,Research & Development,Research Director,5,46,Male,SharePoint,Admin,Stable,No,2,2,2,2,Travel_Rarely,No,3,23,0,35,Medium
EMP1069,Research & Development,Research Director,5,46,Male,ServiceNow,Admin,Stable,No,2,2,2,2,Travel_Rarely,No,3,23,0,35,Medium
EMP1069,Research & Development,Research Director,5,46,Male,Lab Systems,Admin,Stable,No,2,2,2,2,Travel_Rarely,No,3,23,0,35,Medium
EMP1070,Sales,Sales Executive,3,54,Female,Active Directory,Write,Stable,No,9,4,7,0,Travel_Rarely,No,3,13,4,40,Medium
EMP1070,Sales,Sales Executive,3,54,Female,Salesforce,Write,Stable,No,9,4,7,0,Travel_Rarely,No,3,13,4,40,Medium
EMP1070,Sales,Sales Executive,3,54,Female,SharePoint,Write,Stable,No,9,4,7,0,Travel_Rarely,No,3,13,4,40,Medium
EMP1070,Sales,Sales Executive,3,54,Female,ServiceNow,Write,Stable,No,9,4,7,0,Travel_Rarely,No,3,13,4,40,Medium
EMP1070,Sales,Sales Executive,3,54,Female,CRM Portal,Write,Stable,No,9,4,7,0,Travel_Rarely,No,3,13,4,40,Medium
EMP1071,Research & Development,Research Scientist,1,56,Female,Active Directory,Write,Stable,No,5,4,0,3,Travel_Frequently,No,3,18,4,25,Low
EMP1071,Research & Development,Research Scientist,1,56,Female,SAP,Write,Stable,No,5,4,0,3,Travel_Frequently,No,3,18,4,25,Low
EMP1071,Research & Development,Research Scientist,1,56,Female,SharePoint,Write,Stable,No,5,4,0,3,Travel_Frequently,No,3,18,4,25,Low
EMP1071,Research & Development,Research Scientist,1,56,Female,ServiceNow,Write,Stable,No,5,4,0,3,Travel_Frequently,No,3,18,4,25,Low
EMP1071,Research & Development,Research Scientist,1,56,Female,Lab Systems,Write,Stable,No,5,4,0,3,Travel_Frequently,No,3,18,4,25,Low
EMP1073,Research & Development,Manufacturing Director,3,36,Female,Active Directory,Write,Stable,No,14,8,7,8,Travel_Rarely,No,3,15,2,35,Medium
EMP1073,Research & Development,Manufacturing Director,3,36,Female,SAP,Write,Stable,No,14,8,7,8,Travel_Rarely,No,3,15,2,35,Medium
EMP1073,Research & Development,Manufacturing Director,3,36,Female,SharePoint,Write,Stable,No,14,8,7,8,Travel_Rarely,No,3,15,2,35,Medium
EMP1073,Research & Development,Manufacturing Director,3,36,Female,ServiceNow,Write,Stable,No,14,8,7,8,Travel_Rarely,No,3,15,2,35,Medium
EMP1073,Research & Development,Manufacturing Director,3,36,Female,Lab Systems,Write,Stable,No,14,8,7,8,Travel_Rarely,No,3,15,2,35,Medium
EMP1074,Research & Development,Manager,4,55,Male,Active Directory,Write,Stable,No,9,7,6,2,Non-Travel,No,3,31,3,25,Low
EMP1074,Research & Development,Manager,4,55,Male,SAP,Write,Stable,No,9,7,6,2,Non-Travel,No,3,31,3,25,Low
EMP1074,Research & Development,Manager,4,55,Male,SharePoint,Write,Stable,No,9,7,6,2,Non-Travel,No,3,31,3,25,Low
EMP1074,Research & Development,Manager,4,55,Male,ServiceNow,Write,Stable,No,9,7,6,2,Non-Travel,No,3,31,3,25,Low
EMP1074,Research & Development,Manager,4,55,Male,Lab Systems,Write,Stable,No,9,7,6,2,Non-Travel,No,3,31,3,25,Low
EMP1076,Sales,Sales Executive,3,43,Male,Active Directory,Write,Mover,No,1,0,0,0,Travel_Rarely,No,3,18,5,50,High
EMP1076,Sales,Sales Executive,3,43,Male,Salesforce,Write,Mover,No,1,0,0,0,Travel_Rarely,No,3,18,5,50,High
EMP1076,Sales,Sales Executive,3,43,Male,SharePoint,Write,Mover,No,1,0,0,0,Travel_Rarely,No,3,18,5,50,High
EMP1076,Sales,Sales Executive,3,43,Male,ServiceNow,Write,Mover,No,1,0,0,0,Travel_Rarely,No,3,18,5,50,High
EMP1076,Sales,Sales Executive,3,43,Male,CRM Portal,Write,Mover,No,1,0,0,0,Travel_Rarely,No,3,18,5,50,High
EMP1077,Sales,Sales Representative,1,20,Female,Active Directory,Read,Leaver,Yes,2,2,0,2,Travel_Frequently,Yes,3,2,3,65,High
EMP1077,Sales,Sales Representative,1,20,Female,Salesforce,Read,Leaver,Yes,2,2,0,2,Travel_Frequently,Yes,3,2,3,65,High
EMP1077,Sales,Sales Representative,1,20,Female,SharePoint,Read,Leaver,Yes,2,2,0,2,Travel_Frequently,Yes,3,2,3,65,High
EMP1077,Sales,Sales Representative,1,20,Female,ServiceNow,Read,Leaver,Yes,2,2,0,2,Travel_Frequently,Yes,3,2,3,65,High
EMP1077,Sales,Sales Representative,1,20,Female,CRM Portal,Read,Leaver,Yes,2,2,0,2,Travel_Frequently,Yes,3,2,3,65,High
EMP1079,Research & Development,Laboratory Technician,1,21,Female,Active Directory,Read,Leaver,Yes,1,0,1,0,Travel_Rarely,No,3,1,6,60,High
EMP1079,Research & Development,Laboratory Technician,1,21,Female,SAP,Read,Leaver,Yes,1,0,1,0,Travel_Rarely,No,3,1,6,60,High
EMP1079,Research & Development,Laboratory Technician,1,21,Female,SharePoint,Read,Leaver,Yes,1,0,1,0,Travel_Rarely,No,3,1,6,60,High
EMP1079,Research & Development,Laboratory Technician,1,21,Female,ServiceNow,Read,Leaver,Yes,1,0,1,0,Travel_Rarely,No,3,1,6,60,High
EMP1079,Research & Development,Laboratory Technician,1,21,Female,Lab Systems,Read,Leaver,Yes,1,0,1,0,Travel_Rarely,No,3,1,6,60,High
EMP1080,Research & Development,Research Scientist,2,46,Female,Active Directory,Write,Stable,No,16,13,1,7,Travel_Rarely,Yes,4,19,2,45,Medium
EMP1080,Research & Development,Research Scientist,2,46,Female,SAP,Write,Stable,No,16,13,1,7,Travel_Rarely,Yes,4,19,2,45,Medium
EMP1080,Research & Development,Research Scientist,2,46,Female,SharePoint,Write,Stable,No,16,13,1,7,Travel_Rarely,Yes,4,19,2,45,Medium
EMP1080,Research & Development,Research Scientist,2,46,Female,ServiceNow,Write,Stable,No,16,13,1,7,Travel_Rarely,Yes,4,19,2,45,Medium
EMP1080,Research & Development,Research Scientist,2,46,Female,Lab Systems,Write,Stable,No,16,13,1,7,Travel_Rarely,Yes,4,19,2,45,Medium
EMP1081,Research & Development,Research Scientist,1,51,Male,Active Directory,Write,Leaver,Yes,10,0,2,7,Travel_Rarely,Yes,3,18,2,80,Critical
EMP1081,Research & Development,Research Scientist,1,51,Male,SAP,Write,Leaver,Yes,10,0,2,7,Travel_Rarely,Yes,3,18,2,80,Critical
EMP1081,Research & Development,Research Scientist,1,51,Male,SharePoint,Write,Leaver,Yes,10,0,2,7,Travel_Rarely,Yes,3,18,2,80,Critical
EMP1081,Research & Development,Research Scientist,1,51,Male,ServiceNow,Write,Leaver,Yes,10,0,2,7,Travel_Rarely,Yes,3,18,2,80,Critical
EMP1081,Research & Development,Research Scientist,1,51,Male,Lab Systems,Write,Leaver,Yes,10,0,2,7,Travel_Rarely,Yes,3,18,2,80,Critical
EMP1082,Research & Development,Healthcare Representative,3,28,Male,Active Directory,Read,Leaver,Yes,10,7,1,9,Non-Travel,No,3,10,2,55,High
EMP1082,Research & Development,Healthcare Representative,3,28,Male,SAP,Read,Leaver,Yes,10,7,1,9,Non-Travel,No,3,10,2,55,High
EMP1082,Research & Development,Healthcare Representative,3,28,Male,SharePoint,Read,Leaver,Yes,10,7,1,9,Non-Travel,No,3,10,2,55,High
EMP1082,Research & Development,Healthcare Representative,3,28,Male,ServiceNow,Read,Leaver,Yes,10,7,1,9,Non-Travel,No,3,10,2,55,High
EMP1082,Research & Development,Healthcare Representative,3,28,Male,Lab Systems,Read,Leaver,Yes,10,7,1,9,Non-Travel,No,3,10,2,55,High
EMP1083,Research & Development,Laboratory Technician,1,26,Male,Active Directory,Read,Stable,No,5,3,1,3,Travel_Rarely,No,3,6,2,10,Low
EMP1083,Research & Development,Laboratory Technician,1,26,Male,SAP,Read,Stable,No,5,3,1,3,Travel_Rarely,No,3,6,2,10,Low
EMP1083,Research & Development,Laboratory Technician,1,26,Male,SharePoint,Read,Stable,No,5,3,1,3,Travel_Rarely,No,3,6,2,10,Low
EMP1083,Research & Development,Laboratory Technician,1,26,Male,ServiceNow,Read,Stable,No,5,3,1,3,Travel_Rarely,No,3,6,2,10,Low
EMP1083,Research & Development,Laboratory Technician,1,26,Male,Lab Systems,Read,Stable,No,5,3,1,3,Travel_Rarely,No,3,6,2,10,Low
EMP1084,Research & Development,Manufacturing Director,2,30,Male,Active Directory,Write,Stable,No,6,2,0,2,Travel_Rarely,No,3,7,1,30,Medium
EMP1084,Research & Development,Manufacturing Director,2,30,Male,SAP,Write,Stable,No,6,2,0,2,Travel_Rarely,No,3,7,1,30,Medium
EMP1084,Research & Development,Manufacturing Director,2,30,Male,SharePoint,Write,Stable,No,6,2,0,2,Travel_Rarely,No,3,7,1,30,Medium
EMP1084,Research & Development,Manufacturing Director,2,30,Male,ServiceNow,Write,Stable,No,6,2,0,2,Travel_Rarely,No,3,7,1,30,Medium
EMP1084,Research & Development,Manufacturing Director,2,30,Male,Lab Systems,Write,Stable,No,6,2,0,2,Travel_Rarely,No,3,7,1,30,Medium
EMP1085,Research & Development,Research Scientist,1,41,Female,Active Directory,Write,Stable,No,10,6,0,8,Travel_Rarely,No,3,10,3,30,Medium
EMP1085,Research & Development,Research Scientist,1,41,Female,SAP,Write,Stable,No,10,6,0,8,Travel_Rarely,No,3,10,3,30,Medium
EMP1085,Research & Development,Research Scientist,1,41,Female,SharePoint,Write,Stable,No,10,6,0,8,Travel_Rarely,No,3,10,3,30,Medium
EMP1085,Research & Development,Research Scientist,1,41,Female,ServiceNow,Write,Stable,No,10,6,0,8,Travel_Rarely,No,3,10,3,30,Medium
EMP1085,Research & Development,Research Scientist,1,41,Female,Lab Systems,Write,Stable,No,10,6,0,8,Travel_Rarely,No,3,10,3,30,Medium
EMP1088,Research & Development,Healthcare Representative,3,38,Female,Active Directory,Read,Stable,No,19,9,1,9,Travel_Rarely,No,3,20,4,25,Low
EMP1088,Research & Development,Healthcare Representative,3,38,Female,SAP,Read,Stable,No,19,9,1,9,Travel_Rarely,No,3,20,4,25,Low
EMP1088,Research & Development,Healthcare Representative,3,38,Female,SharePoint,Read,Stable,No,19,9,1,9,Travel_Rarely,No,3,20,4,25,Low
EMP1088,Research & Development,Healthcare Representative,3,38,Female,ServiceNow,Read,Stable,No,19,9,1,9,Travel_Rarely,No,3,20,4,25,Low
EMP1088,Research & Development,Healthcare Representative,3,38,Female,Lab Systems,Read,Stable,No,19,9,1,9,Travel_Rarely,No,3,20,4,25,Low
EMP1092,Research & Development,Healthcare Representative,3,40,Male,Active Directory,Read,Stable,No,11,10,11,1,Travel_Rarely,No,4,14,6,35,Medium
EMP1092,Research & Development,Healthcare Representative,3,40,Male,SAP,Read,Stable,No,11,10,11,1,Travel_Rarely,No,4,14,6,35,Medium
EMP1092,Research & Development,Healthcare Representative,3,40,Male,SharePoint,Read,Stable,No,11,10,11,1,Travel_Rarely,No,4,14,6,35,Medium
EMP1092,Research & Development,Healthcare Representative,3,40,Male,ServiceNow,Read,Stable,No,11,10,11,1,Travel_Rarely,No,4,14,6,35,Medium
EMP1092,Research & Development,Healthcare Representative,3,40,Male,Lab Systems,Read,Stable,No,11,10,11,1,Travel_Rarely,No,4,14,6,35,Medium
EMP1094,Research & Development,Laboratory Technician,1,27,Male,Active Directory,Read,Stable,No,3,2,1,2,Non-Travel,No,3,3,4,5,Low
EMP1094,Research & Development,Laboratory Technician,1,27,Male,SAP,Read,Stable,No,3,2,1,2,Non-Travel,No,3,3,4,5,Low
EMP1094,Research & Development,Laboratory Technician,1,27,Male,SharePoint,Read,Stable,No,3,2,1,2,Non-Travel,No,3,3,4,5,Low
EMP1094,Research & Development,Laboratory Technician,1,27,Male,ServiceNow,Read,Stable,No,3,2,1,2,Non-Travel,No,3,3,4,5,Low
EMP1094,Research & Development,Laboratory Technician,1,27,Male,Lab Systems,Read,Stable,No,3,2,1,2,Non-Travel,No,3,3,4,5,Low
EMP1096,Research & Development,Manufacturing Director,3,55,Male,Active Directory,Write,Stable,No,3,2,1,2,Travel_Frequently,No,3,23,4,25,Low
EMP1096,Research & Development,Manufacturing Director,3,55,Male,SAP,Write,Stable,No,3,2,1,2,Travel_Frequently,No,3,23,4,25,Low
EMP1096,Research & Development,Manufacturing Director,3,55,Male,SharePoint,Write,Stable,No,3,2,1,2,Travel_Frequently,No,3,23,4,25,Low
EMP1096,Research & Development,Manufacturing Director,3,55,Male,ServiceNow,Write,Stable,No,3,2,1,2,Travel_Frequently,No,3,23,4,25,Low
EMP1096,Research & Development,Manufacturing Director,3,55,Male,Lab Systems,Write,Stable,No,3,2,1,2,Travel_Frequently,No,3,23,4,25,Low
EMP1097,Research & Development,Research Scientist,2,28,Female,Active Directory,Write,Stable,No,8,7,1,7,Travel_Rarely,No,3,10,4,30,Medium
EMP1097,Research & Development,Research Scientist,2,28,Female,SAP,Write,Stable,No,8,7,1,7,Travel_Rarely,No,3,10,4,30,Medium
EMP1097,Research & Development,Research Scientist,2,28,Female,SharePoint,Write,Stable,No,8,7,1,7,Travel_Rarely,No,3,10,4,30,Medium
EMP1097,Research & Development,Research Scientist,2,28,Female,ServiceNow,Write,Stable,No,8,7,1,7,Travel_Rarely,No,3,10,4,30,Medium
EMP1097,Research & Development,Research Scientist,2,28,Female,Lab Systems,Write,Stable,No,8,7,1,7,Travel_Rarely,No,3,10,4,30,Medium
EMP1098,Human Resources,Human Resources,3,44,Male,Active Directory,Read,Leaver,Yes,20,6,3,6,Travel_Rarely,No,3,24,1,65,High
EMP1098,Human Resources,Human Resources,3,44,Male,Workday,Read,Leaver,Yes,20,6,3,6,Travel_Rarely,No,3,24,1,65,High
EMP1098,Human Resources,Human Resources,3,44,Male,SharePoint,Read,Leaver,Yes,20,6,3,6,Travel_Rarely,No,3,24,1,65,High
EMP1098,Human Resources,Human Resources,3,44,Male,ServiceNow,Read,Leaver,Yes,20,6,3,6,Travel_Rarely,No,3,24,1,65,High
EMP1098,Human Resources,Human Resources,3,44,Male,HR Portal,Read,Leaver,Yes,20,6,3,6,Travel_Rarely,No,3,24,1,65,High
EMP1099,Research & Development,Healthcare Representative,3,33,Male,Active Directory,Read,Stable,No,3,2,1,2,Travel_Rarely,No,3,9,2,10,Low
EMP1099,Research & Development,Healthcare Representative,3,33,Male,SAP,Read,Stable,No,3,2,1,2,Travel_Rarely,No,3,9,2,10,Low
EMP1099,Research & Development,Healthcare Representative,3,33,Male,SharePoint,Read,Stable,No,3,2,1,2,Travel_Rarely,No,3,9,2,10,Low
EMP1099,Research & Development,Healthcare Representative,3,33,Male,ServiceNow,Read,Stable,No,3,2,1,2,Travel_Rarely,No,3,9,2,10,Low
EMP1099,Research & Development,Healthcare Representative,3,33,Male,Lab Systems,Read,Stable,No,3,2,1,2,Travel_Rarely,No,3,9,2,10,Low
EMP1100,Sales,Sales Executive,3,35,Male,Active Directory,Write,Leaver,Yes,8,7,4,7,Travel_Rarely,Yes,4,9,2,80,Critical
EMP1100,Sales,Sales Executive,3,35,Male,Salesforce,Write,Leaver,Yes,8,7,4,7,Travel_Rarely,Yes,4,9,2,80,Critical
EMP1100,Sales,Sales Executive,3,35,Male,SharePoint,Write,Leaver,Yes,8,7,4,7,Travel_Rarely,Yes,4,9,2,80,Critical
EMP1100,Sales,Sales Executive,3,35,Male,ServiceNow,Write,Leaver,Yes,8,7,4,7,Travel_Rarely,Yes,4,9,2,80,Critical
EMP1100,Sales,Sales Executive,3,35,Male,CRM Portal,Write,Leaver,Yes,8,7,4,7,Travel_Rarely,Yes,4,9,2,80,Critical
EMP1101,Research & Development,Research Scientist,2,33,Female,Active Directory,Write,Leaver,Yes,13,7,3,8,Travel_Frequently,No,4,14,4,80,Critical
EMP1101,Research & Development,Research Scientist,2,33,Female,SAP,Write,Leaver,Yes,13,7,3,8,Travel_Frequently,No,4,14,4,80,Critical
EMP1101,Research & Development,Research Scientist,2,33,Female,SharePoint,Write,Leaver,Yes,13,7,3,8,Travel_Frequently,No,4,14,4,80,Critical
EMP1101,Research & Development,Research Scientist,2,33,Female,ServiceNow,Write,Leaver,Yes,13,7,3,8,Travel_Frequently,No,4,14,4,80,Critical
EMP1101,Research & Development,Research Scientist,2,33,Female,Lab Systems,Write,Leaver,Yes,13,7,3,8,Travel_Frequently,No,4,14,4,80,Critical
EMP1102,Research & Development,Laboratory Technician,1,28,Male,Active Directory,Read,Stable,No,4,2,2,2,Travel_Rarely,No,3,4,5,10,Low
EMP1102,Research & Development,Laboratory Technician,1,28,Male,SAP,Read,Stable,No,4,2,2,2,Travel_Rarely,No,3,4,5,10,Low
EMP1102,Research & Development,Laboratory Technician,1,28,Male,SharePoint,Read,Stable,No,4,2,2,2,Travel_Rarely,No,3,4,5,10,Low
EMP1102,Research & Development,Laboratory Technician,1,28,Male,ServiceNow,Read,Stable,No,4,2,2,2,Travel_Rarely,No,3,4,5,10,Low
EMP1102,Research & Development,Laboratory Technician,1,28,Male,Lab Systems,Read,Stable,No,4,2,2,2,Travel_Rarely,No,3,4,5,10,Low
EMP1103,Research & Development,Healthcare Representative,2,34,Male,Active Directory,Read,Stable,No,6,2,0,4,Travel_Frequently,No,3,7,1,25,Low
EMP1103,Research & Development,Healthcare Representative,2,34,Male,SAP,Read,Stable,No,6,2,0,4,Travel_Frequently,No,3,7,1,25,Low
EMP1103,Research & Development,Healthcare Representative,2,34,Male,SharePoint,Read,Stable,No,6,2,0,4,Travel_Frequently,No,3,7,1,25,Low
EMP1103,Research & Development,Healthcare Representative,2,34,Male,ServiceNow,Read,Stable,No,6,2,0,4,Travel_Frequently,No,3,7,1,25,Low
EMP1103,Research & Development,Healthcare Representative,2,34,Male,Lab Systems,Read,Stable,No,6,2,0,4,Travel_Frequently,No,3,7,1,25,Low
EMP1105,Sales,Sales Executive,2,37,Female,Active Directory,Write,Mover,No,1,0,0,0,Travel_Rarely,Yes,3,8,5,60,High
EMP1105,Sales,Sales Executive,2,37,Female,Salesforce,Write,Mover,No,1,0,0,0,Travel_Rarely,Yes,3,8,5,60,High
EMP1105,Sales,Sales Executive,2,37,Female,SharePoint,Write,Mover,No,1,0,0,0,Travel_Rarely,Yes,3,8,5,60,High
EMP1105,Sales,Sales Executive,2,37,Female,ServiceNow,Write,Mover,No,1,0,0,0,Travel_Rarely,Yes,3,8,5,60,High
EMP1105,Sales,Sales Executive,2,37,Female,CRM Portal,Write,Mover,No,1,0,0,0,Travel_Rarely,Yes,3,8,5,60,High
EMP1106,Research & Development,Laboratory Technician,1,25,Male,Active Directory,Read,Leaver,Yes,7,7,5,6,Travel_Rarely,Yes,3,7,3,70,Critical
EMP1106,Research & Development,Laboratory Technician,1,25,Male,SAP,Read,Leaver,Yes,7,7,5,6,Travel_Rarely,Yes,3,7,3,70,Critical
EMP1106,Research & Development,Laboratory Technician,1,25,Male,SharePoint,Read,Leaver,Yes,7,7,5,6,Travel_Rarely,Yes,3,7,3,70,Critical
EMP1106,Research & Development,Laboratory Technician,1,25,Male,ServiceNow,Read,Leaver,Yes,7,7,5,6,Travel_Rarely,Yes,3,7,3,70,Critical
EMP1106,Research & Development,Laboratory Technician,1,25,Male,Lab Systems,Read,Leaver,Yes,7,7,5,6,Travel_Rarely,Yes,3,7,3,70,Critical
EMP1107,Research & Development,Laboratory Technician,1,26,Male,Active Directory,Read,Leaver,Yes,1,1,0,0,Travel_Rarely,No,4,1,0,60,High
EMP1107,Research & Development,Laboratory Technician,1,26,Male,SAP,Read,Leaver,Yes,1,1,0,0,Travel_Rarely,No,4,1,0,60,High
EMP1107,Research & Development,Laboratory Technician,1,26,Male,SharePoint,Read,Leaver,Yes,1,1,0,0,Travel_Rarely,No,4,1,0,60,High
EMP1107,Research & Development,Laboratory Technician,1,26,Male,ServiceNow,Read,Leaver,Yes,1,1,0,0,Travel_Rarely,No,4,1,0,60,High
EMP1107,Research & Development,Laboratory Technician,1,26,Male,Lab Systems,Read,Leaver,Yes,1,1,0,0,Travel_Rarely,No,4,1,0,60,High
EMP1108,Research & Development,Research Scientist,1,33,Male,Active Directory,Write,Leaver,Yes,2,2,2,2,Travel_Rarely,Yes,4,5,0,70,Critical
EMP1108,Research & Development,Research Scientist,1,33,Male,SAP,Write,Leaver,Yes,2,2,2,2,Travel_Rarely,Yes,4,5,0,70,Critical
EMP1108,Research & Development,Research Scientist,1,33,Male,SharePoint,Write,Leaver,Yes,2,2,2,2,Travel_Rarely,Yes,4,5,0,70,Critical
EMP1108,Research & Development,Research Scientist,1,33,Male,ServiceNow,Write,Leaver,Yes,2,2,2,2,Travel_Rarely,Yes,4,5,0,70,Critical
EMP1108,Research & Development,Research Scientist,1,33,Male,Lab Systems,Write,Leaver,Yes,2,2,2,2,Travel_Rarely,Yes,4,5,0,70,Critical
EMP1109,Research & Development,Manager,4,42,Male,Active Directory,Write,Stable,No,22,6,13,7,Travel_Rarely,No,3,23,3,35,Medium
EMP1109,Research & Development,Manager,4,42,Male,SAP,Write,Stable,No,22,6,13,7,Travel_Rarely,No,3,23,3,35,Medium
EMP1109,Research & Development,Manager,4,42,Male,SharePoint,Write,Stable,No,22,6,13,7,Travel_Rarely,No,3,23,3,35,Medium
EMP1109,Research & Development,Manager,4,42,Male,ServiceNow,Write,Stable,No,22,6,13,7,Travel_Rarely,No,3,23,3,35,Medium
EMP1109,Research & Development,Manager,4,42,Male,Lab Systems,Write,Stable,No,22,6,13,7,Travel_Rarely,No,3,23,3,35,Medium
EMP1111,Research & Development,Laboratory Technician,1,28,Male,Active Directory,Read,Leaver,Yes,1,0,0,0,Travel_Frequently,No,3,1,2,65,High
EMP1111,Research & Development,Laboratory Technician,1,28,Male,SAP,Read,Leaver,Yes,1,0,0,0,Travel_Frequently,No,3,1,2,65,High
EMP1111,Research & Development,Laboratory Technician,1,28,Male,SharePoint,Read,Leaver,Yes,1,0,0,0,Travel_Frequently,No,3,1,2,65,High
EMP1111,Research & Development,Laboratory Technician,1,28,Male,ServiceNow,Read,Leaver,Yes,1,0,0,0,Travel_Frequently,No,3,1,2,65,High
EMP1111,Research & Development,Laboratory Technician,1,28,Male,Lab Systems,Read,Leaver,Yes,1,0,0,0,Travel_Frequently,No,3,1,2,65,High
EMP1113,Sales,Sales Executive,2,50,Male,Active Directory,Write,Leaver,Yes,0,0,0,0,Travel_Frequently,Yes,3,5,4,85,Critical
EMP1113,Sales,Sales Executive,2,50,Male,Salesforce,Write,Leaver,Yes,0,0,0,0,Travel_Frequently,Yes,3,5,4,85,Critical
EMP1113,Sales,Sales Executive,2,50,Male,SharePoint,Write,Leaver,Yes,0,0,0,0,Travel_Frequently,Yes,3,5,4,85,Critical
EMP1113,Sales,Sales Executive,2,50,Male,ServiceNow,Write,Leaver,Yes,0,0,0,0,Travel_Frequently,Yes,3,5,4,85,Critical
EMP1113,Sales,Sales Executive,2,50,Male,CRM Portal,Write,Leaver,Yes,0,0,0,0,Travel_Frequently,Yes,3,5,4,85,Critical
EMP1114,Sales,Sales Executive,2,33,Female,Active Directory,Write,Stable,No,3,2,0,2,Travel_Frequently,No,3,4,3,25,Low
EMP1114,Sales,Sales Executive,2,33,Female,Salesforce,Write,Stable,No,3,2,0,2,Travel_Frequently,No,3,4,3,25,Low
EMP1114,Sales,Sales Executive,2,33,Female,SharePoint,Write,Stable,No,3,2,0,2,Travel_Frequently,No,3,4,3,25,Low
EMP1114,Sales,Sales Executive,2,33,Female,ServiceNow,Write,Stable,No,3,2,0,2,Travel_Frequently,No,3,4,3,25,Low
EMP1114,Sales,Sales Executive,2,33,Female,CRM Portal,Write,Stable,No,3,2,0,2,Travel_Frequently,No,3,4,3,25,Low
EMP1115,Research & Development,Research Scientist,1,34,Male,Active Directory,Write,Mover,No,0,0,0,0,Non-Travel,No,3,6,2,45,Medium
EMP1115,Research & Development,Research Scientist,1,34,Male,SAP,Write,Mover,No,0,0,0,0,Non-Travel,No,3,6,2,45,Medium
EMP1115,Research & Development,Research Scientist,1,34,Male,SharePoint,Write,Mover,No,0,0,0,0,Non-Travel,No,3,6,2,45,Medium
EMP1115,Research & Development,Research Scientist,1,34,Male,ServiceNow,Write,Mover,No,0,0,0,0,Non-Travel,No,3,6,2,45,Medium
EMP1115,Research & Development,Research Scientist,1,34,Male,Lab Systems,Write,Mover,No,0,0,0,0,Non-Travel,No,3,6,2,45,Medium
EMP1116,Research & Development,Manager,4,48,Male,Active Directory,Write,Stable,No,5,4,2,1,Non-Travel,No,4,27,3,25,Low
EMP1116,Research & Development,Manager,4,48,Male,SAP,Write,Stable,No,5,4,2,1,Non-Travel,No,4,27,3,25,Low
EMP1116,Research & Development,Manager,4,48,Male,SharePoint,Write,Stable,No,5,4,2,1,Non-Travel,No,4,27,3,25,Low
EMP1116,Research & Development,Manager,4,48,Male,ServiceNow,Write,Stable,No,5,4,2,1,Non-Travel,No,4,27,3,25,Low
EMP1116,Research & Development,Manager,4,48,Male,Lab Systems,Write,Stable,No,5,4,2,1,Non-Travel,No,4,27,3,25,Low
EMP1117,Sales,Sales Executive,2,45,Female,Active Directory,Write,Stable,No,15,10,4,12,Non-Travel,No,3,15,2,30,Medium
EMP1117,Sales,Sales Executive,2,45,Female,Salesforce,Write,Stable,No,15,10,4,12,Non-Travel,No,3,15,2,30,Medium
EMP1117,Sales,Sales Executive,2,45,Female,SharePoint,Write,Stable,No,15,10,4,12,Non-Travel,No,3,15,2,30,Medium
EMP1117,Sales,Sales Executive,2,45,Female,ServiceNow,Write,Stable,No,15,10,4,12,Non-Travel,No,3,15,2,30,Medium
EMP1117,Sales,Sales Executive,2,45,Female,CRM Portal,Write,Stable,No,15,10,4,12,Non-Travel,No,3,15,2,30,Medium
EMP1118,Research & Development,Healthcare Representative,3,52,Male,Active Directory,Read,Stable,No,8,6,4,0,Travel_Rarely,No,3,18,4,30,Medium
EMP1118,Research & Development,Healthcare Representative,3,52,Male,SAP,Read,Stable,No,8,6,4,0,Travel_Rarely,No,3,18,4,30,Medium
EMP1118,Research & Development,Healthcare Representative,3,52,Male,SharePoint,Read,Stable,No,8,6,4,0,Travel_Rarely,No,3,18,4,30,Medium
EMP1118,Research & Development,Healthcare Representative,3,52,Male,ServiceNow,Read,Stable,No,8,6,4,0,Travel_Rarely,No,3,18,4,30,Medium
EMP1118,Research & Development,Healthcare Representative,3,52,Male,Lab Systems,Read,Stable,No,8,6,4,0,Travel_Rarely,No,3,18,4,30,Medium
EMP1119,Sales,Sales Executive,3,38,Male,Active Directory,Write,Stable,No,8,7,2,7,Travel_Rarely,Yes,3,9,2,40,Medium
EMP1119,Sales,Sales Executive,3,38,Male,Salesforce,Write,Stable,No,8,7,2,7,Travel_Rarely,Yes,3,9,2,40,Medium
EMP1119,Sales,Sales Executive,3,38,Male,SharePoint,Write,Stable,No,8,7,2,7,Travel_Rarely,Yes,3,9,2,40,Medium
EMP1119,Sales,Sales Executive,3,38,Male,ServiceNow,Write,Stable,No,8,7,2,7,Travel_Rarely,Yes,3,9,2,40,Medium
EMP1119,Sales,Sales Executive,3,38,Male,CRM Portal,Write,Stable,No,8,7,2,7,Travel_Rarely,Yes,3,9,2,40,Medium
EMP1120,Research & Development,Research Scientist,1,29,Female,Active Directory,Write,Stable,No,7,5,1,7,Travel_Rarely,No,4,11,1,30,Medium
EMP1120,Research & Development,Research Scientist,1,29,Female,SAP,Write,Stable,No,7,5,1,7,Travel_Rarely,No,4,11,1,30,Medium
EMP1120,Research & Development,Research Scientist,1,29,Female,SharePoint,Write,Stable,No,7,5,1,7,Travel_Rarely,No,4,11,1,30,Medium
EMP1120,Research & Development,Research Scientist,1,29,Female,ServiceNow,Write,Stable,No,7,5,1,7,Travel_Rarely,No,4,11,1,30,Medium
EMP1120,Research & Development,Research Scientist,1,29,Female,Lab Systems,Write,Stable,No,7,5,1,7,Travel_Rarely,No,4,11,1,30,Medium
EMP1121,Research & Development,Manufacturing Director,3,28,Female,Active Directory,Write,Stable,No,9,7,1,7,Travel_Rarely,No,3,10,3,30,Medium
EMP1121,Research & Development,Manufacturing Director,3,28,Female,SAP,Write,Stable,No,9,7,1,7,Travel_Rarely,No,3,10,3,30,Medium
EMP1121,Research & Development,Manufacturing Director,3,28,Female,SharePoint,Write,Stable,No,9,7,1,7,Travel_Rarely,No,3,10,3,30,Medium
EMP1121,Research & Development,Manufacturing Director,3,28,Female,ServiceNow,Write,Stable,No,9,7,1,7,Travel_Rarely,No,3,10,3,30,Medium
EMP1121,Research & Development,Manufacturing Director,3,28,Female,Lab Systems,Write,Stable,No,9,7,1,7,Travel_Rarely,No,3,10,3,30,Medium
EMP1124,Sales,Manager,4,46,Male,Active Directory,Write,Stable,No,12,9,4,9,Travel_Rarely,No,3,23,3,35,Medium
EMP1124,Sales,Manager,4,46,Male,Salesforce,Write,Stable,No,12,9,4,9,Travel_Rarely,No,3,23,3,35,Medium
EMP1124,Sales,Manager,4,46,Male,SharePoint,Write,Stable,No,12,9,4,9,Travel_Rarely,No,3,23,3,35,Medium
EMP1124,Sales,Manager,4,46,Male,ServiceNow,Write,Stable,No,12,9,4,9,Travel_Rarely,No,3,23,3,35,Medium
EMP1124,Sales,Manager,4,46,Male,CRM Portal,Write,Stable,No,12,9,4,9,Travel_Rarely,No,3,23,3,35,Medium
EMP1125,Sales,Sales Executive,3,38,Male,Active Directory,Write,Mover,No,1,0,0,0,Travel_Rarely,No,3,10,2,50,High
EMP1125,Sales,Sales Executive,3,38,Male,Salesforce,Write,Mover,No,1,0,0,0,Travel_Rarely,No,3,10,2,50,High
EMP1125,Sales,Sales Executive,3,38,Male,SharePoint,Write,Mover,No,1,0,0,0,Travel_Rarely,No,3,10,2,50,High
EMP1125,Sales,Sales Executive,3,38,Male,ServiceNow,Write,Mover,No,1,0,0,0,Travel_Rarely,No,3,10,2,50,High
EMP1125,Sales,Sales Executive,3,38,Male,CRM Portal,Write,Mover,No,1,0,0,0,Travel_Rarely,No,3,10,2,50,High
EMP1126,Research & Development,Manufacturing Director,3,43,Female,Active Directory,Write,Stable,No,8,7,0,1,Travel_Frequently,No,3,18,1,45,Medium
EMP1126,Research & Development,Manufacturing Director,3,43,Female,SAP,Write,Stable,No,8,7,0,1,Travel_Frequently,No,3,18,1,45,Medium
EMP1126,Research & Development,Manufacturing Director,3,43,Female,SharePoint,Write,Stable,No,8,7,0,1,Travel_Frequently,No,3,18,1,45,Medium
EMP1126,Research & Development,Manufacturing Director,3,43,Female,ServiceNow,Write,Stable,No,8,7,0,1,Travel_Frequently,No,3,18,1,45,Medium
EMP1126,Research & Development,Manufacturing Director,3,43,Female,Lab Systems,Write,Stable,No,8,7,0,1,Travel_Frequently,No,3,18,1,45,Medium
EMP1127,Research & Development,Healthcare Representative,4,39,Male,Active Directory,Read,Leaver,Yes,18,7,11,5,Travel_Frequently,No,3,21,4,70,Critical
EMP1127,Research & Development,Healthcare Representative,4,39,Male,SAP,Read,Leaver,Yes,18,7,11,5,Travel_Frequently,No,3,21,4,70,Critical
EMP1127,Research & Development,Healthcare Representative,4,39,Male,SharePoint,Read,Leaver,Yes,18,7,11,5,Travel_Frequently,No,3,21,4,70,Critical
EMP1127,Research & Development,Healthcare Representative,4,39,Male,ServiceNow,Read,Leaver,Yes,18,7,11,5,Travel_Frequently,No,3,21,4,70,Critical
EMP1127,Research & Development,Healthcare Representative,4,39,Male,Lab Systems,Read,Leaver,Yes,18,7,11,5,Travel_Frequently,No,3,21,4,70,Critical
EMP1128,Research & Development,Research Director,5,40,Male,Active Directory,Admin,Stable,No,20,7,4,9,Travel_Rarely,No,3,21,2,50,High
EMP1128,Research & Development,Research Director,5,40,Male,SAP,Admin,Stable,No,20,7,4,9,Travel_Rarely,No,3,21,2,50,High
EMP1128,Research & Development,Research Director,5,40,Male,SharePoint,Admin,Stable,No,20,7,4,9,Travel_Rarely,No,3,21,2,50,High
EMP1128,Research & Development,Research Director,5,40,Male,ServiceNow,Admin,Stable,No,20,7,4,9,Travel_Rarely,No,3,21,2,50,High
EMP1128,Research & Development,Research Director,5,40,Male,Lab Systems,Admin,Stable,No,20,7,4,9,Travel_Rarely,No,3,21,2,50,High
EMP1131,Research & Development,Research Scientist,1,21,Female,Active Directory,Write,Stable,No,2,2,2,2,Travel_Rarely,Yes,3,2,6,30,Medium
EMP1131,Research & Development,Research Scientist,1,21,Female,SAP,Write,Stable,No,2,2,2,2,Travel_Rarely,Yes,3,2,6,30,Medium
EMP1131,Research & Development,Research Scientist,1,21,Female,SharePoint,Write,Stable,No,2,2,2,2,Travel_Rarely,Yes,3,2,6,30,Medium
EMP1131,Research & Development,Research Scientist,1,21,Female,ServiceNow,Write,Stable,No,2,2,2,2,Travel_Rarely,Yes,3,2,6,30,Medium
EMP1131,Research & Development,Research Scientist,1,21,Female,Lab Systems,Write,Stable,No,2,2,2,2,Travel_Rarely,Yes,3,2,6,30,Medium
EMP1132,Research & Development,Laboratory Technician,2,39,Male,Active Directory,Read,Stable,No,5,4,0,3,Non-Travel,No,3,9,2,5,Low
EMP1132,Research & Development,Laboratory Technician,2,39,Male,SAP,Read,Stable,No,5,4,0,3,Non-Travel,No,3,9,2,5,Low
EMP1132,Research & Development,Laboratory Technician,2,39,Male,SharePoint,Read,Stable,No,5,4,0,3,Non-Travel,No,3,9,2,5,Low
EMP1132,Research & Development,Laboratory Technician,2,39,Male,ServiceNow,Read,Stable,No,5,4,0,3,Non-Travel,No,3,9,2,5,Low
EMP1132,Research & Development,Laboratory Technician,2,39,Male,Lab Systems,Read,Stable,No,5,4,0,3,Non-Travel,No,3,9,2,5,Low
EMP1133,Research & Development,Manufacturing Director,2,36,Male,Active Directory,Write,Stable,No,11,9,0,9,Non-Travel,No,4,18,0,30,Medium
EMP1133,Research & Development,Manufacturing Director,2,36,Male,SAP,Write,Stable,No,11,9,0,9,Non-Travel,No,4,18,0,30,Medium
EMP1133,Research & Development,Manufacturing Director,2,36,Male,SharePoint,Write,Stable,No,11,9,0,9,Non-Travel,No,4,18,0,30,Medium
EMP1133,Research & Development,Manufacturing Director,2,36,Male,ServiceNow,Write,Stable,No,11,9,0,9,Non-Travel,No,4,18,0,30,Medium
EMP1133,Research & Development,Manufacturing Director,2,36,Male,Lab Systems,Write,Stable,No,11,9,0,9,Non-Travel,No,4,18,0,30,Medium
EMP1135,Sales,Sales Representative,1,31,Male,Active Directory,Read,Stable,No,2,2,2,2,Travel_Frequently,No,3,3,4,15,Low
EMP1135,Sales,Sales Representative,1,31,Male,Salesforce,Read,Stable,No,2,2,2,2,Travel_Frequently,No,3,3,4,15,Low
EMP1135,Sales,Sales Representative,1,31,Male,SharePoint,Read,Stable,No,2,2,2,2,Travel_Frequently,No,3,3,4,15,Low
EMP1135,Sales,Sales Representative,1,31,Male,ServiceNow,Read,Stable,No,2,2,2,2,Travel_Frequently,No,3,3,4,15,Low
EMP1135,Sales,Sales Representative,1,31,Male,CRM Portal,Read,Stable,No,2,2,2,2,Travel_Frequently,No,3,3,4,15,Low
EMP1136,Research & Development,Research Scientist,1,28,Male,Active Directory,Write,Stable,No,5,3,0,4,Travel_Rarely,No,3,6,2,20,Low
EMP1136,Research & Development,Research Scientist,1,28,Male,SAP,Write,Stable,No,5,3,0,4,Travel_Rarely,No,3,6,2,20,Low
EMP1136,Research & Development,Research Scientist,1,28,Male,SharePoint,Write,Stable,No,5,3,0,4,Travel_Rarely,No,3,6,2,20,Low
EMP1136,Research & Development,Research Scientist,1,28,Male,ServiceNow,Write,Stable,No,5,3,0,4,Travel_Rarely,No,3,6,2,20,Low
EMP1136,Research & Development,Research Scientist,1,28,Male,Lab Systems,Write,Stable,No,5,3,0,4,Travel_Rarely,No,3,6,2,20,Low
EMP1137,Sales,Sales Executive,2,35,Male,Active Directory,Write,Stable,No,5,2,0,2,Travel_Frequently,No,3,5,3,25,Low
EMP1137,Sales,Sales Executive,2,35,Male,Salesforce,Write,Stable,No,5,2,0,2,Travel_Frequently,No,3,5,3,25,Low
EMP1137,Sales,Sales Executive,2,35,Male,SharePoint,Write,Stable,No,5,2,0,2,Travel_Frequently,No,3,5,3,25,Low
EMP1137,Sales,Sales Executive,2,35,Male,ServiceNow,Write,Stable,No,5,2,0,2,Travel_Frequently,No,3,5,3,25,Low
EMP1137,Sales,Sales Executive,2,35,Male,CRM Portal,Write,Stable,No,5,2,0,2,Travel_Frequently,No,3,5,3,25,Low
EMP1138,Sales,Sales Executive,4,49,Male,Active Directory,Write,Stable,No,9,8,2,3,Travel_Rarely,No,3,22,3,30,Medium
EMP1138,Sales,Sales Executive,4,49,Male,Salesforce,Write,Stable,No,9,8,2,3,Travel_Rarely,No,3,22,3,30,Medium
EMP1138,Sales,Sales Executive,4,49,Male,SharePoint,Write,Stable,No,9,8,2,3,Travel_Rarely,No,3,22,3,30,Medium
EMP1138,Sales,Sales Executive,4,49,Male,ServiceNow,Write,Stable,No,9,8,2,3,Travel_Rarely,No,3,22,3,30,Medium
EMP1138,Sales,Sales Executive,4,49,Male,CRM Portal,Write,Stable,No,9,8,2,3,Travel_Rarely,No,3,22,3,30,Medium
EMP1140,Research & Development,Manufacturing Director,2,34,Male,Active Directory,Write,Stable,No,3,2,0,2,Travel_Frequently,No,3,5,3,25,Low
EMP1140,Research & Development,Manufacturing Director,2,34,Male,SAP,Write,Stable,No,3,2,0,2,Travel_Frequently,No,3,5,3,25,Low
EMP1140,Research & Development,Manufacturing Director,2,34,Male,SharePoint,Write,Stable,No,3,2,0,2,Travel_Frequently,No,3,5,3,25,Low
EMP1140,Research & Development,Manufacturing Director,2,34,Male,ServiceNow,Write,Stable,No,3,2,0,2,Travel_Frequently,No,3,5,3,25,Low
EMP1140,Research & Development,Manufacturing Director,2,34,Male,Lab Systems,Write,Stable,No,3,2,0,2,Travel_Frequently,No,3,5,3,25,Low
EMP1143,Research & Development,Research Scientist,1,29,Female,Active Directory,Write,Stable,No,7,5,1,1,Travel_Frequently,No,3,8,2,45,Medium
EMP1143,Research & Development,Research Scientist,1,29,Female,SAP,Write,Stable,No,7,5,1,1,Travel_Frequently,No,3,8,2,45,Medium
EMP1143,Research & Development,Research Scientist,1,29,Female,SharePoint,Write,Stable,No,7,5,1,1,Travel_Frequently,No,3,8,2,45,Medium
EMP1143,Research & Development,Research Scientist,1,29,Female,ServiceNow,Write,Stable,No,7,5,1,1,Travel_Frequently,No,3,8,2,45,Medium
EMP1143,Research & Development,Research Scientist,1,29,Female,Lab Systems,Write,Stable,No,7,5,1,1,Travel_Frequently,No,3,8,2,45,Medium
EMP1148,Research & Development,Laboratory Technician,2,42,Male,Active Directory,Read,Mover,No,1,0,0,0,Travel_Rarely,No,3,16,3,40,Medium
EMP1148,Research & Development,Laboratory Technician,2,42,Male,SAP,Read,Mover,No,1,0,0,0,Travel_Rarely,No,3,16,3,40,Medium
EMP1148,Research & Development,Laboratory Technician,2,42,Male,SharePoint,Read,Mover,No,1,0,0,0,Travel_Rarely,No,3,16,3,40,Medium
EMP1148,Research & Development,Laboratory Technician,2,42,Male,ServiceNow,Read,Mover,No,1,0,0,0,Travel_Rarely,No,3,16,3,40,Medium
EMP1148,Research & Development,Laboratory Technician,2,42,Male,Lab Systems,Read,Mover,No,1,0,0,0,Travel_Rarely,No,3,16,3,40,Medium
EMP1150,Research & Development,Manufacturing Director,2,29,Male,Active Directory,Write,Stable,No,10,7,1,2,Travel_Rarely,Yes,3,10,2,40,Medium
EMP1150,Research & Development,Manufacturing Director,2,29,Male,SAP,Write,Stable,No,10,7,1,2,Travel_Rarely,Yes,3,10,2,40,Medium
EMP1150,Research & Development,Manufacturing Director,2,29,Male,SharePoint,Write,Stable,No,10,7,1,2,Travel_Rarely,Yes,3,10,2,40,Medium
EMP1150,Research & Development,Manufacturing Director,2,29,Male,ServiceNow,Write,Stable,No,10,7,1,2,Travel_Rarely,Yes,3,10,2,40,Medium
EMP1150,Research & Development,Manufacturing Director,2,29,Male,Lab Systems,Write,Stable,No,10,7,1,2,Travel_Rarely,Yes,3,10,2,40,Medium
EMP1152,Human Resources,Human Resources,1,38,Male,Active Directory,Read,Stable,No,7,6,5,0,Travel_Rarely,No,3,7,2,30,Medium
EMP1152,Human Resources,Human Resources,1,38,Male,Workday,Read,Stable,No,7,6,5,0,Travel_Rarely,No,3,7,2,30,Medium
EMP1152,Human Resources,Human Resources,1,38,Male,SharePoint,Read,Stable,No,7,6,5,0,Travel_Rarely,No,3,7,2,30,Medium
EMP1152,Human Resources,Human Resources,1,38,Male,ServiceNow,Read,Stable,No,7,6,5,0,Travel_Rarely,No,3,7,2,30,Medium
EMP1152,Human Resources,Human Resources,1,38,Male,HR Portal,Read,Stable,No,7,6,5,0,Travel_Rarely,No,3,7,2,30,Medium
EMP1154,Research & Development,Research Scientist,1,28,Male,Active Directory,Write,Mover,No,3,1,0,2,Travel_Frequently,Yes,3,3,2,55,High
EMP1154,Research & Development,Research Scientist,1,28,Male,SAP,Write,Mover,No,3,1,0,2,Travel_Frequently,Yes,3,3,2,55,High
EMP1154,Research & Development,Research Scientist,1,28,Male,SharePoint,Write,Mover,No,3,1,0,2,Travel_Frequently,Yes,3,3,2,55,High
EMP1154,Research & Development,Research Scientist,1,28,Male,ServiceNow,Write,Mover,No,3,1,0,2,Travel_Frequently,Yes,3,3,2,55,High
EMP1154,Research & Development,Research Scientist,1,28,Male,Lab Systems,Write,Mover,No,3,1,0,2,Travel_Frequently,Yes,3,3,2,55,High
EMP1156,Research & Development,Laboratory Technician,1,18,Male,Active Directory,Read,Leaver,Yes,0,0,0,0,Non-Travel,No,3,0,0,55,High
EMP1156,Research & Development,Laboratory Technician,1,18,Male,SAP,Read,Leaver,Yes,0,0,0,0,Non-Travel,No,3,0,0,55,High
EMP1156,Research & Development,Laboratory Technician,1,18,Male,SharePoint,Read,Leaver,Yes,0,0,0,0,Non-Travel,No,3,0,0,55,High
EMP1156,Research & Development,Laboratory Technician,1,18,Male,ServiceNow,Read,Leaver,Yes,0,0,0,0,Non-Travel,No,3,0,0,55,High
EMP1156,Research & Development,Laboratory Technician,1,18,Male,Lab Systems,Read,Leaver,Yes,0,0,0,0,Non-Travel,No,3,0,0,55,High
EMP1157,Sales,Sales Executive,2,33,Female,Active Directory,Write,Leaver,Yes,5,2,0,3,Travel_Rarely,Yes,3,6,3,70,Critical
EMP1157,Sales,Sales Executive,2,33,Female,Salesforce,Write,Leaver,Yes,5,2,0,3,Travel_Rarely,Yes,3,6,3,70,Critical
EMP1157,Sales,Sales Executive,2,33,Female,SharePoint,Write,Leaver,Yes,5,2,0,3,Travel_Rarely,Yes,3,6,3,70,Critical
EMP1157,Sales,Sales Executive,2,33,Female,ServiceNow,Write,Leaver,Yes,5,2,0,3,Travel_Rarely,Yes,3,6,3,70,Critical
EMP1157,Sales,Sales Executive,2,33,Female,CRM Portal,Write,Leaver,Yes,5,2,0,3,Travel_Rarely,Yes,3,6,3,70,Critical
EMP1158,Research & Development,Laboratory Technician,1,41,Male,Active Directory,Read,Mover,No,1,0,0,0,Travel_Rarely,Yes,3,6,4,50,High
EMP1158,Research & Development,Laboratory Technician,1,41,Male,SAP,Read,Mover,No,1,0,0,0,Travel_Rarely,Yes,3,6,4,50,High
EMP1158,Research & Development,Laboratory Technician,1,41,Male,SharePoint,Read,Mover,No,1,0,0,0,Travel_Rarely,Yes,3,6,4,50,High
EMP1158,Research & Development,Laboratory Technician,1,41,Male,ServiceNow,Read,Mover,No,1,0,0,0,Travel_Rarely,Yes,3,6,4,50,High
EMP1158,Research & Development,Laboratory Technician,1,41,Male,Lab Systems,Read,Mover,No,1,0,0,0,Travel_Rarely,Yes,3,6,4,50,High
EMP1160,Research & Development,Laboratory Technician,1,31,Male,Active Directory,Read,Leaver,Yes,2,2,2,2,Travel_Frequently,No,3,2,5,55,High
EMP1160,Research & Development,Laboratory Technician,1,31,Male,SAP,Read,Leaver,Yes,2,2,2,2,Travel_Frequently,No,3,2,5,55,High
EMP1160,Research & Development,Laboratory Technician,1,31,Male,SharePoint,Read,Leaver,Yes,2,2,2,2,Travel_Frequently,No,3,2,5,55,High
EMP1160,Research & Development,Laboratory Technician,1,31,Male,ServiceNow,Read,Leaver,Yes,2,2,2,2,Travel_Frequently,No,3,2,5,55,High
EMP1160,Research & Development,Laboratory Technician,1,31,Male,Lab Systems,Read,Leaver,Yes,2,2,2,2,Travel_Frequently,No,3,2,5,55,High
EMP1161,Research & Development,Healthcare Representative,2,37,Female,Active Directory,Read,Stable,No,6,2,1,3,Travel_Rarely,No,3,9,2,20,Low
EMP1161,Research & Development,Healthcare Representative,2,37,Female,SAP,Read,Stable,No,6,2,1,3,Travel_Rarely,No,3,9,2,20,Low
EMP1161,Research & Development,Healthcare Representative,2,37,Female,SharePoint,Read,Stable,No,6,2,1,3,Travel_Rarely,No,3,9,2,20,Low
EMP1161,Research & Development,Healthcare Representative,2,37,Female,ServiceNow,Read,Stable,No,6,2,1,3,Travel_Rarely,No,3,9,2,20,Low
EMP1161,Research & Development,Healthcare Representative,2,37,Female,Lab Systems,Read,Stable,No,6,2,1,3,Travel_Rarely,No,3,9,2,20,Low
EMP1162,Research & Development,Research Scientist,1,27,Male,Active Directory,Write,Stable,No,4,2,2,2,Travel_Rarely,No,3,4,0,20,Low
EMP1162,Research & Development,Research Scientist,1,27,Male,SAP,Write,Stable,No,4,2,2,2,Travel_Rarely,No,3,4,0,20,Low
EMP1162,Research & Development,Research Scientist,1,27,Male,SharePoint,Write,Stable,No,4,2,2,2,Travel_Rarely,No,3,4,0,20,Low
EMP1162,Research & Development,Research Scientist,1,27,Male,ServiceNow,Write,Stable,No,4,2,2,2,Travel_Rarely,No,3,4,0,20,Low
EMP1162,Research & Development,Research Scientist,1,27,Male,Lab Systems,Write,Stable,No,4,2,2,2,Travel_Rarely,No,3,4,0,20,Low
EMP1163,Sales,Sales Executive,2,34,Female,Active Directory,Write,Stable,No,6,5,1,3,Travel_Rarely,No,4,6,3,30,Medium
EMP1163,Sales,Sales Executive,2,34,Female,Salesforce,Write,Stable,No,6,5,1,3,Travel_Rarely,No,4,6,3,30,Medium
EMP1163,Sales,Sales Executive,2,34,Female,SharePoint,Write,Stable,No,6,5,1,3,Travel_Rarely,No,4,6,3,30,Medium
EMP1163,Sales,Sales Executive,2,34,Female,ServiceNow,Write,Stable,No,6,5,1,3,Travel_Rarely,No,4,6,3,30,Medium
EMP1163,Sales,Sales Executive,2,34,Female,CRM Portal,Write,Stable,No,6,5,1,3,Travel_Rarely,No,4,6,3,30,Medium
EMP1164,Human Resources,Human Resources,1,35,Male,Active Directory,Read,Stable,No,5,4,1,4,Travel_Rarely,No,3,6,2,10,Low
EMP1164,Human Resources,Human Resources,1,35,Male,Workday,Read,Stable,No,5,4,1,4,Travel_Rarely,No,3,6,2,10,Low
EMP1164,Human Resources,Human Resources,1,35,Male,SharePoint,Read,Stable,No,5,4,1,4,Travel_Rarely,No,3,6,2,10,Low
EMP1164,Human Resources,Human Resources,1,35,Male,ServiceNow,Read,Stable,No,5,4,1,4,Travel_Rarely,No,3,6,2,10,Low
EMP1164,Human Resources,Human Resources,1,35,Male,HR Portal,Read,Stable,No,5,4,1,4,Travel_Rarely,No,3,6,2,10,Low
EMP1165,Sales,Sales Executive,3,29,Female,Active Directory,Write,Leaver,Yes,11,8,3,10,Travel_Rarely,No,3,11,3,75,Critical
EMP1165,Sales,Sales Executive,3,29,Female,Salesforce,Write,Leaver,Yes,11,8,3,10,Travel_Rarely,No,3,11,3,75,Critical
EMP1165,Sales,Sales Executive,3,29,Female,SharePoint,Write,Leaver,Yes,11,8,3,10,Travel_Rarely,No,3,11,3,75,Critical
EMP1165,Sales,Sales Executive,3,29,Female,ServiceNow,Write,Leaver,Yes,11,8,3,10,Travel_Rarely,No,3,11,3,75,Critical
EMP1165,Sales,Sales Executive,3,29,Female,CRM Portal,Write,Leaver,Yes,11,8,3,10,Travel_Rarely,No,3,11,3,75,Critical
EMP1166,Research & Development,Research Director,3,40,Female,Active Directory,Admin,Stable,No,18,7,2,13,Travel_Frequently,No,3,20,3,55,High
EMP1166,Research & Development,Research Director,3,40,Female,SAP,Admin,Stable,No,18,7,2,13,Travel_Frequently,No,3,20,3,55,High
EMP1166,Research & Development,Research Director,3,40,Female,SharePoint,Admin,Stable,No,18,7,2,13,Travel_Frequently,No,3,20,3,55,High
EMP1166,Research & Development,Research Director,3,40,Female,ServiceNow,Admin,Stable,No,18,7,2,13,Travel_Frequently,No,3,20,3,55,High
EMP1166,Research & Development,Research Director,3,40,Female,Lab Systems,Admin,Stable,No,18,7,2,13,Travel_Frequently,No,3,20,3,55,High
EMP1167,Sales,Sales Executive,4,42,Male,Active Directory,Write,Leaver,Yes,21,9,13,14,Travel_Frequently,Yes,3,22,2,90,Critical
EMP1167,Sales,Sales Executive,4,42,Male,Salesforce,Write,Leaver,Yes,21,9,13,14,Travel_Frequently,Yes,3,22,2,90,Critical
EMP1167,Sales,Sales Executive,4,42,Male,SharePoint,Write,Leaver,Yes,21,9,13,14,Travel_Frequently,Yes,3,22,2,90,Critical
EMP1167,Sales,Sales Executive,4,42,Male,ServiceNow,Write,Leaver,Yes,21,9,13,14,Travel_Frequently,Yes,3,22,2,90,Critical
EMP1167,Sales,Sales Executive,4,42,Male,CRM Portal,Write,Leaver,Yes,21,9,13,14,Travel_Frequently,Yes,3,22,2,90,Critical
EMP1171,Sales,Sales Executive,2,42,Male,Active Directory,Write,Stable,No,6,4,1,5,Travel_Rarely,No,3,9,3,30,Medium
EMP1171,Sales,Sales Executive,2,42,Male,Salesforce,Write,Stable,No,6,4,1,5,Travel_Rarely,No,3,9,3,30,Medium
EMP1171,Sales,Sales Executive,2,42,Male,SharePoint,Write,Stable,No,6,4,1,5,Travel_Rarely,No,3,9,3,30,Medium
EMP1171,Sales,Sales Executive,2,42,Male,ServiceNow,Write,Stable,No,6,4,1,5,Travel_Rarely,No,3,9,3,30,Medium
EMP1171,Sales,Sales Executive,2,42,Male,CRM Portal,Write,Stable,No,6,4,1,5,Travel_Rarely,No,3,9,3,30,Medium
EMP1172,Research & Development,Laboratory Technician,1,35,Male,Active Directory,Read,Mover,No,8,0,1,7,Travel_Rarely,No,3,10,2,40,Medium
EMP1172,Research & Development,Laboratory Technician,1,35,Male,SAP,Read,Mover,No,8,0,1,7,Travel_Rarely,No,3,10,2,40,Medium
EMP1172,Research & Development,Laboratory Technician,1,35,Male,SharePoint,Read,Mover,No,8,0,1,7,Travel_Rarely,No,3,10,2,40,Medium
EMP1172,Research & Development,Laboratory Technician,1,35,Male,ServiceNow,Read,Mover,No,8,0,1,7,Travel_Rarely,No,3,10,2,40,Medium
EMP1172,Research & Development,Laboratory Technician,1,35,Male,Lab Systems,Read,Mover,No,8,0,1,7,Travel_Rarely,No,3,10,2,40,Medium
EMP1173,Research & Development,Laboratory Technician,1,24,Male,Active Directory,Read,Stable,No,4,3,1,2,Travel_Rarely,No,4,6,2,10,Low
EMP1173,Research & Development,Laboratory Technician,1,24,Male,SAP,Read,Stable,No,4,3,1,2,Travel_Rarely,No,4,6,2,10,Low
EMP1173,Research & Development,Laboratory Technician,1,24,Male,SharePoint,Read,Stable,No,4,3,1,2,Travel_Rarely,No,4,6,2,10,Low
EMP1173,Research & Development,Laboratory Technician,1,24,Male,ServiceNow,Read,Stable,No,4,3,1,2,Travel_Rarely,No,4,6,2,10,Low
EMP1173,Research & Development,Laboratory Technician,1,24,Male,Lab Systems,Read,Stable,No,4,3,1,2,Travel_Rarely,No,4,6,2,10,Low
EMP1175,Research & Development,Laboratory Technician,1,28,Female,Active Directory,Read,Leaver,Yes,1,1,0,0,Travel_Rarely,Yes,3,1,4,70,Critical
EMP1175,Research & Development,Laboratory Technician,1,28,Female,SAP,Read,Leaver,Yes,1,1,0,0,Travel_Rarely,Yes,3,1,4,70,Critical
EMP1175,Research & Development,Laboratory Technician,1,28,Female,SharePoint,Read,Leaver,Yes,1,1,0,0,Travel_Rarely,Yes,3,1,4,70,Critical
EMP1175,Research & Development,Laboratory Technician,1,28,Female,ServiceNow,Read,Leaver,Yes,1,1,0,0,Travel_Rarely,Yes,3,1,4,70,Critical
EMP1175,Research & Development,Laboratory Technician,1,28,Female,Lab Systems,Read,Leaver,Yes,1,1,0,0,Travel_Rarely,Yes,3,1,4,70,Critical
EMP1177,Research & Development,Laboratory Technician,1,26,Male,Active Directory,Read,Stable,No,8,7,0,7,Travel_Rarely,No,4,8,2,20,Low
EMP1177,Research & Development,Laboratory Technician,1,26,Male,SAP,Read,Stable,No,8,7,0,7,Travel_Rarely,No,4,8,2,20,Low
EMP1177,Research & Development,Laboratory Technician,1,26,Male,SharePoint,Read,Stable,No,8,7,0,7,Travel_Rarely,No,4,8,2,20,Low
EMP1177,Research & Development,Laboratory Technician,1,26,Male,ServiceNow,Read,Stable,No,8,7,0,7,Travel_Rarely,No,4,8,2,20,Low
EMP1177,Research & Development,Laboratory Technician,1,26,Male,Lab Systems,Read,Stable,No,8,7,0,7,Travel_Rarely,No,4,8,2,20,Low
EMP1179,Sales,Sales Executive,2,30,Male,Active Directory,Write,Stable,No,10,3,1,4,Travel_Rarely,No,3,10,3,30,Medium
EMP1179,Sales,Sales Executive,2,30,Male,Salesforce,Write,Stable,No,10,3,1,4,Travel_Rarely,No,3,10,3,30,Medium
EMP1179,Sales,Sales Executive,2,30,Male,SharePoint,Write,Stable,No,10,3,1,4,Travel_Rarely,No,3,10,3,30,Medium
EMP1179,Sales,Sales Executive,2,30,Male,ServiceNow,Write,Stable,No,10,3,1,4,Travel_Rarely,No,3,10,3,30,Medium
EMP1179,Sales,Sales Executive,2,30,Male,CRM Portal,Write,Stable,No,10,3,1,4,Travel_Rarely,No,3,10,3,30,Medium
EMP1180,Research & Development,Research Scientist,2,40,Female,Active Directory,Write,Mover,No,1,1,0,0,Travel_Frequently,Yes,3,16,3,65,High
EMP1180,Research & Development,Research Scientist,2,40,Female,SAP,Write,Mover,No,1,1,0,0,Travel_Frequently,Yes,3,16,3,65,High
EMP1180,Research & Development,Research Scientist,2,40,Female,SharePoint,Write,Mover,No,1,1,0,0,Travel_Frequently,Yes,3,16,3,65,High
EMP1180,Research & Development,Research Scientist,2,40,Female,ServiceNow,Write,Mover,No,1,1,0,0,Travel_Frequently,Yes,3,16,3,65,High
EMP1180,Research & Development,Research Scientist,2,40,Female,Lab Systems,Write,Mover,No,1,1,0,0,Travel_Frequently,Yes,3,16,3,65,High
EMP1182,Research & Development,Manufacturing Director,3,35,Male,Active Directory,Write,Stable,No,7,7,6,4,Travel_Rarely,No,3,15,2,30,Medium
EMP1182,Research & Development,Manufacturing Director,3,35,Male,SAP,Write,Stable,No,7,7,6,4,Travel_Rarely,No,3,15,2,30,Medium
EMP1182,Research & Development,Manufacturing Director,3,35,Male,SharePoint,Write,Stable,No,7,7,6,4,Travel_Rarely,No,3,15,2,30,Medium
EMP1182,Research & Development,Manufacturing Director,3,35,Male,ServiceNow,Write,Stable,No,7,7,6,4,Travel_Rarely,No,3,15,2,30,Medium
EMP1182,Research & Development,Manufacturing Director,3,35,Male,Lab Systems,Write,Stable,No,7,7,6,4,Travel_Rarely,No,3,15,2,30,Medium
EMP1184,Research & Development,Healthcare Representative,2,34,Male,Active Directory,Read,Stable,No,13,9,4,9,Travel_Frequently,No,4,14,3,30,Medium
EMP1184,Research & Development,Healthcare Representative,2,34,Male,SAP,Read,Stable,No,13,9,4,9,Travel_Frequently,No,4,14,3,30,Medium
EMP1184,Research & Development,Healthcare Representative,2,34,Male,SharePoint,Read,Stable,No,13,9,4,9,Travel_Frequently,No,4,14,3,30,Medium
EMP1184,Research & Development,Healthcare Representative,2,34,Male,ServiceNow,Read,Stable,No,13,9,4,9,Travel_Frequently,No,4,14,3,30,Medium
EMP1184,Research & Development,Healthcare Representative,2,34,Male,Lab Systems,Read,Stable,No,13,9,4,9,Travel_Frequently,No,4,14,3,30,Medium
EMP1185,Research & Development,Laboratory Technician,1,35,Male,Active Directory,Read,Stable,No,2,2,2,2,Travel_Frequently,No,3,2,2,15,Low
EMP1185,Research & Development,Laboratory Technician,1,35,Male,SAP,Read,Stable,No,2,2,2,2,Travel_Frequently,No,3,2,2,15,Low
EMP1185,Research & Development,Laboratory Technician,1,35,Male,SharePoint,Read,Stable,No,2,2,2,2,Travel_Frequently,No,3,2,2,15,Low
EMP1185,Research & Development,Laboratory Technician,1,35,Male,ServiceNow,Read,Stable,No,2,2,2,2,Travel_Frequently,No,3,2,2,15,Low
EMP1185,Research & Development,Laboratory Technician,1,35,Male,Lab Systems,Read,Stable,No,2,2,2,2,Travel_Frequently,No,3,2,2,15,Low
EMP1188,Sales,Sales Executive,2,43,Female,Active Directory,Write,Leaver,Yes,4,3,1,3,Travel_Rarely,No,3,7,2,60,High
EMP1188,Sales,Sales Executive,2,43,Female,Salesforce,Write,Leaver,Yes,4,3,1,3,Travel_Rarely,No,3,7,2,60,High
EMP1188,Sales,Sales Executive,2,43,Female,SharePoint,Write,Leaver,Yes,4,3,1,3,Travel_Rarely,No,3,7,2,60,High
EMP1188,Sales,Sales Executive,2,43,Female,ServiceNow,Write,Leaver,Yes,4,3,1,3,Travel_Rarely,No,3,7,2,60,High
EMP1188,Sales,Sales Executive,2,43,Female,CRM Portal,Write,Leaver,Yes,4,3,1,3,Travel_Rarely,No,3,7,2,60,High
EMP1190,Sales,Sales Representative,1,32,Female,Active Directory,Read,Mover,No,1,0,0,0,Non-Travel,No,3,1,3,35,Medium
EMP1190,Sales,Sales Representative,1,32,Female,Salesforce,Read,Mover,No,1,0,0,0,Non-Travel,No,3,1,3,35,Medium
EMP1190,Sales,Sales Representative,1,32,Female,SharePoint,Read,Mover,No,1,0,0,0,Non-Travel,No,3,1,3,35,Medium
EMP1190,Sales,Sales Representative,1,32,Female,ServiceNow,Read,Mover,No,1,0,0,0,Non-Travel,No,3,1,3,35,Medium
EMP1190,Sales,Sales Representative,1,32,Female,CRM Portal,Read,Mover,No,1,0,0,0,Non-Travel,No,3,1,3,35,Medium
EMP1191,Research & Development,Manager,5,56,Female,Active Directory,Write,Stable,No,5,2,4,2,Travel_Rarely,No,3,28,2,20,Low
EMP1191,Research & Development,Manager,5,56,Female,SAP,Write,Stable,No,5,2,4,2,Travel_Rarely,No,3,28,2,20,Low
EMP1191,Research & Development,Manager,5,56,Female,SharePoint,Write,Stable,No,5,2,4,2,Travel_Rarely,No,3,28,2,20,Low
EMP1191,Research & Development,Manager,5,56,Female,ServiceNow,Write,Stable,No,5,2,4,2,Travel_Rarely,No,3,28,2,20,Low
EMP1191,Research & Development,Manager,5,56,Female,Lab Systems,Write,Stable,No,5,2,4,2,Travel_Rarely,No,3,28,2,20,Low
EMP1192,Research & Development,Laboratory Technician,1,29,Female,Active Directory,Read,Stable,No,10,8,0,8,Travel_Rarely,No,3,10,5,20,Low
EMP1192,Research & Development,Laboratory Technician,1,29,Female,SAP,Read,Stable,No,10,8,0,8,Travel_Rarely,No,3,10,5,20,Low
EMP1192,Research & Development,Laboratory Technician,1,29,Female,SharePoint,Read,Stable,No,10,8,0,8,Travel_Rarely,No,3,10,5,20,Low
EMP1192,Research & Development,Laboratory Technician,1,29,Female,ServiceNow,Read,Stable,No,10,8,0,8,Travel_Rarely,No,3,10,5,20,Low
EMP1192,Research & Development,Laboratory Technician,1,29,Female,Lab Systems,Read,Stable,No,10,8,0,8,Travel_Rarely,No,3,10,5,20,Low
EMP1193,Research & Development,Research Scientist,1,19,Male,Active Directory,Write,Mover,No,1,1,0,0,Travel_Rarely,No,4,1,4,50,High
EMP1193,Research & Development,Research Scientist,1,19,Male,SAP,Write,Mover,No,1,1,0,0,Travel_Rarely,No,4,1,4,50,High
EMP1193,Research & Development,Research Scientist,1,19,Male,SharePoint,Write,Mover,No,1,1,0,0,Travel_Rarely,No,4,1,4,50,High
EMP1193,Research & Development,Research Scientist,1,19,Male,ServiceNow,Write,Mover,No,1,1,0,0,Travel_Rarely,No,4,1,4,50,High
EMP1193,Research & Development,Research Scientist,1,19,Male,Lab Systems,Write,Mover,No,1,1,0,0,Travel_Rarely,No,4,1,4,50,High
EMP1195,Research & Development,Research Scientist,1,45,Female,Active Directory,Write,Stable,No,3,2,0,2,Travel_Rarely,Yes,3,7,2,30,Medium
EMP1195,Research & Development,Research Scientist,1,45,Female,SAP,Write,Stable,No,3,2,0,2,Travel_Rarely,Yes,3,7,2,30,Medium
EMP1195,Research & Development,Research Scientist,1,45,Female,SharePoint,Write,Stable,No,3,2,0,2,Travel_Rarely,Yes,3,7,2,30,Medium
EMP1195,Research & Development,Research Scientist,1,45,Female,ServiceNow,Write,Stable,No,3,2,0,2,Travel_Rarely,Yes,3,7,2,30,Medium
EMP1195,Research & Development,Research Scientist,1,45,Female,Lab Systems,Write,Stable,No,3,2,0,2,Travel_Rarely,Yes,3,7,2,30,Medium
EMP1196,Research & Development,Manufacturing Director,2,37,Female,Active Directory,Write,Stable,No,14,8,3,11,Travel_Rarely,No,3,14,2,35,Medium
EMP1196,Research & Development,Manufacturing Director,2,37,Female,SAP,Write,Stable,No,14,8,3,11,Travel_Rarely,No,3,14,2,35,Medium
EMP1196,Research & Development,Manufacturing Director,2,37,Female,SharePoint,Write,Stable,No,14,8,3,11,Travel_Rarely,No,3,14,2,35,Medium
EMP1196,Research & Development,Manufacturing Director,2,37,Female,ServiceNow,Write,Stable,No,14,8,3,11,Travel_Rarely,No,3,14,2,35,Medium
EMP1196,Research & Development,Manufacturing Director,2,37,Female,Lab Systems,Write,Stable,No,14,8,3,11,Travel_Rarely,No,3,14,2,35,Medium
EMP1198,Research & Development,Laboratory Technician,1,20,Male,Active Directory,Read,Stable,No,2,2,1,2,Travel_Rarely,No,3,2,2,10,Low
EMP1198,Research & Development,Laboratory Technician,1,20,Male,SAP,Read,Stable,No,2,2,1,2,Travel_Rarely,No,3,2,2,10,Low
EMP1198,Research & Development,Laboratory Technician,1,20,Male,SharePoint,Read,Stable,No,2,2,1,2,Travel_Rarely,No,3,2,2,10,Low
EMP1198,Research & Development,Laboratory Technician,1,20,Male,ServiceNow,Read,Stable,No,2,2,1,2,Travel_Rarely,No,3,2,2,10,Low
EMP1198,Research & Development,Laboratory Technician,1,20,Male,Lab Systems,Read,Stable,No,2,2,1,2,Travel_Rarely,No,3,2,2,10,Low
EMP1200,Research & Development,Research Scientist,1,44,Male,Active Directory,Write,Leaver,Yes,6,4,0,2,Travel_Rarely,Yes,3,6,4,80,Critical
EMP1200,Research & Development,Research Scientist,1,44,Male,SAP,Write,Leaver,Yes,6,4,0,2,Travel_Rarely,Yes,3,6,4,80,Critical
EMP1200,Research & Development,Research Scientist,1,44,Male,SharePoint,Write,Leaver,Yes,6,4,0,2,Travel_Rarely,Yes,3,6,4,80,Critical
EMP1200,Research & Development,Research Scientist,1,44,Male,ServiceNow,Write,Leaver,Yes,6,4,0,2,Travel_Rarely,Yes,3,6,4,80,Critical
EMP1200,Research & Development,Research Scientist,1,44,Male,Lab Systems,Write,Leaver,Yes,6,4,0,2,Travel_Rarely,Yes,3,6,4,80,Critical
EMP1201,Research & Development,Manager,5,53,Female,Active Directory,Write,Stable,No,7,7,4,7,Travel_Rarely,No,3,26,6,30,Medium
EMP1201,Research & Development,Manager,5,53,Female,SAP,Write,Stable,No,7,7,4,7,Travel_Rarely,No,3,26,6,30,Medium
EMP1201,Research & Development,Manager,5,53,Female,SharePoint,Write,Stable,No,7,7,4,7,Travel_Rarely,No,3,26,6,30,Medium
EMP1201,Research & Development,Manager,5,53,Female,ServiceNow,Write,Stable,No,7,7,4,7,Travel_Rarely,No,3,26,6,30,Medium
EMP1201,Research & Development,Manager,5,53,Female,Lab Systems,Write,Stable,No,7,7,4,7,Travel_Rarely,No,3,26,6,30,Medium
EMP1202,Research & Development,Research Scientist,1,29,Female,Active Directory,Write,Stable,No,5,4,1,3,Travel_Rarely,Yes,3,6,2,30,Medium
EMP1202,Research & Development,Research Scientist,1,29,Female,SAP,Write,Stable,No,5,4,1,3,Travel_Rarely,Yes,3,6,2,30,Medium
EMP1202,Research & Development,Research Scientist,1,29,Female,SharePoint,Write,Stable,No,5,4,1,3,Travel_Rarely,Yes,3,6,2,30,Medium
EMP1202,Research & Development,Research Scientist,1,29,Female,ServiceNow,Write,Stable,No,5,4,1,3,Travel_Rarely,Yes,3,6,2,30,Medium
EMP1202,Research & Development,Research Scientist,1,29,Female,Lab Systems,Write,Stable,No,5,4,1,3,Travel_Rarely,Yes,3,6,2,30,Medium
EMP1203,Research & Development,Research Scientist,1,22,Male,Active Directory,Write,Leaver,Yes,0,0,0,0,Travel_Frequently,Yes,3,1,5,85,Critical
EMP1203,Research & Development,Research Scientist,1,22,Male,SAP,Write,Leaver,Yes,0,0,0,0,Travel_Frequently,Yes,3,1,5,85,Critical
EMP1203,Research & Development,Research Scientist,1,22,Male,SharePoint,Write,Leaver,Yes,0,0,0,0,Travel_Frequently,Yes,3,1,5,85,Critical
EMP1203,Research & Development,Research Scientist,1,22,Male,ServiceNow,Write,Leaver,Yes,0,0,0,0,Travel_Frequently,Yes,3,1,5,85,Critical
EMP1203,Research & Development,Research Scientist,1,22,Male,Lab Systems,Write,Leaver,Yes,0,0,0,0,Travel_Frequently,Yes,3,1,5,85,Critical
EMP1204,Sales,Manager,4,46,Female,Active Directory,Write,Stable,No,26,15,15,9,Travel_Rarely,No,4,28,2,35,Medium
EMP1204,Sales,Manager,4,46,Female,Salesforce,Write,Stable,No,26,15,15,9,Travel_Rarely,No,4,28,2,35,Medium
EMP1204,Sales,Manager,4,46,Female,SharePoint,Write,Stable,No,26,15,15,9,Travel_Rarely,No,4,28,2,35,Medium
EMP1204,Sales,Manager,4,46,Female,ServiceNow,Write,Stable,No,26,15,15,9,Travel_Rarely,No,4,28,2,35,Medium
EMP1204,Sales,Manager,4,46,Female,CRM Portal,Write,Stable,No,26,15,15,9,Travel_Rarely,No,4,28,2,35,Medium
EMP1206,Research & Development,Research Scientist,1,44,Male,Active Directory,Write,Mover,No,0,0,0,0,Non-Travel,No,3,6,3,45,Medium
EMP1206,Research & Development,Research Scientist,1,44,Male,SAP,Write,Mover,No,0,0,0,0,Non-Travel,No,3,6,3,45,Medium
EMP1206,Research & Development,Research Scientist,1,44,Male,SharePoint,Write,Mover,No,0,0,0,0,Non-Travel,No,3,6,3,45,Medium
EMP1206,Research & Development,Research Scientist,1,44,Male,ServiceNow,Write,Mover,No,0,0,0,0,Non-Travel,No,3,6,3,45,Medium
EMP1206,Research & Development,Research Scientist,1,44,Male,Lab Systems,Write,Mover,No,0,0,0,0,Non-Travel,No,3,6,3,45,Medium
EMP1207,Human Resources,Human Resources,1,33,Male,Active Directory,Read,Stable,No,5,4,1,4,Travel_Rarely,No,3,5,2,10,Low
EMP1207,Human Resources,Human Resources,1,33,Male,Workday,Read,Stable,No,5,4,1,4,Travel_Rarely,No,3,5,2,10,Low
EMP1207,Human Resources,Human Resources,1,33,Male,SharePoint,Read,Stable,No,5,4,1,4,Travel_Rarely,No,3,5,2,10,Low
EMP1207,Human Resources,Human Resources,1,33,Male,ServiceNow,Read,Stable,No,5,4,1,4,Travel_Rarely,No,3,5,2,10,Low
EMP1207,Human Resources,Human Resources,1,33,Male,HR Portal,Read,Stable,No,5,4,1,4,Travel_Rarely,No,3,5,2,10,Low
EMP1210,Research & Development,Research Scientist,1,41,Male,Active Directory,Write,Leaver,Yes,1,0,0,0,Non-Travel,No,3,5,2,65,High
EMP1210,Research & Development,Research Scientist,1,41,Male,SAP,Write,Leaver,Yes,1,0,0,0,Non-Travel,No,3,5,2,65,High
EMP1210,Research & Development,Research Scientist,1,41,Male,SharePoint,Write,Leaver,Yes,1,0,0,0,Non-Travel,No,3,5,2,65,High
EMP1210,Research & Development,Research Scientist,1,41,Male,ServiceNow,Write,Leaver,Yes,1,0,0,0,Non-Travel,No,3,5,2,65,High
EMP1210,Research & Development,Research Scientist,1,41,Male,Lab Systems,Write,Leaver,Yes,1,0,0,0,Non-Travel,No,3,5,2,65,High
EMP1211,Sales,Sales Executive,2,30,Male,Active Directory,Write,Stable,No,4,3,0,3,Travel_Rarely,No,3,8,3,20,Low
EMP1211,Sales,Sales Executive,2,30,Male,Salesforce,Write,Stable,No,4,3,0,3,Travel_Rarely,No,3,8,3,20,Low
EMP1211,Sales,Sales Executive,2,30,Male,SharePoint,Write,Stable,No,4,3,0,3,Travel_Rarely,No,3,8,3,20,Low
EMP1211,Sales,Sales Executive,2,30,Male,ServiceNow,Write,Stable,No,4,3,0,3,Travel_Rarely,No,3,8,3,20,Low
EMP1211,Sales,Sales Executive,2,30,Male,CRM Portal,Write,Stable,No,4,3,0,3,Travel_Rarely,No,3,8,3,20,Low
EMP1212,Sales,Sales Executive,2,40,Male,Active Directory,Write,Mover,No,0,0,0,0,Travel_Frequently,No,3,5,2,55,High
EMP1212,Sales,Sales Executive,2,40,Male,Salesforce,Write,Mover,No,0,0,0,0,Travel_Frequently,No,3,5,2,55,High
EMP1212,Sales,Sales Executive,2,40,Male,SharePoint,Write,Mover,No,0,0,0,0,Travel_Frequently,No,3,5,2,55,High
EMP1212,Sales,Sales Executive,2,40,Male,ServiceNow,Write,Mover,No,0,0,0,0,Travel_Frequently,No,3,5,2,55,High
EMP1212,Sales,Sales Executive,2,40,Male,CRM Portal,Write,Mover,No,0,0,0,0,Travel_Frequently,No,3,5,2,55,High
EMP1215,Research & Development,Manager,4,50,Female,Active Directory,Write,Stable,No,2,2,2,2,Travel_Frequently,No,4,32,3,25,Low
EMP1215,Research & Development,Manager,4,50,Female,SAP,Write,Stable,No,2,2,2,2,Travel_Frequently,No,4,32,3,25,Low
EMP1215,Research & Development,Manager,4,50,Female,SharePoint,Write,Stable,No,2,2,2,2,Travel_Frequently,No,4,32,3,25,Low
EMP1215,Research & Development,Manager,4,50,Female,ServiceNow,Write,Stable,No,2,2,2,2,Travel_Frequently,No,4,32,3,25,Low
EMP1215,Research & Development,Manager,4,50,Female,Lab Systems,Write,Stable,No,2,2,2,2,Travel_Frequently,No,4,32,3,25,Low
EMP1216,Research & Development,Laboratory Technician,1,28,Male,Active Directory,Read,Stable,No,6,5,3,3,Travel_Rarely,No,3,6,2,20,Low
EMP1216,Research & Development,Laboratory Technician,1,28,Male,SAP,Read,Stable,No,6,5,3,3,Travel_Rarely,No,3,6,2,20,Low
EMP1216,Research & Development,Laboratory Technician,1,28,Male,SharePoint,Read,Stable,No,6,5,3,3,Travel_Rarely,No,3,6,2,20,Low
EMP1216,Research & Development,Laboratory Technician,1,28,Male,ServiceNow,Read,Stable,No,6,5,3,3,Travel_Rarely,No,3,6,2,20,Low
EMP1216,Research & Development,Laboratory Technician,1,28,Male,Lab Systems,Read,Stable,No,6,5,3,3,Travel_Rarely,No,3,6,2,20,Low
EMP1217,Research & Development,Research Director,5,46,Male,Active Directory,Admin,Stable,No,4,2,0,3,Travel_Rarely,No,3,25,2,35,Medium
EMP1217,Research & Development,Research Director,5,46,Male,SAP,Admin,Stable,No,4,2,0,3,Travel_Rarely,No,3,25,2,35,Medium
EMP1217,Research & Development,Research Director,5,46,Male,SharePoint,Admin,Stable,No,4,2,0,3,Travel_Rarely,No,3,25,2,35,Medium
EMP1217,Research & Development,Research Director,5,46,Male,ServiceNow,Admin,Stable,No,4,2,0,3,Travel_Rarely,No,3,25,2,35,Medium
EMP1217,Research & Development,Research Director,5,46,Male,Lab Systems,Admin,Stable,No,4,2,0,3,Travel_Rarely,No,3,25,2,35,Medium
EMP1218,Sales,Sales Executive,2,35,Male,Active Directory,Write,Stable,No,7,7,1,7,Travel_Rarely,Yes,3,15,2,40,Medium
EMP1218,Sales,Sales Executive,2,35,Male,Salesforce,Write,Stable,No,7,7,1,7,Travel_Rarely,Yes,3,15,2,40,Medium
EMP1218,Sales,Sales Executive,2,35,Male,SharePoint,Write,Stable,No,7,7,1,7,Travel_Rarely,Yes,3,15,2,40,Medium
EMP1218,Sales,Sales Executive,2,35,Male,ServiceNow,Write,Stable,No,7,7,1,7,Travel_Rarely,Yes,3,15,2,40,Medium
EMP1218,Sales,Sales Executive,2,35,Male,CRM Portal,Write,Stable,No,7,7,1,7,Travel_Rarely,Yes,3,15,2,40,Medium
EMP1219,Research & Development,Laboratory Technician,1,24,Female,Active Directory,Read,Leaver,Yes,1,0,0,0,Travel_Rarely,No,3,1,3,60,High
EMP1219,Research & Development,Laboratory Technician,1,24,Female,SAP,Read,Leaver,Yes,1,0,0,0,Travel_Rarely,No,3,1,3,60,High
EMP1219,Research & Development,Laboratory Technician,1,24,Female,SharePoint,Read,Leaver,Yes,1,0,0,0,Travel_Rarely,No,3,1,3,60,High
EMP1219,Research & Development,Laboratory Technician,1,24,Female,ServiceNow,Read,Leaver,Yes,1,0,0,0,Travel_Rarely,No,3,1,3,60,High
EMP1219,Research & Development,Laboratory Technician,1,24,Female,Lab Systems,Read,Leaver,Yes,1,0,0,0,Travel_Rarely,No,3,1,3,60,High
EMP1220,Sales,Sales Executive,2,33,Female,Active Directory,Write,Stable,No,10,7,0,1,Travel_Frequently,No,3,10,3,45,Medium
EMP1220,Sales,Sales Executive,2,33,Female,Salesforce,Write,Stable,No,10,7,0,1,Travel_Frequently,No,3,10,3,45,Medium
EMP1220,Sales,Sales Executive,2,33,Female,SharePoint,Write,Stable,No,10,7,0,1,Travel_Frequently,No,3,10,3,45,Medium
EMP1220,Sales,Sales Executive,2,33,Female,ServiceNow,Write,Stable,No,10,7,0,1,Travel_Frequently,No,3,10,3,45,Medium
EMP1220,Sales,Sales Executive,2,33,Female,CRM Portal,Write,Stable,No,10,7,0,1,Travel_Frequently,No,3,10,3,45,Medium
EMP1221,Research & Development,Laboratory Technician,1,36,Male,Active Directory,Read,Stable,No,7,7,1,7,Travel_Rarely,No,3,7,4,20,Low
EMP1221,Research & Development,Laboratory Technician,1,36,Male,SAP,Read,Stable,No,7,7,1,7,Travel_Rarely,No,3,7,4,20,Low
EMP1221,Research & Development,Laboratory Technician,1,36,Male,SharePoint,Read,Stable,No,7,7,1,7,Travel_Rarely,No,3,7,4,20,Low
EMP1221,Research & Development,Laboratory Technician,1,36,Male,ServiceNow,Read,Stable,No,7,7,1,7,Travel_Rarely,No,3,7,4,20,Low
EMP1221,Research & Development,Laboratory Technician,1,36,Male,Lab Systems,Read,Stable,No,7,7,1,7,Travel_Rarely,No,3,7,4,20,Low
EMP1224,Research & Development,Laboratory Technician,2,30,Male,Active Directory,Read,Stable,No,10,7,8,9,Travel_Rarely,No,3,10,4,20,Low
EMP1224,Research & Development,Laboratory Technician,2,30,Male,SAP,Read,Stable,No,10,7,8,9,Travel_Rarely,No,3,10,4,20,Low
EMP1224,Research & Development,Laboratory Technician,2,30,Male,SharePoint,Read,Stable,No,10,7,8,9,Travel_Rarely,No,3,10,4,20,Low
EMP1224,Research & Development,Laboratory Technician,2,30,Male,ServiceNow,Read,Stable,No,10,7,8,9,Travel_Rarely,No,3,10,4,20,Low
EMP1224,Research & Development,Laboratory Technician,2,30,Male,Lab Systems,Read,Stable,No,10,7,8,9,Travel_Rarely,No,3,10,4,20,Low
EMP1225,Research & Development,Research Scientist,2,44,Male,Active Directory,Write,Stable,No,20,11,13,17,Travel_Rarely,No,4,20,3,35,Medium
EMP1225,Research & Development,Research Scientist,2,44,Male,SAP,Write,Stable,No,20,11,13,17,Travel_Rarely,No,4,20,3,35,Medium
EMP1225,Research & Development,Research Scientist,2,44,Male,SharePoint,Write,Stable,No,20,11,13,17,Travel_Rarely,No,4,20,3,35,Medium
EMP1225,Research & Development,Research Scientist,2,44,Male,ServiceNow,Write,Stable,No,20,11,13,17,Travel_Rarely,No,4,20,3,35,Medium
EMP1225,Research & Development,Research Scientist,2,44,Male,Lab Systems,Write,Stable,No,20,11,13,17,Travel_Rarely,No,4,20,3,35,Medium
EMP1226,Sales,Sales Representative,1,20,Male,Active Directory,Read,Mover,No,2,1,2,2,Travel_Rarely,No,3,2,2,30,Medium
EMP1226,Sales,Sales Representative,1,20,Male,Salesforce,Read,Mover,No,2,1,2,2,Travel_Rarely,No,3,2,2,30,Medium
EMP1226,Sales,Sales Representative,1,20,Male,SharePoint,Read,Mover,No,2,1,2,2,Travel_Rarely,No,3,2,2,30,Medium
EMP1226,Sales,Sales Representative,1,20,Male,ServiceNow,Read,Mover,No,2,1,2,2,Travel_Rarely,No,3,2,2,30,Medium
EMP1226,Sales,Sales Representative,1,20,Male,CRM Portal,Read,Mover,No,2,1,2,2,Travel_Rarely,No,3,2,2,30,Medium
EMP1228,Research & Development,Manufacturing Director,2,46,Male,Active Directory,Write,Stable,No,6,3,1,4,Travel_Rarely,No,3,12,3,30,Medium
EMP1228,Research & Development,Manufacturing Director,2,46,Male,SAP,Write,Stable,No,6,3,1,4,Travel_Rarely,No,3,12,3,30,Medium
EMP1228,Research & Development,Manufacturing Director,2,46,Male,SharePoint,Write,Stable,No,6,3,1,4,Travel_Rarely,No,3,12,3,30,Medium
EMP1228,Research & Development,Manufacturing Director,2,46,Male,ServiceNow,Write,Stable,No,6,3,1,4,Travel_Rarely,No,3,12,3,30,Medium
EMP1228,Research & Development,Manufacturing Director,2,46,Male,Lab Systems,Write,Stable,No,6,3,1,4,Travel_Rarely,No,3,12,3,30,Medium
EMP1231,Human Resources,Human Resources,2,42,Male,Active Directory,Read,Stable,No,4,3,0,3,Non-Travel,No,3,10,3,5,Low
EMP1231,Human Resources,Human Resources,2,42,Male,Workday,Read,Stable,No,4,3,0,3,Non-Travel,No,3,10,3,5,Low
EMP1231,Human Resources,Human Resources,2,42,Male,SharePoint,Read,Stable,No,4,3,0,3,Non-Travel,No,3,10,3,5,Low
EMP1231,Human Resources,Human Resources,2,42,Male,ServiceNow,Read,Stable,No,4,3,0,3,Non-Travel,No,3,10,3,5,Low
EMP1231,Human Resources,Human Resources,2,42,Male,HR Portal,Read,Stable,No,4,3,0,3,Non-Travel,No,3,10,3,5,Low
EMP1233,Sales,Sales Executive,2,60,Male,Active Directory,Write,Stable,No,11,7,1,9,Travel_Rarely,Yes,3,12,3,45,Medium
EMP1233,Sales,Sales Executive,2,60,Male,Salesforce,Write,Stable,No,11,7,1,9,Travel_Rarely,Yes,3,12,3,45,Medium
EMP1233,Sales,Sales Executive,2,60,Male,SharePoint,Write,Stable,No,11,7,1,9,Travel_Rarely,Yes,3,12,3,45,Medium
EMP1233,Sales,Sales Executive,2,60,Male,ServiceNow,Write,Stable,No,11,7,1,9,Travel_Rarely,Yes,3,12,3,45,Medium
EMP1233,Sales,Sales Executive,2,60,Male,CRM Portal,Write,Stable,No,11,7,1,9,Travel_Rarely,Yes,3,12,3,45,Medium
EMP1234,Research & Development,Laboratory Technician,1,32,Female,Active Directory,Read,Stable,No,2,2,2,2,Travel_Frequently,No,4,2,2,15,Low
EMP1234,Research & Development,Laboratory Technician,1,32,Female,SAP,Read,Stable,No,2,2,2,2,Travel_Frequently,No,4,2,2,15,Low
EMP1234,Research & Development,Laboratory Technician,1,32,Female,SharePoint,Read,Stable,No,2,2,2,2,Travel_Frequently,No,4,2,2,15,Low
EMP1234,Research & Development,Laboratory Technician,1,32,Female,ServiceNow,Read,Stable,No,2,2,2,2,Travel_Frequently,No,4,2,2,15,Low
EMP1234,Research & Development,Laboratory Technician,1,32,Female,Lab Systems,Read,Stable,No,2,2,2,2,Travel_Frequently,No,4,2,2,15,Low
EMP1235,Research & Development,Research Scientist,2,32,Female,Active Directory,Write,Stable,No,8,7,0,7,Travel_Frequently,Yes,3,10,2,45,Medium
EMP1235,Research & Development,Research Scientist,2,32,Female,SAP,Write,Stable,No,8,7,0,7,Travel_Frequently,Yes,3,10,2,45,Medium
EMP1235,Research & Development,Research Scientist,2,32,Female,SharePoint,Write,Stable,No,8,7,0,7,Travel_Frequently,Yes,3,10,2,45,Medium
EMP1235,Research & Development,Research Scientist,2,32,Female,ServiceNow,Write,Stable,No,8,7,0,7,Travel_Frequently,Yes,3,10,2,45,Medium
EMP1235,Research & Development,Research Scientist,2,32,Female,Lab Systems,Write,Stable,No,8,7,0,7,Travel_Frequently,Yes,3,10,2,45,Medium
EMP1237,Research & Development,Manufacturing Director,3,36,Female,Active Directory,Write,Stable,No,7,7,7,7,Travel_Rarely,Yes,4,17,2,40,Medium
EMP1237,Research & Development,Manufacturing Director,3,36,Female,SAP,Write,Stable,No,7,7,7,7,Travel_Rarely,Yes,4,17,2,40,Medium
EMP1237,Research & Development,Manufacturing Director,3,36,Female,SharePoint,Write,Stable,No,7,7,7,7,Travel_Rarely,Yes,4,17,2,40,Medium
EMP1237,Research & Development,Manufacturing Director,3,36,Female,ServiceNow,Write,Stable,No,7,7,7,7,Travel_Rarely,Yes,4,17,2,40,Medium
EMP1237,Research & Development,Manufacturing Director,3,36,Female,Lab Systems,Write,Stable,No,7,7,7,7,Travel_Rarely,Yes,4,17,2,40,Medium
EMP1238,Research & Development,Research Scientist,1,33,Male,Active Directory,Write,Stable,No,14,10,4,10,Travel_Rarely,No,3,15,5,35,Medium
EMP1238,Research & Development,Research Scientist,1,33,Male,SAP,Write,Stable,No,14,10,4,10,Travel_Rarely,No,3,15,5,35,Medium
EMP1238,Research & Development,Research Scientist,1,33,Male,SharePoint,Write,Stable,No,14,10,4,10,Travel_Rarely,No,3,15,5,35,Medium
EMP1238,Research & Development,Research Scientist,1,33,Male,ServiceNow,Write,Stable,No,14,10,4,10,Travel_Rarely,No,3,15,5,35,Medium
EMP1238,Research & Development,Research Scientist,1,33,Male,Lab Systems,Write,Stable,No,14,10,4,10,Travel_Rarely,No,3,15,5,35,Medium
EMP1239,Sales,Sales Executive,2,40,Female,Active Directory,Write,Mover,No,5,1,1,3,Travel_Rarely,No,3,7,2,40,Medium
EMP1239,Sales,Sales Executive,2,40,Female,Salesforce,Write,Mover,No,5,1,1,3,Travel_Rarely,No,3,7,2,40,Medium
EMP1239,Sales,Sales Executive,2,40,Female,SharePoint,Write,Mover,No,5,1,1,3,Travel_Rarely,No,3,7,2,40,Medium
EMP1239,Sales,Sales Executive,2,40,Female,ServiceNow,Write,Mover,No,5,1,1,3,Travel_Rarely,No,3,7,2,40,Medium
EMP1239,Sales,Sales Executive,2,40,Female,CRM Portal,Write,Mover,No,5,1,1,3,Travel_Rarely,No,3,7,2,40,Medium
EMP1240,Sales,Sales Executive,2,25,Male,Active Directory,Write,Stable,No,4,3,1,1,Travel_Rarely,No,3,5,4,30,Medium
EMP1240,Sales,Sales Executive,2,25,Male,Salesforce,Write,Stable,No,4,3,1,1,Travel_Rarely,No,3,5,4,30,Medium
EMP1240,Sales,Sales Executive,2,25,Male,SharePoint,Write,Stable,No,4,3,1,1,Travel_Rarely,No,3,5,4,30,Medium
EMP1240,Sales,Sales Executive,2,25,Male,ServiceNow,Write,Stable,No,4,3,1,1,Travel_Rarely,No,3,5,4,30,Medium
EMP1240,Sales,Sales Executive,2,25,Male,CRM Portal,Write,Stable,No,4,3,1,1,Travel_Rarely,No,3,5,4,30,Medium
EMP1241,Research & Development,Research Scientist,1,30,Male,Active Directory,Write,Stable,No,11,9,5,7,Travel_Rarely,Yes,4,12,2,45,Medium
EMP1241,Research & Development,Research Scientist,1,30,Male,SAP,Write,Stable,No,11,9,5,7,Travel_Rarely,Yes,4,12,2,45,Medium
EMP1241,Research & Development,Research Scientist,1,30,Male,SharePoint,Write,Stable,No,11,9,5,7,Travel_Rarely,Yes,4,12,2,45,Medium
EMP1241,Research & Development,Research Scientist,1,30,Male,ServiceNow,Write,Stable,No,11,9,5,7,Travel_Rarely,Yes,4,12,2,45,Medium
EMP1241,Research & Development,Research Scientist,1,30,Male,Lab Systems,Write,Stable,No,11,9,5,7,Travel_Rarely,Yes,4,12,2,45,Medium
EMP1242,Research & Development,Research Director,3,42,Female,Active Directory,Admin,Mover,No,1,0,0,0,Travel_Frequently,Yes,3,20,6,80,Critical
EMP1242,Research & Development,Research Director,3,42,Female,SAP,Admin,Mover,No,1,0,0,0,Travel_Frequently,Yes,3,20,6,80,Critical
EMP1242,Research & Development,Research Director,3,42,Female,SharePoint,Admin,Mover,No,1,0,0,0,Travel_Frequently,Yes,3,20,6,80,Critical
EMP1242,Research & Development,Research Director,3,42,Female,ServiceNow,Admin,Mover,No,1,0,0,0,Travel_Frequently,Yes,3,20,6,80,Critical
EMP1242,Research & Development,Research Director,3,42,Female,Lab Systems,Admin,Mover,No,1,0,0,0,Travel_Frequently,Yes,3,20,6,80,Critical
EMP1243,Sales,Sales Executive,3,35,Female,Active Directory,Write,Stable,No,13,2,4,12,Non-Travel,Yes,3,16,6,40,Medium
EMP1243,Sales,Sales Executive,3,35,Female,Salesforce,Write,Stable,No,13,2,4,12,Non-Travel,Yes,3,16,6,40,Medium
EMP1243,Sales,Sales Executive,3,35,Female,SharePoint,Write,Stable,No,13,2,4,12,Non-Travel,Yes,3,16,6,40,Medium
EMP1243,Sales,Sales Executive,3,35,Female,ServiceNow,Write,Stable,No,13,2,4,12,Non-Travel,Yes,3,16,6,40,Medium
EMP1243,Sales,Sales Executive,3,35,Female,CRM Portal,Write,Stable,No,13,2,4,12,Non-Travel,Yes,3,16,6,40,Medium
EMP1244,Research & Development,Research Scientist,1,27,Male,Active Directory,Write,Stable,No,9,7,6,8,Travel_Rarely,Yes,3,9,3,40,Medium
EMP1244,Research & Development,Research Scientist,1,27,Male,SAP,Write,Stable,No,9,7,6,8,Travel_Rarely,Yes,3,9,3,40,Medium
EMP1244,Research & Development,Research Scientist,1,27,Male,SharePoint,Write,Stable,No,9,7,6,8,Travel_Rarely,Yes,3,9,3,40,Medium
EMP1244,Research & Development,Research Scientist,1,27,Male,ServiceNow,Write,Stable,No,9,7,6,8,Travel_Rarely,Yes,3,9,3,40,Medium
EMP1244,Research & Development,Research Scientist,1,27,Male,Lab Systems,Write,Stable,No,9,7,6,8,Travel_Rarely,Yes,3,9,3,40,Medium
EMP1245,Research & Development,Manufacturing Director,3,54,Female,Active Directory,Write,Stable,No,5,4,1,4,Travel_Frequently,No,3,33,2,25,Low
EMP1245,Research & Development,Manufacturing Director,3,54,Female,SAP,Write,Stable,No,5,4,1,4,Travel_Frequently,No,3,33,2,25,Low
EMP1245,Research & Development,Manufacturing Director,3,54,Female,SharePoint,Write,Stable,No,5,4,1,4,Travel_Frequently,No,3,33,2,25,Low
EMP1245,Research & Development,Manufacturing Director,3,54,Female,ServiceNow,Write,Stable,No,5,4,1,4,Travel_Frequently,No,3,33,2,25,Low
EMP1245,Research & Development,Manufacturing Director,3,54,Female,Lab Systems,Write,Stable,No,5,4,1,4,Travel_Frequently,No,3,33,2,25,Low
EMP1246,Research & Development,Research Scientist,1,44,Female,Active Directory,Write,Stable,No,10,5,7,7,Travel_Rarely,No,3,10,5,30,Medium
EMP1246,Research & Development,Research Scientist,1,44,Female,SAP,Write,Stable,No,10,5,7,7,Travel_Rarely,No,3,10,5,30,Medium
EMP1246,Research & Development,Research Scientist,1,44,Female,SharePoint,Write,Stable,No,10,5,7,7,Travel_Rarely,No,3,10,5,30,Medium
EMP1246,Research & Development,Research Scientist,1,44,Female,ServiceNow,Write,Stable,No,10,5,7,7,Travel_Rarely,No,3,10,5,30,Medium
EMP1246,Research & Development,Research Scientist,1,44,Female,Lab Systems,Write,Stable,No,10,5,7,7,Travel_Rarely,No,3,10,5,30,Medium
EMP1248,Research & Development,Research Scientist,1,19,Female,Active Directory,Write,Leaver,Yes,1,1,0,0,Non-Travel,Yes,4,1,2,75,Critical
EMP1248,Research & Development,Research Scientist,1,19,Female,SAP,Write,Leaver,Yes,1,1,0,0,Non-Travel,Yes,4,1,2,75,Critical
EMP1248,Research & Development,Research Scientist,1,19,Female,SharePoint,Write,Leaver,Yes,1,1,0,0,Non-Travel,Yes,4,1,2,75,Critical
EMP1248,Research & Development,Research Scientist,1,19,Female,ServiceNow,Write,Leaver,Yes,1,1,0,0,Non-Travel,Yes,4,1,2,75,Critical
EMP1248,Research & Development,Research Scientist,1,19,Female,Lab Systems,Write,Leaver,Yes,1,1,0,0,Non-Travel,Yes,4,1,2,75,Critical
EMP1249,Research & Development,Research Scientist,1,29,Female,Active Directory,Write,Stable,No,3,2,1,2,Travel_Rarely,No,3,3,5,20,Low
EMP1249,Research & Development,Research Scientist,1,29,Female,SAP,Write,Stable,No,3,2,1,2,Travel_Rarely,No,3,3,5,20,Low
EMP1249,Research & Development,Research Scientist,1,29,Female,SharePoint,Write,Stable,No,3,2,1,2,Travel_Rarely,No,3,3,5,20,Low
EMP1249,Research & Development,Research Scientist,1,29,Female,ServiceNow,Write,Stable,No,3,2,1,2,Travel_Rarely,No,3,3,5,20,Low
EMP1249,Research & Development,Research Scientist,1,29,Female,Lab Systems,Write,Stable,No,3,2,1,2,Travel_Rarely,No,3,3,5,20,Low
EMP1250,Research & Development,Research Director,4,54,Male,Active Directory,Admin,Stable,No,10,9,0,9,Travel_Rarely,No,3,36,2,45,Medium
EMP1250,Research & Development,Research Director,4,54,Male,SAP,Admin,Stable,No,10,9,0,9,Travel_Rarely,No,3,36,2,45,Medium
EMP1250,Research & Development,Research Director,4,54,Male,SharePoint,Admin,Stable,No,10,9,0,9,Travel_Rarely,No,3,36,2,45,Medium
EMP1250,Research & Development,Research Director,4,54,Male,ServiceNow,Admin,Stable,No,10,9,0,9,Travel_Rarely,No,3,36,2,45,Medium
EMP1250,Research & Development,Research Director,4,54,Male,Lab Systems,Admin,Stable,No,10,9,0,9,Travel_Rarely,No,3,36,2,45,Medium
EMP1251,Research & Development,Healthcare Representative,2,31,Male,Active Directory,Read,Stable,No,6,5,0,1,Travel_Rarely,Yes,3,6,2,40,Medium
EMP1251,Research & Development,Healthcare Representative,2,31,Male,SAP,Read,Stable,No,6,5,0,1,Travel_Rarely,Yes,3,6,2,40,Medium
EMP1251,Research & Development,Healthcare Representative,2,31,Male,SharePoint,Read,Stable,No,6,5,0,1,Travel_Rarely,Yes,3,6,2,40,Medium
EMP1251,Research & Development,Healthcare Representative,2,31,Male,ServiceNow,Read,Stable,No,6,5,0,1,Travel_Rarely,Yes,3,6,2,40,Medium
EMP1251,Research & Development,Healthcare Representative,2,31,Male,Lab Systems,Read,Stable,No,6,5,0,1,Travel_Rarely,Yes,3,6,2,40,Medium
EMP1252,Research & Development,Healthcare Representative,2,31,Female,Active Directory,Read,Stable,No,10,9,1,8,Travel_Rarely,No,3,10,2,20,Low
EMP1252,Research & Development,Healthcare Representative,2,31,Female,SAP,Read,Stable,No,10,9,1,8,Travel_Rarely,No,3,10,2,20,Low
EMP1252,Research & Development,Healthcare Representative,2,31,Female,SharePoint,Read,Stable,No,10,9,1,8,Travel_Rarely,No,3,10,2,20,Low
EMP1252,Research & Development,Healthcare Representative,2,31,Female,ServiceNow,Read,Stable,No,10,9,1,8,Travel_Rarely,No,3,10,2,20,Low
EMP1252,Research & Development,Healthcare Representative,2,31,Female,Lab Systems,Read,Stable,No,10,9,1,8,Travel_Rarely,No,3,10,2,20,Low
EMP1254,Sales,Sales Executive,2,59,Female,Active Directory,Write,Mover,No,6,1,0,5,Travel_Rarely,No,3,13,2,50,High
EMP1254,Sales,Sales Executive,2,59,Female,Salesforce,Write,Mover,No,6,1,0,5,Travel_Rarely,No,3,13,2,50,High
EMP1254,Sales,Sales Executive,2,59,Female,SharePoint,Write,Mover,No,6,1,0,5,Travel_Rarely,No,3,13,2,50,High
EMP1254,Sales,Sales Executive,2,59,Female,ServiceNow,Write,Mover,No,6,1,0,5,Travel_Rarely,No,3,13,2,50,High
EMP1254,Sales,Sales Executive,2,59,Female,CRM Portal,Write,Mover,No,6,1,0,5,Travel_Rarely,No,3,13,2,50,High
EMP1255,Research & Development,Research Director,5,43,Male,Active Directory,Admin,Stable,No,8,7,0,7,Travel_Rarely,No,3,25,2,45,Medium
EMP1255,Research & Development,Research Director,5,43,Male,SAP,Admin,Stable,No,8,7,0,7,Travel_Rarely,No,3,25,2,45,Medium
EMP1255,Research & Development,Research Director,5,43,Male,SharePoint,Admin,Stable,No,8,7,0,7,Travel_Rarely,No,3,25,2,45,Medium
EMP1255,Research & Development,Research Director,5,43,Male,ServiceNow,Admin,Stable,No,8,7,0,7,Travel_Rarely,No,3,25,2,45,Medium
EMP1255,Research & Development,Research Director,5,43,Male,Lab Systems,Admin,Stable,No,8,7,0,7,Travel_Rarely,No,3,25,2,45,Medium
EMP1256,Research & Development,Manager,5,49,Male,Active Directory,Write,Mover,No,1,0,0,0,Travel_Rarely,No,3,23,2,50,High
EMP1256,Research & Development,Manager,5,49,Male,SAP,Write,Mover,No,1,0,0,0,Travel_Rarely,No,3,23,2,50,High
EMP1256,Research & Development,Manager,5,49,Male,SharePoint,Write,Mover,No,1,0,0,0,Travel_Rarely,No,3,23,2,50,High
EMP1256,Research & Development,Manager,5,49,Male,ServiceNow,Write,Mover,No,1,0,0,0,Travel_Rarely,No,3,23,2,50,High
EMP1256,Research & Development,Manager,5,49,Male,Lab Systems,Write,Mover,No,1,0,0,0,Travel_Rarely,No,3,23,2,50,High
EMP1257,Research & Development,Research Scientist,1,36,Male,Active Directory,Write,Stable,No,11,10,0,7,Travel_Frequently,No,3,12,2,40,Medium
EMP1257,Research & Development,Research Scientist,1,36,Male,SAP,Write,Stable,No,11,10,0,7,Travel_Frequently,No,3,12,2,40,Medium
EMP1257,Research & Development,Research Scientist,1,36,Male,SharePoint,Write,Stable,No,11,10,0,7,Travel_Frequently,No,3,12,2,40,Medium
EMP1257,Research & Development,Research Scientist,1,36,Male,ServiceNow,Write,Stable,No,11,10,0,7,Travel_Frequently,No,3,12,2,40,Medium
EMP1257,Research & Development,Research Scientist,1,36,Male,Lab Systems,Write,Stable,No,11,10,0,7,Travel_Frequently,No,3,12,2,40,Medium
EMP1258,Research & Development,Laboratory Technician,1,48,Male,Active Directory,Read,Mover,No,1,0,0,0,Travel_Rarely,No,3,7,4,40,Medium
EMP1258,Research & Development,Laboratory Technician,1,48,Male,SAP,Read,Mover,No,1,0,0,0,Travel_Rarely,No,3,7,4,40,Medium
EMP1258,Research & Development,Laboratory Technician,1,48,Male,SharePoint,Read,Mover,No,1,0,0,0,Travel_Rarely,No,3,7,4,40,Medium
EMP1258,Research & Development,Laboratory Technician,1,48,Male,ServiceNow,Read,Mover,No,1,0,0,0,Travel_Rarely,No,3,7,4,40,Medium
EMP1258,Research & Development,Laboratory Technician,1,48,Male,Lab Systems,Read,Mover,No,1,0,0,0,Travel_Rarely,No,3,7,4,40,Medium
EMP1259,Research & Development,Research Scientist,1,27,Male,Active Directory,Write,Stable,No,5,3,0,3,Travel_Rarely,No,3,5,2,20,Low
EMP1259,Research & Development,Research Scientist,1,27,Male,SAP,Write,Stable,No,5,3,0,3,Travel_Rarely,No,3,5,2,20,Low
EMP1259,Research & Development,Research Scientist,1,27,Male,SharePoint,Write,Stable,No,5,3,0,3,Travel_Rarely,No,3,5,2,20,Low
EMP1259,Research & Development,Research Scientist,1,27,Male,ServiceNow,Write,Stable,No,5,3,0,3,Travel_Rarely,No,3,5,2,20,Low
EMP1259,Research & Development,Research Scientist,1,27,Male,Lab Systems,Write,Stable,No,5,3,0,3,Travel_Rarely,No,3,5,2,20,Low
EMP1260,Research & Development,Healthcare Representative,2,29,Male,Active Directory,Read,Mover,No,6,0,1,0,Travel_Rarely,Yes,3,6,2,60,High
EMP1260,Research & Development,Healthcare Representative,2,29,Male,SAP,Read,Mover,No,6,0,1,0,Travel_Rarely,Yes,3,6,2,60,High
EMP1260,Research & Development,Healthcare Representative,2,29,Male,SharePoint,Read,Mover,No,6,0,1,0,Travel_Rarely,Yes,3,6,2,60,High
EMP1260,Research & Development,Healthcare Representative,2,29,Male,ServiceNow,Read,Mover,No,6,0,1,0,Travel_Rarely,Yes,3,6,2,60,High
EMP1260,Research & Development,Healthcare Representative,2,29,Male,Lab Systems,Read,Mover,No,6,0,1,0,Travel_Rarely,Yes,3,6,2,60,High
EMP1263,Research & Development,Research Director,5,48,Male,Active Directory,Admin,Mover,No,1,0,0,0,Travel_Rarely,No,3,25,3,65,High
EMP1263,Research & Development,Research Director,5,48,Male,SAP,Admin,Mover,No,1,0,0,0,Travel_Rarely,No,3,25,3,65,High
EMP1263,Research & Development,Research Director,5,48,Male,SharePoint,Admin,Mover,No,1,0,0,0,Travel_Rarely,No,3,25,3,65,High
EMP1263,Research & Development,Research Director,5,48,Male,ServiceNow,Admin,Mover,No,1,0,0,0,Travel_Rarely,No,3,25,3,65,High
EMP1263,Research & Development,Research Director,5,48,Male,Lab Systems,Admin,Mover,No,1,0,0,0,Travel_Rarely,No,3,25,3,65,High
EMP1264,Research & Development,Research Director,4,29,Female,Active Directory,Admin,Stable,No,7,7,1,7,Travel_Rarely,No,3,9,2,45,Medium
EMP1264,Research & Development,Research Director,4,29,Female,SAP,Admin,Stable,No,7,7,1,7,Travel_Rarely,No,3,9,2,45,Medium
EMP1264,Research & Development,Research Director,4,29,Female,SharePoint,Admin,Stable,No,7,7,1,7,Travel_Rarely,No,3,9,2,45,Medium
EMP1264,Research & Development,Research Director,4,29,Female,ServiceNow,Admin,Stable,No,7,7,1,7,Travel_Rarely,No,3,9,2,45,Medium
EMP1264,Research & Development,Research Director,4,29,Female,Lab Systems,Admin,Stable,No,7,7,1,7,Travel_Rarely,No,3,9,2,45,Medium
EMP1265,Research & Development,Research Scientist,1,34,Female,Active Directory,Write,Mover,No,1,0,0,0,Travel_Rarely,No,3,2,5,50,High
EMP1265,Research & Development,Research Scientist,1,34,Female,SAP,Write,Mover,No,1,0,0,0,Travel_Rarely,No,3,2,5,50,High
EMP1265,Research & Development,Research Scientist,1,34,Female,SharePoint,Write,Mover,No,1,0,0,0,Travel_Rarely,No,3,2,5,50,High
EMP1265,Research & Development,Research Scientist,1,34,Female,ServiceNow,Write,Mover,No,1,0,0,0,Travel_Rarely,No,3,2,5,50,High
EMP1265,Research & Development,Research Scientist,1,34,Female,Lab Systems,Write,Mover,No,1,0,0,0,Travel_Rarely,No,3,2,5,50,High
EMP1267,Sales,Manager,5,44,Male,Active Directory,Write,Stable,No,22,9,3,10,Travel_Rarely,No,3,26,5,35,Medium
EMP1267,Sales,Manager,5,44,Male,Salesforce,Write,Stable,No,22,9,3,10,Travel_Rarely,No,3,26,5,35,Medium
EMP1267,Sales,Manager,5,44,Male,SharePoint,Write,Stable,No,22,9,3,10,Travel_Rarely,No,3,26,5,35,Medium
EMP1267,Sales,Manager,5,44,Male,ServiceNow,Write,Stable,No,22,9,3,10,Travel_Rarely,No,3,26,5,35,Medium
EMP1267,Sales,Manager,5,44,Male,CRM Portal,Write,Stable,No,22,9,3,10,Travel_Rarely,No,3,26,5,35,Medium
EMP1268,Sales,Sales Executive,3,33,Male,Active Directory,Write,Stable,No,9,8,0,8,Travel_Rarely,Yes,3,10,3,40,Medium
EMP1268,Sales,Sales Executive,3,33,Male,Salesforce,Write,Stable,No,9,8,0,8,Travel_Rarely,Yes,3,10,3,40,Medium
EMP1268,Sales,Sales Executive,3,33,Male,SharePoint,Write,Stable,No,9,8,0,8,Travel_Rarely,Yes,3,10,3,40,Medium
EMP1268,Sales,Sales Executive,3,33,Male,ServiceNow,Write,Stable,No,9,8,0,8,Travel_Rarely,Yes,3,10,3,40,Medium
EMP1268,Sales,Sales Executive,3,33,Male,CRM Portal,Write,Stable,No,9,8,0,8,Travel_Rarely,Yes,3,10,3,40,Medium
EMP1269,Research & Development,Research Scientist,1,19,Female,Active Directory,Write,Mover,No,1,0,0,1,Travel_Rarely,Yes,3,1,2,60,High
EMP1269,Research & Development,Research Scientist,1,19,Female,SAP,Write,Mover,No,1,0,0,1,Travel_Rarely,Yes,3,1,2,60,High
EMP1269,Research & Development,Research Scientist,1,19,Female,SharePoint,Write,Mover,No,1,0,0,1,Travel_Rarely,Yes,3,1,2,60,High
EMP1269,Research & Development,Research Scientist,1,19,Female,ServiceNow,Write,Mover,No,1,0,0,1,Travel_Rarely,Yes,3,1,2,60,High
EMP1269,Research & Development,Research Scientist,1,19,Female,Lab Systems,Write,Mover,No,1,0,0,1,Travel_Rarely,Yes,3,1,2,60,High
EMP1270,Research & Development,Research Scientist,1,23,Male,Active Directory,Write,Mover,No,1,0,0,1,Travel_Rarely,No,4,1,2,50,High
EMP1270,Research & Development,Research Scientist,1,23,Male,SAP,Write,Mover,No,1,0,0,1,Travel_Rarely,No,4,1,2,50,High
EMP1270,Research & Development,Research Scientist,1,23,Male,SharePoint,Write,Mover,No,1,0,0,1,Travel_Rarely,No,4,1,2,50,High
EMP1270,Research & Development,Research Scientist,1,23,Male,ServiceNow,Write,Mover,No,1,0,0,1,Travel_Rarely,No,4,1,2,50,High
EMP1270,Research & Development,Research Scientist,1,23,Male,Lab Systems,Write,Mover,No,1,0,0,1,Travel_Rarely,No,4,1,2,50,High
EMP1273,Sales,Sales Representative,1,25,Male,Active Directory,Read,Leaver,Yes,1,0,1,0,Travel_Frequently,Yes,3,1,4,75,Critical
EMP1273,Sales,Sales Representative,1,25,Male,Salesforce,Read,Leaver,Yes,1,0,1,0,Travel_Frequently,Yes,3,1,4,75,Critical
EMP1273,Sales,Sales Representative,1,25,Male,SharePoint,Read,Leaver,Yes,1,0,1,0,Travel_Frequently,Yes,3,1,4,75,Critical
EMP1273,Sales,Sales Representative,1,25,Male,ServiceNow,Read,Leaver,Yes,1,0,1,0,Travel_Frequently,Yes,3,1,4,75,Critical
EMP1273,Sales,Sales Representative,1,25,Male,CRM Portal,Read,Leaver,Yes,1,0,1,0,Travel_Frequently,Yes,3,1,4,75,Critical
EMP1275,Research & Development,Research Scientist,1,26,Male,Active Directory,Write,Stable,No,8,5,2,2,Travel_Rarely,Yes,4,8,2,40,Medium
EMP1275,Research & Development,Research Scientist,1,26,Male,SAP,Write,Stable,No,8,5,2,2,Travel_Rarely,Yes,4,8,2,40,Medium
EMP1275,Research & Development,Research Scientist,1,26,Male,SharePoint,Write,Stable,No,8,5,2,2,Travel_Rarely,Yes,4,8,2,40,Medium
EMP1275,Research & Development,Research Scientist,1,26,Male,ServiceNow,Write,Stable,No,8,5,2,2,Travel_Rarely,Yes,4,8,2,40,Medium
EMP1275,Research & Development,Research Scientist,1,26,Male,Lab Systems,Write,Stable,No,8,5,2,2,Travel_Rarely,Yes,4,8,2,40,Medium
EMP1277,Sales,Manager,5,45,Female,Active Directory,Write,Leaver,Yes,24,10,1,11,Travel_Rarely,Yes,3,26,2,85,Critical
EMP1277,Sales,Manager,5,45,Female,Salesforce,Write,Leaver,Yes,24,10,1,11,Travel_Rarely,Yes,3,26,2,85,Critical
EMP1277,Sales,Manager,5,45,Female,SharePoint,Write,Leaver,Yes,24,10,1,11,Travel_Rarely,Yes,3,26,2,85,Critical
EMP1277,Sales,Manager,5,45,Female,ServiceNow,Write,Leaver,Yes,24,10,1,11,Travel_Rarely,Yes,3,26,2,85,Critical
EMP1277,Sales,Manager,5,45,Female,CRM Portal,Write,Leaver,Yes,24,10,1,11,Travel_Rarely,Yes,3,26,2,85,Critical
EMP1278,Research & Development,Healthcare Representative,4,55,Male,Active Directory,Read,Stable,No,33,9,15,0,Non-Travel,Yes,3,34,3,40,Medium
EMP1278,Research & Development,Healthcare Representative,4,55,Male,SAP,Read,Stable,No,33,9,15,0,Non-Travel,Yes,3,34,3,40,Medium
EMP1278,Research & Development,Healthcare Representative,4,55,Male,SharePoint,Read,Stable,No,33,9,15,0,Non-Travel,Yes,3,34,3,40,Medium
EMP1278,Research & Development,Healthcare Representative,4,55,Male,ServiceNow,Read,Stable,No,33,9,15,0,Non-Travel,Yes,3,34,3,40,Medium
EMP1278,Research & Development,Healthcare Representative,4,55,Male,Lab Systems,Read,Stable,No,33,9,15,0,Non-Travel,Yes,3,34,3,40,Medium
EMP1279,Research & Development,Laboratory Technician,1,21,Female,Active Directory,Read,Leaver,Yes,2,2,2,2,Travel_Frequently,No,4,2,2,55,High
EMP1279,Research & Development,Laboratory Technician,1,21,Female,SAP,Read,Leaver,Yes,2,2,2,2,Travel_Frequently,No,4,2,2,55,High
EMP1279,Research & Development,Laboratory Technician,1,21,Female,SharePoint,Read,Leaver,Yes,2,2,2,2,Travel_Frequently,No,4,2,2,55,High
EMP1279,Research & Development,Laboratory Technician,1,21,Female,ServiceNow,Read,Leaver,Yes,2,2,2,2,Travel_Frequently,No,4,2,2,55,High
EMP1279,Research & Development,Laboratory Technician,1,21,Female,Lab Systems,Read,Leaver,Yes,2,2,2,2,Travel_Frequently,No,4,2,2,55,High
EMP1280,Sales,Manager,5,46,Female,Active Directory,Write,Stable,No,11,4,0,8,Travel_Rarely,No,3,26,2,35,Medium
EMP1280,Sales,Manager,5,46,Female,Salesforce,Write,Stable,No,11,4,0,8,Travel_Rarely,No,3,26,2,35,Medium
EMP1280,Sales,Manager,5,46,Female,SharePoint,Write,Stable,No,11,4,0,8,Travel_Rarely,No,3,26,2,35,Medium
EMP1280,Sales,Manager,5,46,Female,ServiceNow,Write,Stable,No,11,4,0,8,Travel_Rarely,No,3,26,2,35,Medium
EMP1280,Sales,Manager,5,46,Female,CRM Portal,Write,Stable,No,11,4,0,8,Travel_Rarely,No,3,26,2,35,Medium
EMP1281,Sales,Sales Executive,2,34,Female,Active Directory,Write,Stable,No,3,2,0,2,Travel_Rarely,Yes,3,4,3,30,Medium
EMP1281,Sales,Sales Executive,2,34,Female,Salesforce,Write,Stable,No,3,2,0,2,Travel_Rarely,Yes,3,4,3,30,Medium
EMP1281,Sales,Sales Executive,2,34,Female,SharePoint,Write,Stable,No,3,2,0,2,Travel_Rarely,Yes,3,4,3,30,Medium
EMP1281,Sales,Sales Executive,2,34,Female,ServiceNow,Write,Stable,No,3,2,0,2,Travel_Rarely,Yes,3,4,3,30,Medium
EMP1281,Sales,Sales Executive,2,34,Female,CRM Portal,Write,Stable,No,3,2,0,2,Travel_Rarely,Yes,3,4,3,30,Medium
EMP1282,Sales,Manager,5,51,Male,Active Directory,Write,Stable,No,29,10,11,10,Travel_Frequently,Yes,4,31,5,50,High
EMP1282,Sales,Manager,5,51,Male,Salesforce,Write,Stable,No,29,10,11,10,Travel_Frequently,Yes,4,31,5,50,High
EMP1282,Sales,Manager,5,51,Male,SharePoint,Write,Stable,No,29,10,11,10,Travel_Frequently,Yes,4,31,5,50,High
EMP1282,Sales,Manager,5,51,Male,ServiceNow,Write,Stable,No,29,10,11,10,Travel_Frequently,Yes,4,31,5,50,High
EMP1282,Sales,Manager,5,51,Male,CRM Portal,Write,Stable,No,29,10,11,10,Travel_Frequently,Yes,4,31,5,50,High
EMP1283,Research & Development,Manufacturing Director,3,59,Male,Active Directory,Write,Stable,No,9,7,5,4,Travel_Rarely,No,3,25,6,30,Medium
EMP1283,Research & Development,Manufacturing Director,3,59,Male,SAP,Write,Stable,No,9,7,5,4,Travel_Rarely,No,3,25,6,30,Medium
EMP1283,Research & Development,Manufacturing Director,3,59,Male,SharePoint,Write,Stable,No,9,7,5,4,Travel_Rarely,No,3,25,6,30,Medium
EMP1283,Research & Development,Manufacturing Director,3,59,Male,ServiceNow,Write,Stable,No,9,7,5,4,Travel_Rarely,No,3,25,6,30,Medium
EMP1283,Research & Development,Manufacturing Director,3,59,Male,Lab Systems,Write,Stable,No,9,7,5,4,Travel_Rarely,No,3,25,6,30,Medium
EMP1285,Research & Development,Laboratory Technician,2,34,Female,Active Directory,Read,Stable,No,11,8,5,10,Travel_Frequently,No,3,15,2,30,Medium
EMP1285,Research & Development,Laboratory Technician,2,34,Female,SAP,Read,Stable,No,11,8,5,10,Travel_Frequently,No,3,15,2,30,Medium
EMP1285,Research & Development,Laboratory Technician,2,34,Female,SharePoint,Read,Stable,No,11,8,5,10,Travel_Frequently,No,3,15,2,30,Medium
EMP1285,Research & Development,Laboratory Technician,2,34,Female,ServiceNow,Read,Stable,No,11,8,5,10,Travel_Frequently,No,3,15,2,30,Medium
EMP1285,Research & Development,Laboratory Technician,2,34,Female,Lab Systems,Read,Stable,No,11,8,5,10,Travel_Frequently,No,3,15,2,30,Medium
EMP1286,Research & Development,Laboratory Technician,1,28,Male,Active Directory,Read,Stable,No,4,2,0,2,Travel_Frequently,Yes,3,5,2,25,Low
EMP1286,Research & Development,Laboratory Technician,1,28,Male,SAP,Read,Stable,No,4,2,0,2,Travel_Frequently,Yes,3,5,2,25,Low
EMP1286,Research & Development,Laboratory Technician,1,28,Male,SharePoint,Read,Stable,No,4,2,0,2,Travel_Frequently,Yes,3,5,2,25,Low
EMP1286,Research & Development,Laboratory Technician,1,28,Male,ServiceNow,Read,Stable,No,4,2,0,2,Travel_Frequently,Yes,3,5,2,25,Low
EMP1286,Research & Development,Laboratory Technician,1,28,Male,Lab Systems,Read,Stable,No,4,2,0,2,Travel_Frequently,Yes,3,5,2,25,Low
EMP1288,Research & Development,Manager,5,44,Male,Active Directory,Write,Stable,No,25,9,14,13,Travel_Rarely,No,3,26,4,35,Medium
EMP1288,Research & Development,Manager,5,44,Male,SAP,Write,Stable,No,25,9,14,13,Travel_Rarely,No,3,26,4,35,Medium
EMP1288,Research & Development,Manager,5,44,Male,SharePoint,Write,Stable,No,25,9,14,13,Travel_Rarely,No,3,26,4,35,Medium
EMP1288,Research & Development,Manager,5,44,Male,ServiceNow,Write,Stable,No,25,9,14,13,Travel_Rarely,No,3,26,4,35,Medium
EMP1288,Research & Development,Manager,5,44,Male,Lab Systems,Write,Stable,No,25,9,14,13,Travel_Rarely,No,3,26,4,35,Medium
EMP1289,Human Resources,Human Resources,2,34,Male,Active Directory,Read,Stable,No,10,9,1,8,Travel_Frequently,No,3,14,5,25,Low
EMP1289,Human Resources,Human Resources,2,34,Male,Workday,Read,Stable,No,10,9,1,8,Travel_Frequently,No,3,14,5,25,Low
EMP1289,Human Resources,Human Resources,2,34,Male,SharePoint,Read,Stable,No,10,9,1,8,Travel_Frequently,No,3,14,5,25,Low
EMP1289,Human Resources,Human Resources,2,34,Male,ServiceNow,Read,Stable,No,10,9,1,8,Travel_Frequently,No,3,14,5,25,Low
EMP1289,Human Resources,Human Resources,2,34,Male,HR Portal,Read,Stable,No,10,9,1,8,Travel_Frequently,No,3,14,5,25,Low
EMP1291,Research & Development,Research Scientist,1,35,Male,Active Directory,Write,Stable,No,3,2,2,2,Travel_Rarely,Yes,3,4,3,30,Medium
EMP1291,Research & Development,Research Scientist,1,35,Male,SAP,Write,Stable,No,3,2,2,2,Travel_Rarely,Yes,3,4,3,30,Medium
EMP1291,Research & Development,Research Scientist,1,35,Male,SharePoint,Write,Stable,No,3,2,2,2,Travel_Rarely,Yes,3,4,3,30,Medium
EMP1291,Research & Development,Research Scientist,1,35,Male,ServiceNow,Write,Stable,No,3,2,2,2,Travel_Rarely,Yes,3,4,3,30,Medium
EMP1291,Research & Development,Research Scientist,1,35,Male,Lab Systems,Write,Stable,No,3,2,2,2,Travel_Rarely,Yes,3,4,3,30,Medium
EMP1292,Research & Development,Research Scientist,2,42,Female,Active Directory,Write,Mover,No,1,0,0,0,Travel_Rarely,Yes,3,18,2,60,High
EMP1292,Research & Development,Research Scientist,2,42,Female,SAP,Write,Mover,No,1,0,0,0,Travel_Rarely,Yes,3,18,2,60,High
EMP1292,Research & Development,Research Scientist,2,42,Female,SharePoint,Write,Mover,No,1,0,0,0,Travel_Rarely,Yes,3,18,2,60,High
EMP1292,Research & Development,Research Scientist,2,42,Female,ServiceNow,Write,Mover,No,1,0,0,0,Travel_Rarely,Yes,3,18,2,60,High
EMP1292,Research & Development,Research Scientist,2,42,Female,Lab Systems,Write,Mover,No,1,0,0,0,Travel_Rarely,Yes,3,18,2,60,High
EMP1293,Sales,Sales Executive,3,43,Female,Active Directory,Write,Stable,No,21,7,15,17,Travel_Rarely,No,3,23,3,35,Medium
EMP1293,Sales,Sales Executive,3,43,Female,Salesforce,Write,Stable,No,21,7,15,17,Travel_Rarely,No,3,23,3,35,Medium
EMP1293,Sales,Sales Executive,3,43,Female,SharePoint,Write,Stable,No,21,7,15,17,Travel_Rarely,No,3,23,3,35,Medium
EMP1293,Sales,Sales Executive,3,43,Female,ServiceNow,Write,Stable,No,21,7,15,17,Travel_Rarely,No,3,23,3,35,Medium
EMP1293,Sales,Sales Executive,3,43,Female,CRM Portal,Write,Stable,No,21,7,15,17,Travel_Rarely,No,3,23,3,35,Medium
EMP1294,Research & Development,Manufacturing Director,2,36,Female,Active Directory,Write,Stable,No,16,14,5,12,Travel_Rarely,Yes,3,18,2,45,Medium
EMP1294,Research & Development,Manufacturing Director,2,36,Female,SAP,Write,Stable,No,16,14,5,12,Travel_Rarely,Yes,3,18,2,45,Medium
EMP1294,Research & Development,Manufacturing Director,2,36,Female,SharePoint,Write,Stable,No,16,14,5,12,Travel_Rarely,Yes,3,18,2,45,Medium
EMP1294,Research & Development,Manufacturing Director,2,36,Female,ServiceNow,Write,Stable,No,16,14,5,12,Travel_Rarely,Yes,3,18,2,45,Medium
EMP1294,Research & Development,Manufacturing Director,2,36,Female,Lab Systems,Write,Stable,No,16,14,5,12,Travel_Rarely,Yes,3,18,2,45,Medium
EMP1295,Research & Development,Healthcare Representative,3,44,Female,Active Directory,Read,Leaver,Yes,10,7,0,5,Travel_Rarely,No,3,10,2,60,High
EMP1295,Research & Development,Healthcare Representative,3,44,Female,SAP,Read,Leaver,Yes,10,7,0,5,Travel_Rarely,No,3,10,2,60,High
EMP1295,Research & Development,Healthcare Representative,3,44,Female,SharePoint,Read,Leaver,Yes,10,7,0,5,Travel_Rarely,No,3,10,2,60,High
EMP1295,Research & Development,Healthcare Representative,3,44,Female,ServiceNow,Read,Leaver,Yes,10,7,0,5,Travel_Rarely,No,3,10,2,60,High
EMP1295,Research & Development,Healthcare Representative,3,44,Female,Lab Systems,Read,Leaver,Yes,10,7,0,5,Travel_Rarely,No,3,10,2,60,High
EMP1296,Research & Development,Laboratory Technician,1,28,Male,Active Directory,Read,Stable,No,2,2,2,2,Travel_Frequently,Yes,3,2,2,25,Low
EMP1296,Research & Development,Laboratory Technician,1,28,Male,SAP,Read,Stable,No,2,2,2,2,Travel_Frequently,Yes,3,2,2,25,Low
EMP1296,Research & Development,Laboratory Technician,1,28,Male,SharePoint,Read,Stable,No,2,2,2,2,Travel_Frequently,Yes,3,2,2,25,Low
EMP1296,Research & Development,Laboratory Technician,1,28,Male,ServiceNow,Read,Stable,No,2,2,2,2,Travel_Frequently,Yes,3,2,2,25,Low
EMP1296,Research & Development,Laboratory Technician,1,28,Male,Lab Systems,Read,Stable,No,2,2,2,2,Travel_Frequently,Yes,3,2,2,25,Low
EMP1297,Research & Development,Laboratory Technician,1,51,Female,Active Directory,Read,Mover,No,7,0,7,7,Travel_Frequently,No,3,8,6,45,Medium
EMP1297,Research & Development,Laboratory Technician,1,51,Female,SAP,Read,Mover,No,7,0,7,7,Travel_Frequently,No,3,8,6,45,Medium
EMP1297,Research & Development,Laboratory Technician,1,51,Female,SharePoint,Read,Mover,No,7,0,7,7,Travel_Frequently,No,3,8,6,45,Medium
EMP1297,Research & Development,Laboratory Technician,1,51,Female,ServiceNow,Read,Mover,No,7,0,7,7,Travel_Frequently,No,3,8,6,45,Medium
EMP1297,Research & Development,Laboratory Technician,1,51,Female,Lab Systems,Read,Mover,No,7,0,7,7,Travel_Frequently,No,3,8,6,45,Medium
EMP1298,Research & Development,Manufacturing Director,2,30,Female,Active Directory,Write,Stable,No,8,4,1,7,Non-Travel,Yes,3,10,3,35,Medium
EMP1298,Research & Development,Manufacturing Director,2,30,Female,SAP,Write,Stable,No,8,4,1,7,Non-Travel,Yes,3,10,3,35,Medium
EMP1298,Research & Development,Manufacturing Director,2,30,Female,SharePoint,Write,Stable,No,8,4,1,7,Non-Travel,Yes,3,10,3,35,Medium
EMP1298,Research & Development,Manufacturing Director,2,30,Female,ServiceNow,Write,Stable,No,8,4,1,7,Non-Travel,Yes,3,10,3,35,Medium
EMP1298,Research & Development,Manufacturing Director,2,30,Female,Lab Systems,Write,Stable,No,8,4,1,7,Non-Travel,Yes,3,10,3,35,Medium
EMP1299,Research & Development,Laboratory Technician,1,29,Female,Active Directory,Read,Leaver,Yes,7,7,7,7,Travel_Rarely,Yes,3,10,2,70,Critical
EMP1299,Research & Development,Laboratory Technician,1,29,Female,SAP,Read,Leaver,Yes,7,7,7,7,Travel_Rarely,Yes,3,10,2,70,Critical
EMP1299,Research & Development,Laboratory Technician,1,29,Female,SharePoint,Read,Leaver,Yes,7,7,7,7,Travel_Rarely,Yes,3,10,2,70,Critical
EMP1299,Research & Development,Laboratory Technician,1,29,Female,ServiceNow,Read,Leaver,Yes,7,7,7,7,Travel_Rarely,Yes,3,10,2,70,Critical
EMP1299,Research & Development,Laboratory Technician,1,29,Female,Lab Systems,Read,Leaver,Yes,7,7,7,7,Travel_Rarely,Yes,3,10,2,70,Critical
EMP1301,Research & Development,Research Scientist,1,28,Male,Active Directory,Write,Stable,No,3,2,1,2,Travel_Rarely,No,3,5,2,20,Low
EMP1301,Research & Development,Research Scientist,1,28,Male,SAP,Write,Stable,No,3,2,1,2,Travel_Rarely,No,3,5,2,20,Low
EMP1301,Research & Development,Research Scientist,1,28,Male,SharePoint,Write,Stable,No,3,2,1,2,Travel_Rarely,No,3,5,2,20,Low
EMP1301,Research & Development,Research Scientist,1,28,Male,ServiceNow,Write,Stable,No,3,2,1,2,Travel_Rarely,No,3,5,2,20,Low
EMP1301,Research & Development,Research Scientist,1,28,Male,Lab Systems,Write,Stable,No,3,2,1,2,Travel_Rarely,No,3,5,2,20,Low
EMP1303,Research & Development,Research Scientist,1,25,Female,Active Directory,Write,Stable,No,2,2,2,1,Travel_Rarely,No,3,2,3,30,Medium
EMP1303,Research & Development,Research Scientist,1,25,Female,SAP,Write,Stable,No,2,2,2,1,Travel_Rarely,No,3,2,3,30,Medium
EMP1303,Research & Development,Research Scientist,1,25,Female,SharePoint,Write,Stable,No,2,2,2,1,Travel_Rarely,No,3,2,3,30,Medium
EMP1303,Research & Development,Research Scientist,1,25,Female,ServiceNow,Write,Stable,No,2,2,2,1,Travel_Rarely,No,3,2,3,30,Medium
EMP1303,Research & Development,Research Scientist,1,25,Female,Lab Systems,Write,Stable,No,2,2,2,1,Travel_Rarely,No,3,2,3,30,Medium
EMP1304,Sales,Sales Executive,2,32,Male,Active Directory,Write,Stable,No,10,7,0,8,Travel_Rarely,No,3,10,4,30,Medium
EMP1304,Sales,Sales Executive,2,32,Male,Salesforce,Write,Stable,No,10,7,0,8,Travel_Rarely,No,3,10,4,30,Medium
EMP1304,Sales,Sales Executive,2,32,Male,SharePoint,Write,Stable,No,10,7,0,8,Travel_Rarely,No,3,10,4,30,Medium
EMP1304,Sales,Sales Executive,2,32,Male,ServiceNow,Write,Stable,No,10,7,0,8,Travel_Rarely,No,3,10,4,30,Medium
EMP1304,Sales,Sales Executive,2,32,Male,CRM Portal,Write,Stable,No,10,7,0,8,Travel_Rarely,No,3,10,4,30,Medium
EMP1306,Research & Development,Manager,5,45,Female,Active Directory,Write,Mover,No,0,0,0,0,Travel_Frequently,No,4,22,4,55,High
EMP1306,Research & Development,Manager,5,45,Female,SAP,Write,Mover,No,0,0,0,0,Travel_Frequently,No,4,22,4,55,High
EMP1306,Research & Development,Manager,5,45,Female,SharePoint,Write,Mover,No,0,0,0,0,Travel_Frequently,No,4,22,4,55,High
EMP1306,Research & Development,Manager,5,45,Female,ServiceNow,Write,Mover,No,0,0,0,0,Travel_Frequently,No,4,22,4,55,High
EMP1306,Research & Development,Manager,5,45,Female,Lab Systems,Write,Mover,No,0,0,0,0,Travel_Frequently,No,4,22,4,55,High
EMP1307,Research & Development,Manager,4,39,Female,Active Directory,Write,Stable,No,19,9,15,2,Travel_Rarely,Yes,3,21,4,45,Medium
EMP1307,Research & Development,Manager,4,39,Female,SAP,Write,Stable,No,19,9,15,2,Travel_Rarely,Yes,3,21,4,45,Medium
EMP1307,Research & Development,Manager,4,39,Female,SharePoint,Write,Stable,No,19,9,15,2,Travel_Rarely,Yes,3,21,4,45,Medium
EMP1307,Research & Development,Manager,4,39,Female,ServiceNow,Write,Stable,No,19,9,15,2,Travel_Rarely,Yes,3,21,4,45,Medium
EMP1307,Research & Development,Manager,4,39,Female,Lab Systems,Write,Stable,No,19,9,15,2,Travel_Rarely,Yes,3,21,4,45,Medium
EMP1308,Research & Development,Research Scientist,1,58,Male,Active Directory,Write,Stable,No,2,2,2,2,Travel_Rarely,No,3,2,3,20,Low
EMP1308,Research & Development,Research Scientist,1,58,Male,SAP,Write,Stable,No,2,2,2,2,Travel_Rarely,No,3,2,3,20,Low
EMP1308,Research & Development,Research Scientist,1,58,Male,SharePoint,Write,Stable,No,2,2,2,2,Travel_Rarely,No,3,2,3,20,Low
EMP1308,Research & Development,Research Scientist,1,58,Male,ServiceNow,Write,Stable,No,2,2,2,2,Travel_Rarely,No,3,2,3,20,Low
EMP1308,Research & Development,Research Scientist,1,58,Male,Lab Systems,Write,Stable,No,2,2,2,2,Travel_Rarely,No,3,2,3,20,Low
EMP1309,Research & Development,Laboratory Technician,2,32,Male,Active Directory,Read,Leaver,Yes,10,4,1,1,Travel_Rarely,No,3,10,3,70,Critical
EMP1309,Research & Development,Laboratory Technician,2,32,Male,SAP,Read,Leaver,Yes,10,4,1,1,Travel_Rarely,No,3,10,3,70,Critical
EMP1309,Research & Development,Laboratory Technician,2,32,Male,SharePoint,Read,Leaver,Yes,10,4,1,1,Travel_Rarely,No,3,10,3,70,Critical
EMP1309,Research & Development,Laboratory Technician,2,32,Male,ServiceNow,Read,Leaver,Yes,10,4,1,1,Travel_Rarely,No,3,10,3,70,Critical
EMP1309,Research & Development,Laboratory Technician,2,32,Male,Lab Systems,Read,Leaver,Yes,10,4,1,1,Travel_Rarely,No,3,10,3,70,Critical
EMP1310,Research & Development,Research Scientist,1,39,Male,Active Directory,Write,Leaver,Yes,5,2,0,3,Travel_Rarely,No,3,6,2,60,High
EMP1310,Research & Development,Research Scientist,1,39,Male,SAP,Write,Leaver,Yes,5,2,0,3,Travel_Rarely,No,3,6,2,60,High
EMP1310,Research & Development,Research Scientist,1,39,Male,SharePoint,Write,Leaver,Yes,5,2,0,3,Travel_Rarely,No,3,6,2,60,High
EMP1310,Research & Development,Research Scientist,1,39,Male,ServiceNow,Write,Leaver,Yes,5,2,0,3,Travel_Rarely,No,3,6,2,60,High
EMP1310,Research & Development,Research Scientist,1,39,Male,Lab Systems,Write,Leaver,Yes,5,2,0,3,Travel_Rarely,No,3,6,2,60,High
EMP1311,Research & Development,Laboratory Technician,2,30,Female,Active Directory,Read,Stable,No,9,2,6,7,Travel_Rarely,No,3,10,6,20,Low
EMP1311,Research & Development,Laboratory Technician,2,30,Female,SAP,Read,Stable,No,9,2,6,7,Travel_Rarely,No,3,10,6,20,Low
EMP1311,Research & Development,Laboratory Technician,2,30,Female,SharePoint,Read,Stable,No,9,2,6,7,Travel_Rarely,No,3,10,6,20,Low
EMP1311,Research & Development,Laboratory Technician,2,30,Female,ServiceNow,Read,Stable,No,9,2,6,7,Travel_Rarely,No,3,10,6,20,Low
EMP1311,Research & Development,Laboratory Technician,2,30,Female,Lab Systems,Read,Stable,No,9,2,6,7,Travel_Rarely,No,3,10,6,20,Low
EMP1312,Research & Development,Healthcare Representative,3,36,Female,Active Directory,Read,Stable,No,7,7,1,7,Travel_Rarely,No,3,10,0,20,Low
EMP1312,Research & Development,Healthcare Representative,3,36,Female,SAP,Read,Stable,No,7,7,1,7,Travel_Rarely,No,3,10,0,20,Low
EMP1312,Research & Development,Healthcare Representative,3,36,Female,SharePoint,Read,Stable,No,7,7,1,7,Travel_Rarely,No,3,10,0,20,Low
EMP1312,Research & Development,Healthcare Representative,3,36,Female,ServiceNow,Read,Stable,No,7,7,1,7,Travel_Rarely,No,3,10,0,20,Low
EMP1312,Research & Development,Healthcare Representative,3,36,Female,Lab Systems,Read,Stable,No,7,7,1,7,Travel_Rarely,No,3,10,0,20,Low
EMP1314,Human Resources,Human Resources,1,46,Female,Active Directory,Read,Stable,No,7,6,5,7,Travel_Rarely,No,3,10,3,20,Low
EMP1314,Human Resources,Human Resources,1,46,Female,Workday,Read,Stable,No,7,6,5,7,Travel_Rarely,No,3,10,3,20,Low
EMP1314,Human Resources,Human Resources,1,46,Female,SharePoint,Read,Stable,No,7,6,5,7,Travel_Rarely,No,3,10,3,20,Low
EMP1314,Human Resources,Human Resources,1,46,Female,ServiceNow,Read,Stable,No,7,6,5,7,Travel_Rarely,No,3,10,3,20,Low
EMP1314,Human Resources,Human Resources,1,46,Female,HR Portal,Read,Stable,No,7,6,5,7,Travel_Rarely,No,3,10,3,20,Low
EMP1315,Research & Development,Laboratory Technician,2,28,Female,Active Directory,Read,Stable,No,9,8,7,5,Non-Travel,No,3,10,6,15,Low
EMP1315,Research & Development,Laboratory Technician,2,28,Female,SAP,Read,Stable,No,9,8,7,5,Non-Travel,No,3,10,6,15,Low
EMP1315,Research & Development,Laboratory Technician,2,28,Female,SharePoint,Read,Stable,No,9,8,7,5,Non-Travel,No,3,10,6,15,Low
EMP1315,Research & Development,Laboratory Technician,2,28,Female,ServiceNow,Read,Stable,No,9,8,7,5,Non-Travel,No,3,10,6,15,Low
EMP1315,Research & Development,Laboratory Technician,2,28,Female,Lab Systems,Read,Stable,No,9,8,7,5,Non-Travel,No,3,10,6,15,Low
EMP1317,Research & Development,Research Director,4,50,Female,Active Directory,Admin,Stable,No,3,2,1,2,Travel_Rarely,Yes,3,25,2,45,Medium
EMP1317,Research & Development,Research Director,4,50,Female,SAP,Admin,Stable,No,3,2,1,2,Travel_Rarely,Yes,3,25,2,45,Medium
EMP1317,Research & Development,Research Director,4,50,Female,SharePoint,Admin,Stable,No,3,2,1,2,Travel_Rarely,Yes,3,25,2,45,Medium
EMP1317,Research & Development,Research Director,4,50,Female,ServiceNow,Admin,Stable,No,3,2,1,2,Travel_Rarely,Yes,3,25,2,45,Medium
EMP1317,Research & Development,Research Director,4,50,Female,Lab Systems,Admin,Stable,No,3,2,1,2,Travel_Rarely,Yes,3,25,2,45,Medium
EMP1318,Sales,Sales Executive,3,40,Male,Active Directory,Write,Leaver,Yes,5,4,1,0,Travel_Rarely,Yes,3,9,2,80,Critical
EMP1318,Sales,Sales Executive,3,40,Male,Salesforce,Write,Leaver,Yes,5,4,1,0,Travel_Rarely,Yes,3,9,2,80,Critical
EMP1318,Sales,Sales Executive,3,40,Male,SharePoint,Write,Leaver,Yes,5,4,1,0,Travel_Rarely,Yes,3,9,2,80,Critical
EMP1318,Sales,Sales Executive,3,40,Male,ServiceNow,Write,Leaver,Yes,5,4,1,0,Travel_Rarely,Yes,3,9,2,80,Critical
EMP1318,Sales,Sales Executive,3,40,Male,CRM Portal,Write,Leaver,Yes,5,4,1,0,Travel_Rarely,Yes,3,9,2,80,Critical
EMP1319,Sales,Sales Executive,3,52,Male,Active Directory,Write,Leaver,Yes,8,7,7,7,Travel_Rarely,Yes,3,10,2,80,Critical
EMP1319,Sales,Sales Executive,3,52,Male,Salesforce,Write,Leaver,Yes,8,7,7,7,Travel_Rarely,Yes,3,10,2,80,Critical
EMP1319,Sales,Sales Executive,3,52,Male,SharePoint,Write,Leaver,Yes,8,7,7,7,Travel_Rarely,Yes,3,10,2,80,Critical
EMP1319,Sales,Sales Executive,3,52,Male,ServiceNow,Write,Leaver,Yes,8,7,7,7,Travel_Rarely,Yes,3,10,2,80,Critical
EMP1319,Sales,Sales Executive,3,52,Male,CRM Portal,Write,Leaver,Yes,8,7,7,7,Travel_Rarely,Yes,3,10,2,80,Critical
EMP1321,Research & Development,Manager,3,30,Female,Active Directory,Write,Mover,No,9,1,0,8,Travel_Rarely,Yes,4,9,2,60,High
EMP1321,Research & Development,Manager,3,30,Female,SAP,Write,Mover,No,9,1,0,8,Travel_Rarely,Yes,4,9,2,60,High
EMP1321,Research & Development,Manager,3,30,Female,SharePoint,Write,Mover,No,9,1,0,8,Travel_Rarely,Yes,4,9,2,60,High
EMP1321,Research & Development,Manager,3,30,Female,ServiceNow,Write,Mover,No,9,1,0,8,Travel_Rarely,Yes,4,9,2,60,High
EMP1321,Research & Development,Manager,3,30,Female,Lab Systems,Write,Mover,No,9,1,0,8,Travel_Rarely,Yes,4,9,2,60,High
EMP1322,Research & Development,Manufacturing Director,2,39,Male,Active Directory,Write,Stable,No,8,7,1,7,Travel_Rarely,No,3,9,6,30,Medium
EMP1322,Research & Development,Manufacturing Director,2,39,Male,SAP,Write,Stable,No,8,7,1,7,Travel_Rarely,No,3,9,6,30,Medium
EMP1322,Research & Development,Manufacturing Director,2,39,Male,SharePoint,Write,Stable,No,8,7,1,7,Travel_Rarely,No,3,9,6,30,Medium
EMP1322,Research & Development,Manufacturing Director,2,39,Male,ServiceNow,Write,Stable,No,8,7,1,7,Travel_Rarely,No,3,9,6,30,Medium
EMP1322,Research & Development,Manufacturing Director,2,39,Male,Lab Systems,Write,Stable,No,8,7,1,7,Travel_Rarely,No,3,9,6,30,Medium
EMP1324,Sales,Sales Executive,3,31,Female,Active Directory,Write,Stable,No,10,8,9,6,Non-Travel,Yes,3,10,5,35,Medium
EMP1324,Sales,Sales Executive,3,31,Female,Salesforce,Write,Stable,No,10,8,9,6,Non-Travel,Yes,3,10,5,35,Medium
EMP1324,Sales,Sales Executive,3,31,Female,SharePoint,Write,Stable,No,10,8,9,6,Non-Travel,Yes,3,10,5,35,Medium
EMP1324,Sales,Sales Executive,3,31,Female,ServiceNow,Write,Stable,No,10,8,9,6,Non-Travel,Yes,3,10,5,35,Medium
EMP1324,Sales,Sales Executive,3,31,Female,CRM Portal,Write,Stable,No,10,8,9,6,Non-Travel,Yes,3,10,5,35,Medium
EMP1329,Sales,Sales Executive,2,41,Male,Active Directory,Write,Stable,No,19,2,11,9,Non-Travel,No,3,19,4,30,Medium
EMP1329,Sales,Sales Executive,2,41,Male,Salesforce,Write,Stable,No,19,2,11,9,Non-Travel,No,3,19,4,30,Medium
EMP1329,Sales,Sales Executive,2,41,Male,SharePoint,Write,Stable,No,19,2,11,9,Non-Travel,No,3,19,4,30,Medium
EMP1329,Sales,Sales Executive,2,41,Male,ServiceNow,Write,Stable,No,19,2,11,9,Non-Travel,No,3,19,4,30,Medium
EMP1329,Sales,Sales Executive,2,41,Male,CRM Portal,Write,Stable,No,19,2,11,9,Non-Travel,No,3,19,4,30,Medium
EMP1331,Sales,Sales Representative,1,31,Female,Active Directory,Read,Leaver,Yes,3,2,2,2,Travel_Frequently,Yes,3,3,2,65,High
EMP1331,Sales,Sales Representative,1,31,Female,Salesforce,Read,Leaver,Yes,3,2,2,2,Travel_Frequently,Yes,3,3,2,65,High
EMP1331,Sales,Sales Representative,1,31,Female,SharePoint,Read,Leaver,Yes,3,2,2,2,Travel_Frequently,Yes,3,3,2,65,High
EMP1331,Sales,Sales Representative,1,31,Female,ServiceNow,Read,Leaver,Yes,3,2,2,2,Travel_Frequently,Yes,3,3,2,65,High
EMP1331,Sales,Sales Representative,1,31,Female,CRM Portal,Read,Leaver,Yes,3,2,2,2,Travel_Frequently,Yes,3,3,2,65,High
EMP1333,Research & Development,Laboratory Technician,1,44,Male,Active Directory,Read,Leaver,Yes,3,2,1,2,Travel_Rarely,No,3,10,4,50,High
EMP1333,Research & Development,Laboratory Technician,1,44,Male,SAP,Read,Leaver,Yes,3,2,1,2,Travel_Rarely,No,3,10,4,50,High
EMP1333,Research & Development,Laboratory Technician,1,44,Male,SharePoint,Read,Leaver,Yes,3,2,1,2,Travel_Rarely,No,3,10,4,50,High
EMP1333,Research & Development,Laboratory Technician,1,44,Male,ServiceNow,Read,Leaver,Yes,3,2,1,2,Travel_Rarely,No,3,10,4,50,High
EMP1333,Research & Development,Laboratory Technician,1,44,Male,Lab Systems,Read,Leaver,Yes,3,2,1,2,Travel_Rarely,No,3,10,4,50,High
EMP1334,Research & Development,Manager,4,42,Male,Active Directory,Write,Stable,No,20,8,2,10,Non-Travel,Yes,3,21,3,40,Medium
EMP1334,Research & Development,Manager,4,42,Male,SAP,Write,Stable,No,20,8,2,10,Non-Travel,Yes,3,21,3,40,Medium
EMP1334,Research & Development,Manager,4,42,Male,SharePoint,Write,Stable,No,20,8,2,10,Non-Travel,Yes,3,21,3,40,Medium
EMP1334,Research & Development,Manager,4,42,Male,ServiceNow,Write,Stable,No,20,8,2,10,Non-Travel,Yes,3,21,3,40,Medium
EMP1334,Research & Development,Manager,4,42,Male,Lab Systems,Write,Stable,No,20,8,2,10,Non-Travel,Yes,3,21,3,40,Medium
EMP1336,Research & Development,Manager,5,55,Female,Active Directory,Write,Stable,No,19,9,9,11,Travel_Rarely,No,3,23,5,35,Medium
EMP1336,Research & Development,Manager,5,55,Female,SAP,Write,Stable,No,19,9,9,11,Travel_Rarely,No,3,23,5,35,Medium
EMP1336,Research & Development,Manager,5,55,Female,SharePoint,Write,Stable,No,19,9,9,11,Travel_Rarely,No,3,23,5,35,Medium
EMP1336,Research & Development,Manager,5,55,Female,ServiceNow,Write,Stable,No,19,9,9,11,Travel_Rarely,No,3,23,5,35,Medium
EMP1336,Research & Development,Manager,5,55,Female,Lab Systems,Write,Stable,No,19,9,9,11,Travel_Rarely,No,3,23,5,35,Medium
EMP1338,Human Resources,Manager,5,56,Male,Active Directory,Write,Stable,No,7,3,7,7,Travel_Rarely,No,3,36,4,30,Medium
EMP1338,Human Resources,Manager,5,56,Male,Workday,Write,Stable,No,7,3,7,7,Travel_Rarely,No,3,36,4,30,Medium
EMP1338,Human Resources,Manager,5,56,Male,SharePoint,Write,Stable,No,7,3,7,7,Travel_Rarely,No,3,36,4,30,Medium
EMP1338,Human Resources,Manager,5,56,Male,ServiceNow,Write,Stable,No,7,3,7,7,Travel_Rarely,No,3,36,4,30,Medium
EMP1338,Human Resources,Manager,5,56,Male,HR Portal,Write,Stable,No,7,3,7,7,Travel_Rarely,No,3,36,4,30,Medium
EMP1340,Research & Development,Research Scientist,1,40,Male,Active Directory,Write,Stable,No,4,2,0,0,Non-Travel,No,3,6,0,25,Low
EMP1340,Research & Development,Research Scientist,1,40,Male,SAP,Write,Stable,No,4,2,0,0,Non-Travel,No,3,6,0,25,Low
EMP1340,Research & Development,Research Scientist,1,40,Male,SharePoint,Write,Stable,No,4,2,0,0,Non-Travel,No,3,6,0,25,Low
EMP1340,Research & Development,Research Scientist,1,40,Male,ServiceNow,Write,Stable,No,4,2,0,0,Non-Travel,No,3,6,0,25,Low
EMP1340,Research & Development,Research Scientist,1,40,Male,Lab Systems,Write,Stable,No,4,2,0,0,Non-Travel,No,3,6,0,25,Low
EMP1344,Research & Development,Healthcare Representative,3,34,Male,Active Directory,Read,Stable,No,9,7,1,6,Travel_Rarely,No,3,10,0,20,Low
EMP1344,Research & Development,Healthcare Representative,3,34,Male,SAP,Read,Stable,No,9,7,1,6,Travel_Rarely,No,3,10,0,20,Low
EMP1344,Research & Development,Healthcare Representative,3,34,Male,SharePoint,Read,Stable,No,9,7,1,6,Travel_Rarely,No,3,10,0,20,Low
EMP1344,Research & Development,Healthcare Representative,3,34,Male,ServiceNow,Read,Stable,No,9,7,1,6,Travel_Rarely,No,3,10,0,20,Low
EMP1344,Research & Development,Healthcare Representative,3,34,Male,Lab Systems,Read,Stable,No,9,7,1,6,Travel_Rarely,No,3,10,0,20,Low
EMP1346,Research & Development,Research Scientist,2,40,Male,Active Directory,Write,Stable,No,9,8,8,8,Travel_Rarely,No,3,9,4,30,Medium
EMP1346,Research & Development,Research Scientist,2,40,Male,SAP,Write,Stable,No,9,8,8,8,Travel_Rarely,No,3,9,4,30,Medium
EMP1346,Research & Development,Research Scientist,2,40,Male,SharePoint,Write,Stable,No,9,8,8,8,Travel_Rarely,No,3,9,4,30,Medium
EMP1346,Research & Development,Research Scientist,2,40,Male,ServiceNow,Write,Stable,No,9,8,8,8,Travel_Rarely,No,3,9,4,30,Medium
EMP1346,Research & Development,Research Scientist,2,40,Male,Lab Systems,Write,Stable,No,9,8,8,8,Travel_Rarely,No,3,9,4,30,Medium
EMP1349,Sales,Sales Executive,2,41,Female,Active Directory,Write,Stable,No,9,3,1,7,Travel_Frequently,No,3,10,2,35,Medium
EMP1349,Sales,Sales Executive,2,41,Female,Salesforce,Write,Stable,No,9,3,1,7,Travel_Frequently,No,3,10,2,35,Medium
EMP1349,Sales,Sales Executive,2,41,Female,SharePoint,Write,Stable,No,9,3,1,7,Travel_Frequently,No,3,10,2,35,Medium
EMP1349,Sales,Sales Executive,2,41,Female,ServiceNow,Write,Stable,No,9,3,1,7,Travel_Frequently,No,3,10,2,35,Medium
EMP1349,Sales,Sales Executive,2,41,Female,CRM Portal,Write,Stable,No,9,3,1,7,Travel_Frequently,No,3,10,2,35,Medium
EMP1350,Research & Development,Research Scientist,2,35,Male,Active Directory,Write,Stable,No,9,6,1,1,Travel_Frequently,Yes,3,9,3,55,High
EMP1350,Research & Development,Research Scientist,2,35,Male,SAP,Write,Stable,No,9,6,1,1,Travel_Frequently,Yes,3,9,3,55,High
EMP1350,Research & Development,Research Scientist,2,35,Male,SharePoint,Write,Stable,No,9,6,1,1,Travel_Frequently,Yes,3,9,3,55,High
EMP1350,Research & Development,Research Scientist,2,35,Male,ServiceNow,Write,Stable,No,9,6,1,1,Travel_Frequently,Yes,3,9,3,55,High
EMP1350,Research & Development,Research Scientist,2,35,Male,Lab Systems,Write,Stable,No,9,6,1,1,Travel_Frequently,Yes,3,9,3,55,High
EMP1352,Human Resources,Manager,4,51,Male,Active Directory,Write,Stable,No,33,9,0,10,Travel_Rarely,Yes,3,33,2,45,Medium
EMP1352,Human Resources,Manager,4,51,Male,Workday,Write,Stable,No,33,9,0,10,Travel_Rarely,Yes,3,33,2,45,Medium
EMP1352,Human Resources,Manager,4,51,Male,SharePoint,Write,Stable,No,33,9,0,10,Travel_Rarely,Yes,3,33,2,45,Medium
EMP1352,Human Resources,Manager,4,51,Male,ServiceNow,Write,Stable,No,33,9,0,10,Travel_Rarely,Yes,3,33,2,45,Medium
EMP1352,Human Resources,Manager,4,51,Male,HR Portal,Write,Stable,No,33,9,0,10,Travel_Rarely,Yes,3,33,2,45,Medium
EMP1355,Sales,Sales Executive,2,38,Female,Active Directory,Write,Stable,No,7,7,1,7,Travel_Rarely,No,3,11,3,30,Medium
EMP1355,Sales,Sales Executive,2,38,Female,Salesforce,Write,Stable,No,7,7,1,7,Travel_Rarely,No,3,11,3,30,Medium
EMP1355,Sales,Sales Executive,2,38,Female,SharePoint,Write,Stable,No,7,7,1,7,Travel_Rarely,No,3,11,3,30,Medium
EMP1355,Sales,Sales Executive,2,38,Female,ServiceNow,Write,Stable,No,7,7,1,7,Travel_Rarely,No,3,11,3,30,Medium
EMP1355,Sales,Sales Executive,2,38,Female,CRM Portal,Write,Stable,No,7,7,1,7,Travel_Rarely,No,3,11,3,30,Medium
EMP1356,Sales,Sales Executive,2,34,Female,Active Directory,Write,Stable,No,10,8,9,6,Travel_Rarely,No,3,10,6,30,Medium
EMP1356,Sales,Sales Executive,2,34,Female,Salesforce,Write,Stable,No,10,8,9,6,Travel_Rarely,No,3,10,6,30,Medium
EMP1356,Sales,Sales Executive,2,34,Female,SharePoint,Write,Stable,No,10,8,9,6,Travel_Rarely,No,3,10,6,30,Medium
EMP1356,Sales,Sales Executive,2,34,Female,ServiceNow,Write,Stable,No,10,8,9,6,Travel_Rarely,No,3,10,6,30,Medium
EMP1356,Sales,Sales Executive,2,34,Female,CRM Portal,Write,Stable,No,10,8,9,6,Travel_Rarely,No,3,10,6,30,Medium
EMP1358,Research & Development,Laboratory Technician,1,25,Male,Active Directory,Read,Stable,No,3,2,1,2,Travel_Rarely,No,3,7,6,10,Low
EMP1358,Research & Development,Laboratory Technician,1,25,Male,SAP,Read,Stable,No,3,2,1,2,Travel_Rarely,No,3,7,6,10,Low
EMP1358,Research & Development,Laboratory Technician,1,25,Male,SharePoint,Read,Stable,No,3,2,1,2,Travel_Rarely,No,3,7,6,10,Low
EMP1358,Research & Development,Laboratory Technician,1,25,Male,ServiceNow,Read,Stable,No,3,2,1,2,Travel_Rarely,No,3,7,6,10,Low
EMP1358,Research & Development,Laboratory Technician,1,25,Male,Lab Systems,Read,Stable,No,3,2,1,2,Travel_Rarely,No,3,7,6,10,Low
EMP1360,Research & Development,Manufacturing Director,3,58,Female,Active Directory,Write,Leaver,Yes,10,9,5,9,Travel_Rarely,Yes,3,31,0,80,Critical
EMP1360,Research & Development,Manufacturing Director,3,58,Female,SAP,Write,Leaver,Yes,10,9,5,9,Travel_Rarely,Yes,3,31,0,80,Critical
EMP1360,Research & Development,Manufacturing Director,3,58,Female,SharePoint,Write,Leaver,Yes,10,9,5,9,Travel_Rarely,Yes,3,31,0,80,Critical
EMP1360,Research & Development,Manufacturing Director,3,58,Female,ServiceNow,Write,Leaver,Yes,10,9,5,9,Travel_Rarely,Yes,3,31,0,80,Critical
EMP1360,Research & Development,Manufacturing Director,3,58,Female,Lab Systems,Write,Leaver,Yes,10,9,5,9,Travel_Rarely,Yes,3,31,0,80,Critical
EMP1361,Research & Development,Laboratory Technician,1,40,Male,Active Directory,Read,Stable,No,4,2,0,3,Travel_Rarely,No,4,7,3,10,Low
EMP1361,Research & Development,Laboratory Technician,1,40,Male,SAP,Read,Stable,No,4,2,0,3,Travel_Rarely,No,4,7,3,10,Low
EMP1361,Research & Development,Laboratory Technician,1,40,Male,SharePoint,Read,Stable,No,4,2,0,3,Travel_Rarely,No,4,7,3,10,Low
EMP1361,Research & Development,Laboratory Technician,1,40,Male,ServiceNow,Read,Stable,No,4,2,0,3,Travel_Rarely,No,4,7,3,10,Low
EMP1361,Research & Development,Laboratory Technician,1,40,Male,Lab Systems,Read,Stable,No,4,2,0,3,Travel_Rarely,No,4,7,3,10,Low
EMP1362,Sales,Sales Executive,2,36,Female,Active Directory,Write,Stable,No,15,7,6,13,Travel_Frequently,No,3,17,2,40,Medium
EMP1362,Sales,Sales Executive,2,36,Female,Salesforce,Write,Stable,No,15,7,6,13,Travel_Frequently,No,3,17,2,40,Medium
EMP1362,Sales,Sales Executive,2,36,Female,SharePoint,Write,Stable,No,15,7,6,13,Travel_Frequently,No,3,17,2,40,Medium
EMP1362,Sales,Sales Executive,2,36,Female,ServiceNow,Write,Stable,No,15,7,6,13,Travel_Frequently,No,3,17,2,40,Medium
EMP1362,Sales,Sales Executive,2,36,Female,CRM Portal,Write,Stable,No,15,7,6,13,Travel_Frequently,No,3,17,2,40,Medium
EMP1363,Research & Development,Manufacturing Director,3,48,Male,Active Directory,Write,Stable,No,10,9,0,8,Travel_Rarely,No,3,11,2,30,Medium
EMP1363,Research & Development,Manufacturing Director,3,48,Male,SAP,Write,Stable,No,10,9,0,8,Travel_Rarely,No,3,11,2,30,Medium
EMP1363,Research & Development,Manufacturing Director,3,48,Male,SharePoint,Write,Stable,No,10,9,0,8,Travel_Rarely,No,3,11,2,30,Medium
EMP1363,Research & Development,Manufacturing Director,3,48,Male,ServiceNow,Write,Stable,No,10,9,0,8,Travel_Rarely,No,3,11,2,30,Medium
EMP1363,Research & Development,Manufacturing Director,3,48,Male,Lab Systems,Write,Stable,No,10,9,0,8,Travel_Rarely,No,3,11,2,30,Medium
EMP1364,Sales,Sales Representative,1,27,Female,Active Directory,Read,Mover,No,1,0,0,0,Travel_Rarely,No,3,5,4,40,Medium
EMP1364,Sales,Sales Representative,1,27,Female,Salesforce,Read,Mover,No,1,0,0,0,Travel_Rarely,No,3,5,4,40,Medium
EMP1364,Sales,Sales Representative,1,27,Female,SharePoint,Read,Mover,No,1,0,0,0,Travel_Rarely,No,3,5,4,40,Medium
EMP1364,Sales,Sales Representative,1,27,Female,ServiceNow,Read,Mover,No,1,0,0,0,Travel_Rarely,No,3,5,4,40,Medium
EMP1364,Sales,Sales Representative,1,27,Female,CRM Portal,Read,Mover,No,1,0,0,0,Travel_Rarely,No,3,5,4,40,Medium
EMP1367,Research & Development,Manufacturing Director,4,51,Female,Active Directory,Write,Stable,No,5,2,0,3,Travel_Rarely,No,3,29,1,20,Low
EMP1367,Research & Development,Manufacturing Director,4,51,Female,SAP,Write,Stable,No,5,2,0,3,Travel_Rarely,No,3,29,1,20,Low
EMP1367,Research & Development,Manufacturing Director,4,51,Female,SharePoint,Write,Stable,No,5,2,0,3,Travel_Rarely,No,3,29,1,20,Low
EMP1367,Research & Development,Manufacturing Director,4,51,Female,ServiceNow,Write,Stable,No,5,2,0,3,Travel_Rarely,No,3,29,1,20,Low
EMP1367,Research & Development,Manufacturing Director,4,51,Female,Lab Systems,Write,Stable,No,5,2,0,3,Travel_Rarely,No,3,29,1,20,Low
EMP1368,Research & Development,Laboratory Technician,1,18,Female,Active Directory,Read,Mover,No,0,0,0,0,Non-Travel,No,3,0,5,35,Medium
EMP1368,Research & Development,Laboratory Technician,1,18,Female,SAP,Read,Mover,No,0,0,0,0,Non-Travel,No,3,0,5,35,Medium
EMP1368,Research & Development,Laboratory Technician,1,18,Female,SharePoint,Read,Mover,No,0,0,0,0,Non-Travel,No,3,0,5,35,Medium
EMP1368,Research & Development,Laboratory Technician,1,18,Female,ServiceNow,Read,Mover,No,0,0,0,0,Non-Travel,No,3,0,5,35,Medium
EMP1368,Research & Development,Laboratory Technician,1,18,Female,Lab Systems,Read,Mover,No,0,0,0,0,Non-Travel,No,3,0,5,35,Medium
EMP1369,Research & Development,Laboratory Technician,2,35,Female,Active Directory,Read,Stable,No,9,7,0,0,Travel_Rarely,No,3,10,0,30,Medium
EMP1369,Research & Development,Laboratory Technician,2,35,Female,SAP,Read,Stable,No,9,7,0,0,Travel_Rarely,No,3,10,0,30,Medium
EMP1369,Research & Development,Laboratory Technician,2,35,Female,SharePoint,Read,Stable,No,9,7,0,0,Travel_Rarely,No,3,10,0,30,Medium
EMP1369,Research & Development,Laboratory Technician,2,35,Female,ServiceNow,Read,Stable,No,9,7,0,0,Travel_Rarely,No,3,10,0,30,Medium
EMP1369,Research & Development,Laboratory Technician,2,35,Female,Lab Systems,Read,Stable,No,9,7,0,0,Travel_Rarely,No,3,10,0,30,Medium
EMP1371,Sales,Sales Executive,2,27,Male,Active Directory,Write,Stable,No,6,2,0,0,Travel_Frequently,No,4,8,3,45,Medium
EMP1371,Sales,Sales Executive,2,27,Male,Salesforce,Write,Stable,No,6,2,0,0,Travel_Frequently,No,4,8,3,45,Medium
EMP1371,Sales,Sales Executive,2,27,Male,SharePoint,Write,Stable,No,6,2,0,0,Travel_Frequently,No,4,8,3,45,Medium
EMP1371,Sales,Sales Executive,2,27,Male,ServiceNow,Write,Stable,No,6,2,0,0,Travel_Frequently,No,4,8,3,45,Medium
EMP1371,Sales,Sales Executive,2,27,Male,CRM Portal,Write,Stable,No,6,2,0,0,Travel_Frequently,No,4,8,3,45,Medium
EMP1372,Sales,Sales Executive,4,55,Male,Active Directory,Write,Leaver,Yes,19,7,3,8,Travel_Rarely,Yes,3,24,2,85,Critical
EMP1372,Sales,Sales Executive,4,55,Male,Salesforce,Write,Leaver,Yes,19,7,3,8,Travel_Rarely,Yes,3,24,2,85,Critical
EMP1372,Sales,Sales Executive,4,55,Male,SharePoint,Write,Leaver,Yes,19,7,3,8,Travel_Rarely,Yes,3,24,2,85,Critical
EMP1372,Sales,Sales Executive,4,55,Male,ServiceNow,Write,Leaver,Yes,19,7,3,8,Travel_Rarely,Yes,3,24,2,85,Critical
EMP1372,Sales,Sales Executive,4,55,Male,CRM Portal,Write,Leaver,Yes,19,7,3,8,Travel_Rarely,Yes,3,24,2,85,Critical
EMP1373,Research & Development,Manufacturing Director,4,56,Male,Active Directory,Write,Stable,No,19,16,15,9,Travel_Rarely,Yes,3,33,0,45,Medium
EMP1373,Research & Development,Manufacturing Director,4,56,Male,SAP,Write,Stable,No,19,16,15,9,Travel_Rarely,Yes,3,33,0,45,Medium
EMP1373,Research & Development,Manufacturing Director,4,56,Male,SharePoint,Write,Stable,No,19,16,15,9,Travel_Rarely,Yes,3,33,0,45,Medium
EMP1373,Research & Development,Manufacturing Director,4,56,Male,ServiceNow,Write,Stable,No,19,16,15,9,Travel_Rarely,Yes,3,33,0,45,Medium
EMP1373,Research & Development,Manufacturing Director,4,56,Male,Lab Systems,Write,Stable,No,19,16,15,9,Travel_Rarely,Yes,3,33,0,45,Medium
EMP1374,Research & Development,Research Scientist,1,34,Female,Active Directory,Write,Stable,No,5,4,0,0,Non-Travel,No,4,5,2,25,Low
EMP1374,Research & Development,Research Scientist,1,34,Female,SAP,Write,Stable,No,5,4,0,0,Non-Travel,No,4,5,2,25,Low
EMP1374,Research & Development,Research Scientist,1,34,Female,SharePoint,Write,Stable,No,5,4,0,0,Non-Travel,No,4,5,2,25,Low
EMP1374,Research & Development,Research Scientist,1,34,Female,ServiceNow,Write,Stable,No,5,4,0,0,Non-Travel,No,4,5,2,25,Low
EMP1374,Research & Development,Research Scientist,1,34,Female,Lab Systems,Write,Stable,No,5,4,0,0,Non-Travel,No,4,5,2,25,Low
EMP1375,Research & Development,Healthcare Representative,2,40,Female,Active Directory,Read,Stable,No,12,11,11,8,Travel_Rarely,No,4,15,0,25,Low
EMP1375,Research & Development,Healthcare Representative,2,40,Female,SAP,Read,Stable,No,12,11,11,8,Travel_Rarely,No,4,15,0,25,Low
EMP1375,Research & Development,Healthcare Representative,2,40,Female,SharePoint,Read,Stable,No,12,11,11,8,Travel_Rarely,No,4,15,0,25,Low
EMP1375,Research & Development,Healthcare Representative,2,40,Female,ServiceNow,Read,Stable,No,12,11,11,8,Travel_Rarely,No,4,15,0,25,Low
EMP1375,Research & Development,Healthcare Representative,2,40,Female,Lab Systems,Read,Stable,No,12,11,11,8,Travel_Rarely,No,4,15,0,25,Low
EMP1377,Research & Development,Laboratory Technician,2,34,Male,Active Directory,Read,Stable,No,8,7,7,7,Travel_Rarely,No,3,10,1,20,Low
EMP1377,Research & Development,Laboratory Technician,2,34,Male,SAP,Read,Stable,No,8,7,7,7,Travel_Rarely,No,3,10,1,20,Low
EMP1377,Research & Development,Laboratory Technician,2,34,Male,SharePoint,Read,Stable,No,8,7,7,7,Travel_Rarely,No,3,10,1,20,Low
EMP1377,Research & Development,Laboratory Technician,2,34,Male,ServiceNow,Read,Stable,No,8,7,7,7,Travel_Rarely,No,3,10,1,20,Low
EMP1377,Research & Development,Laboratory Technician,2,34,Male,Lab Systems,Read,Stable,No,8,7,7,7,Travel_Rarely,No,3,10,1,20,Low
EMP1379,Sales,Sales Representative,1,31,Female,Active Directory,Read,Leaver,Yes,1,0,0,0,Travel_Frequently,No,3,3,3,65,High
EMP1379,Sales,Sales Representative,1,31,Female,Salesforce,Read,Leaver,Yes,1,0,0,0,Travel_Frequently,No,3,3,3,65,High
EMP1379,Sales,Sales Representative,1,31,Female,SharePoint,Read,Leaver,Yes,1,0,0,0,Travel_Frequently,No,3,3,3,65,High
EMP1379,Sales,Sales Representative,1,31,Female,ServiceNow,Read,Leaver,Yes,1,0,0,0,Travel_Frequently,No,3,3,3,65,High
EMP1379,Sales,Sales Representative,1,31,Female,CRM Portal,Read,Leaver,Yes,1,0,0,0,Travel_Frequently,No,3,3,3,65,High
EMP1380,Sales,Sales Executive,2,35,Female,Active Directory,Write,Leaver,Yes,4,2,3,2,Travel_Frequently,Yes,3,5,0,75,Critical
EMP1380,Sales,Sales Executive,2,35,Female,Salesforce,Write,Leaver,Yes,4,2,3,2,Travel_Frequently,Yes,3,5,0,75,Critical
EMP1380,Sales,Sales Executive,2,35,Female,SharePoint,Write,Leaver,Yes,4,2,3,2,Travel_Frequently,Yes,3,5,0,75,Critical
EMP1380,Sales,Sales Executive,2,35,Female,ServiceNow,Write,Leaver,Yes,4,2,3,2,Travel_Frequently,Yes,3,5,0,75,Critical
EMP1380,Sales,Sales Executive,2,35,Female,CRM Portal,Write,Leaver,Yes,4,2,3,2,Travel_Frequently,Yes,3,5,0,75,Critical
EMP1382,Research & Development,Research Scientist,1,38,Male,Active Directory,Write,Stable,No,4,2,0,3,Travel_Frequently,No,3,4,2,25,Low
EMP1382,Research & Development,Research Scientist,1,38,Male,SAP,Write,Stable,No,4,2,0,3,Travel_Frequently,No,3,4,2,25,Low
EMP1382,Research & Development,Research Scientist,1,38,Male,SharePoint,Write,Stable,No,4,2,0,3,Travel_Frequently,No,3,4,2,25,Low
EMP1382,Research & Development,Research Scientist,1,38,Male,ServiceNow,Write,Stable,No,4,2,0,3,Travel_Frequently,No,3,4,2,25,Low
EMP1382,Research & Development,Research Scientist,1,38,Male,Lab Systems,Write,Stable,No,4,2,0,3,Travel_Frequently,No,3,4,2,25,Low
EMP1383,Research & Development,Healthcare Representative,2,34,Female,Active Directory,Read,Stable,No,14,11,4,11,Travel_Rarely,No,3,14,2,25,Low
EMP1383,Research & Development,Healthcare Representative,2,34,Female,SAP,Read,Stable,No,14,11,4,11,Travel_Rarely,No,3,14,2,25,Low
EMP1383,Research & Development,Healthcare Representative,2,34,Female,SharePoint,Read,Stable,No,14,11,4,11,Travel_Rarely,No,3,14,2,25,Low
EMP1383,Research & Development,Healthcare Representative,2,34,Female,ServiceNow,Read,Stable,No,14,11,4,11,Travel_Rarely,No,3,14,2,25,Low
EMP1383,Research & Development,Healthcare Representative,2,34,Female,Lab Systems,Read,Stable,No,14,11,4,11,Travel_Rarely,No,3,14,2,25,Low
EMP1387,Sales,Sales Executive,2,28,Male,Active Directory,Write,Stable,No,5,3,0,4,Travel_Rarely,No,3,5,0,20,Low
EMP1387,Sales,Sales Executive,2,28,Male,Salesforce,Write,Stable,No,5,3,0,4,Travel_Rarely,No,3,5,0,20,Low
EMP1387,Sales,Sales Executive,2,28,Male,SharePoint,Write,Stable,No,5,3,0,4,Travel_Rarely,No,3,5,0,20,Low
EMP1387,Sales,Sales Executive,2,28,Male,ServiceNow,Write,Stable,No,5,3,0,4,Travel_Rarely,No,3,5,0,20,Low
EMP1387,Sales,Sales Executive,2,28,Male,CRM Portal,Write,Stable,No,5,3,0,4,Travel_Rarely,No,3,5,0,20,Low
EMP1389,Research & Development,Manufacturing Director,2,31,Male,Active Directory,Write,Leaver,Yes,10,2,6,7,Travel_Rarely,Yes,3,10,3,80,Critical
EMP1389,Research & Development,Manufacturing Director,2,31,Male,SAP,Write,Leaver,Yes,10,2,6,7,Travel_Rarely,Yes,3,10,3,80,Critical
EMP1389,Research & Development,Manufacturing Director,2,31,Male,SharePoint,Write,Leaver,Yes,10,2,6,7,Travel_Rarely,Yes,3,10,3,80,Critical
EMP1389,Research & Development,Manufacturing Director,2,31,Male,ServiceNow,Write,Leaver,Yes,10,2,6,7,Travel_Rarely,Yes,3,10,3,80,Critical
EMP1389,Research & Development,Manufacturing Director,2,31,Male,Lab Systems,Write,Leaver,Yes,10,2,6,7,Travel_Rarely,Yes,3,10,3,80,Critical
EMP1390,Sales,Sales Executive,2,39,Male,Active Directory,Write,Stable,No,5,4,1,4,Travel_Rarely,Yes,3,8,2,30,Medium
EMP1390,Sales,Sales Executive,2,39,Male,Salesforce,Write,Stable,No,5,4,1,4,Travel_Rarely,Yes,3,8,2,30,Medium
EMP1390,Sales,Sales Executive,2,39,Male,SharePoint,Write,Stable,No,5,4,1,4,Travel_Rarely,Yes,3,8,2,30,Medium
EMP1390,Sales,Sales Executive,2,39,Male,ServiceNow,Write,Stable,No,5,4,1,4,Travel_Rarely,Yes,3,8,2,30,Medium
EMP1390,Sales,Sales Executive,2,39,Male,CRM Portal,Write,Stable,No,5,4,1,4,Travel_Rarely,Yes,3,8,2,30,Medium
EMP1391,Sales,Sales Executive,3,51,Male,Active Directory,Write,Stable,No,4,2,3,2,Travel_Frequently,No,3,14,5,25,Low
EMP1391,Sales,Sales Executive,3,51,Male,Salesforce,Write,Stable,No,4,2,3,2,Travel_Frequently,No,3,14,5,25,Low
EMP1391,Sales,Sales Executive,3,51,Male,SharePoint,Write,Stable,No,4,2,3,2,Travel_Frequently,No,3,14,5,25,Low
EMP1391,Sales,Sales Executive,3,51,Male,ServiceNow,Write,Stable,No,4,2,3,2,Travel_Frequently,No,3,14,5,25,Low
EMP1391,Sales,Sales Executive,3,51,Male,CRM Portal,Write,Stable,No,4,2,3,2,Travel_Frequently,No,3,14,5,25,Low
EMP1392,Research & Development,Research Scientist,2,41,Female,Active Directory,Write,Stable,No,6,2,3,3,Travel_Frequently,Yes,3,12,4,45,Medium
EMP1392,Research & Development,Research Scientist,2,41,Female,SAP,Write,Stable,No,6,2,3,3,Travel_Frequently,Yes,3,12,4,45,Medium
EMP1392,Research & Development,Research Scientist,2,41,Female,SharePoint,Write,Stable,No,6,2,3,3,Travel_Frequently,Yes,3,12,4,45,Medium
EMP1392,Research & Development,Research Scientist,2,41,Female,ServiceNow,Write,Stable,No,6,2,3,3,Travel_Frequently,Yes,3,12,4,45,Medium
EMP1392,Research & Development,Research Scientist,2,41,Female,Lab Systems,Write,Stable,No,6,2,3,3,Travel_Frequently,Yes,3,12,4,45,Medium
EMP1394,Research & Development,Research Scientist,1,37,Male,Active Directory,Write,Stable,No,6,4,1,3,Travel_Rarely,Yes,3,8,2,40,Medium
EMP1394,Research & Development,Research Scientist,1,37,Male,SAP,Write,Stable,No,6,4,1,3,Travel_Rarely,Yes,3,8,2,40,Medium
EMP1394,Research & Development,Research Scientist,1,37,Male,SharePoint,Write,Stable,No,6,4,1,3,Travel_Rarely,Yes,3,8,2,40,Medium
EMP1394,Research & Development,Research Scientist,1,37,Male,ServiceNow,Write,Stable,No,6,4,1,3,Travel_Rarely,Yes,3,8,2,40,Medium
EMP1394,Research & Development,Research Scientist,1,37,Male,Lab Systems,Write,Stable,No,6,4,1,3,Travel_Rarely,Yes,3,8,2,40,Medium
EMP1395,Sales,Sales Executive,2,33,Male,Active Directory,Write,Stable,No,5,4,1,2,Travel_Frequently,No,3,8,2,25,Low
EMP1395,Sales,Sales Executive,2,33,Male,Salesforce,Write,Stable,No,5,4,1,2,Travel_Frequently,No,3,8,2,25,Low
EMP1395,Sales,Sales Executive,2,33,Male,SharePoint,Write,Stable,No,5,4,1,2,Travel_Frequently,No,3,8,2,25,Low
EMP1395,Sales,Sales Executive,2,33,Male,ServiceNow,Write,Stable,No,5,4,1,2,Travel_Frequently,No,3,8,2,25,Low
EMP1395,Sales,Sales Executive,2,33,Male,CRM Portal,Write,Stable,No,5,4,1,2,Travel_Frequently,No,3,8,2,25,Low
EMP1396,Sales,Sales Executive,2,32,Male,Active Directory,Write,Stable,No,3,2,1,2,Travel_Rarely,Yes,3,4,3,30,Medium
EMP1396,Sales,Sales Executive,2,32,Male,Salesforce,Write,Stable,No,3,2,1,2,Travel_Rarely,Yes,3,4,3,30,Medium
EMP1396,Sales,Sales Executive,2,32,Male,SharePoint,Write,Stable,No,3,2,1,2,Travel_Rarely,Yes,3,4,3,30,Medium
EMP1396,Sales,Sales Executive,2,32,Male,ServiceNow,Write,Stable,No,3,2,1,2,Travel_Rarely,Yes,3,4,3,30,Medium
EMP1396,Sales,Sales Executive,2,32,Male,CRM Portal,Write,Stable,No,3,2,1,2,Travel_Rarely,Yes,3,4,3,30,Medium
EMP1397,Research & Development,Healthcare Representative,3,39,Male,Active Directory,Read,Stable,No,6,4,0,5,Non-Travel,No,4,13,2,15,Low
EMP1397,Research & Development,Healthcare Representative,3,39,Male,SAP,Read,Stable,No,6,4,0,5,Non-Travel,No,4,13,2,15,Low
EMP1397,Research & Development,Healthcare Representative,3,39,Male,SharePoint,Read,Stable,No,6,4,0,5,Non-Travel,No,4,13,2,15,Low
EMP1397,Research & Development,Healthcare Representative,3,39,Male,ServiceNow,Read,Stable,No,6,4,0,5,Non-Travel,No,4,13,2,15,Low
EMP1397,Research & Development,Healthcare Representative,3,39,Male,Lab Systems,Read,Stable,No,6,4,0,5,Non-Travel,No,4,13,2,15,Low
EMP1399,Sales,Sales Executive,2,25,Male,Active Directory,Write,Stable,No,3,2,1,2,Travel_Rarely,No,3,6,3,20,Low
EMP1399,Sales,Sales Executive,2,25,Male,Salesforce,Write,Stable,No,3,2,1,2,Travel_Rarely,No,3,6,3,20,Low
EMP1399,Sales,Sales Executive,2,25,Male,SharePoint,Write,Stable,No,3,2,1,2,Travel_Rarely,No,3,6,3,20,Low
EMP1399,Sales,Sales Executive,2,25,Male,ServiceNow,Write,Stable,No,3,2,1,2,Travel_Rarely,No,3,6,3,20,Low
EMP1399,Sales,Sales Executive,2,25,Male,CRM Portal,Write,Stable,No,3,2,1,2,Travel_Rarely,No,3,6,3,20,Low
EMP1401,Research & Development,Manufacturing Director,4,52,Female,Active Directory,Write,Stable,No,5,3,0,2,Travel_Frequently,Yes,3,24,3,35,Medium
EMP1401,Research & Development,Manufacturing Director,4,52,Female,SAP,Write,Stable,No,5,3,0,2,Travel_Frequently,Yes,3,24,3,35,Medium
EMP1401,Research & Development,Manufacturing Director,4,52,Female,SharePoint,Write,Stable,No,5,3,0,2,Travel_Frequently,Yes,3,24,3,35,Medium
EMP1401,Research & Development,Manufacturing Director,4,52,Female,ServiceNow,Write,Stable,No,5,3,0,2,Travel_Frequently,Yes,3,24,3,35,Medium
EMP1401,Research & Development,Manufacturing Director,4,52,Female,Lab Systems,Write,Stable,No,5,3,0,2,Travel_Frequently,Yes,3,24,3,35,Medium
EMP1402,Research & Development,Research Scientist,2,43,Female,Active Directory,Write,Stable,No,20,7,1,8,Travel_Rarely,Yes,3,20,3,45,Medium
EMP1402,Research & Development,Research Scientist,2,43,Female,SAP,Write,Stable,No,20,7,1,8,Travel_Rarely,Yes,3,20,3,45,Medium
EMP1402,Research & Development,Research Scientist,2,43,Female,SharePoint,Write,Stable,No,20,7,1,8,Travel_Rarely,Yes,3,20,3,45,Medium
EMP1402,Research & Development,Research Scientist,2,43,Female,ServiceNow,Write,Stable,No,20,7,1,8,Travel_Rarely,Yes,3,20,3,45,Medium
EMP1402,Research & Development,Research Scientist,2,43,Female,Lab Systems,Write,Stable,No,20,7,1,8,Travel_Rarely,Yes,3,20,3,45,Medium
EMP1403,Sales,Sales Executive,2,27,Female,Active Directory,Write,Stable,No,6,2,4,4,Travel_Rarely,Yes,3,6,3,40,Medium
EMP1403,Sales,Sales Executive,2,27,Female,Salesforce,Write,Stable,No,6,2,4,4,Travel_Rarely,Yes,3,6,3,40,Medium
EMP1403,Sales,Sales Executive,2,27,Female,SharePoint,Write,Stable,No,6,2,4,4,Travel_Rarely,Yes,3,6,3,40,Medium
EMP1403,Sales,Sales Executive,2,27,Female,ServiceNow,Write,Stable,No,6,2,4,4,Travel_Rarely,Yes,3,6,3,40,Medium
EMP1403,Sales,Sales Executive,2,27,Female,CRM Portal,Write,Stable,No,6,2,4,4,Travel_Rarely,Yes,3,6,3,40,Medium
EMP1405,Research & Development,Research Scientist,1,27,Female,Active Directory,Write,Leaver,Yes,8,2,7,7,Travel_Rarely,Yes,3,8,2,80,Critical
EMP1405,Research & Development,Research Scientist,1,27,Female,SAP,Write,Leaver,Yes,8,2,7,7,Travel_Rarely,Yes,3,8,2,80,Critical
EMP1405,Research & Development,Research Scientist,1,27,Female,SharePoint,Write,Leaver,Yes,8,2,7,7,Travel_Rarely,Yes,3,8,2,80,Critical
EMP1405,Research & Development,Research Scientist,1,27,Female,ServiceNow,Write,Leaver,Yes,8,2,7,7,Travel_Rarely,Yes,3,8,2,80,Critical
EMP1405,Research & Development,Research Scientist,1,27,Female,Lab Systems,Write,Leaver,Yes,8,2,7,7,Travel_Rarely,Yes,3,8,2,80,Critical
EMP1407,Research & Development,Research Scientist,1,26,Male,Active Directory,Write,Stable,No,4,3,1,1,Travel_Rarely,No,3,5,2,30,Medium
EMP1407,Research & Development,Research Scientist,1,26,Male,SAP,Write,Stable,No,4,3,1,1,Travel_Rarely,No,3,5,2,30,Medium
EMP1407,Research & Development,Research Scientist,1,26,Male,SharePoint,Write,Stable,No,4,3,1,1,Travel_Rarely,No,3,5,2,30,Medium
EMP1407,Research & Development,Research Scientist,1,26,Male,ServiceNow,Write,Stable,No,4,3,1,1,Travel_Rarely,No,3,5,2,30,Medium
EMP1407,Research & Development,Research Scientist,1,26,Male,Lab Systems,Write,Stable,No,4,3,1,1,Travel_Rarely,No,3,5,2,30,Medium
EMP1408,Human Resources,Manager,4,42,Female,Active Directory,Write,Stable,No,20,7,0,9,Travel_Rarely,No,3,21,5,35,Medium
EMP1408,Human Resources,Manager,4,42,Female,Workday,Write,Stable,No,20,7,0,9,Travel_Rarely,No,3,21,5,35,Medium
EMP1408,Human Resources,Manager,4,42,Female,SharePoint,Write,Stable,No,20,7,0,9,Travel_Rarely,No,3,21,5,35,Medium
EMP1408,Human Resources,Manager,4,42,Female,ServiceNow,Write,Stable,No,20,7,0,9,Travel_Rarely,No,3,21,5,35,Medium
EMP1408,Human Resources,Manager,4,42,Female,HR Portal,Write,Stable,No,20,7,0,9,Travel_Rarely,No,3,21,5,35,Medium
EMP1409,Research & Development,Laboratory Technician,1,52,Female,Active Directory,Read,Stable,No,5,4,0,4,Travel_Rarely,No,3,12,2,10,Low
EMP1409,Research & Development,Laboratory Technician,1,52,Female,SAP,Read,Stable,No,5,4,0,4,Travel_Rarely,No,3,12,2,10,Low
EMP1409,Research & Development,Laboratory Technician,1,52,Female,SharePoint,Read,Stable,No,5,4,0,4,Travel_Rarely,No,3,12,2,10,Low
EMP1409,Research & Development,Laboratory Technician,1,52,Female,ServiceNow,Read,Stable,No,5,4,0,4,Travel_Rarely,No,3,12,2,10,Low
EMP1409,Research & Development,Laboratory Technician,1,52,Female,Lab Systems,Read,Stable,No,5,4,0,4,Travel_Rarely,No,3,12,2,10,Low
EMP1411,Research & Development,Laboratory Technician,1,37,Female,Active Directory,Read,Stable,No,3,2,0,2,Travel_Rarely,No,3,8,6,10,Low
EMP1411,Research & Development,Laboratory Technician,1,37,Female,SAP,Read,Stable,No,3,2,0,2,Travel_Rarely,No,3,8,6,10,Low
EMP1411,Research & Development,Laboratory Technician,1,37,Female,SharePoint,Read,Stable,No,3,2,0,2,Travel_Rarely,No,3,8,6,10,Low
EMP1411,Research & Development,Laboratory Technician,1,37,Female,ServiceNow,Read,Stable,No,3,2,0,2,Travel_Rarely,No,3,8,6,10,Low
EMP1411,Research & Development,Laboratory Technician,1,37,Female,Lab Systems,Read,Stable,No,3,2,0,2,Travel_Rarely,No,3,8,6,10,Low
EMP1412,Research & Development,Manufacturing Director,3,35,Male,Active Directory,Write,Stable,No,2,2,2,2,Travel_Frequently,No,3,10,2,25,Low
EMP1412,Research & Development,Manufacturing Director,3,35,Male,SAP,Write,Stable,No,2,2,2,2,Travel_Frequently,No,3,10,2,25,Low
EMP1412,Research & Development,Manufacturing Director,3,35,Male,SharePoint,Write,Stable,No,2,2,2,2,Travel_Frequently,No,3,10,2,25,Low
EMP1412,Research & Development,Manufacturing Director,3,35,Male,ServiceNow,Write,Stable,No,2,2,2,2,Travel_Frequently,No,3,10,2,25,Low
EMP1412,Research & Development,Manufacturing Director,3,35,Male,Lab Systems,Write,Stable,No,2,2,2,2,Travel_Frequently,No,3,10,2,25,Low
EMP1415,Research & Development,Laboratory Technician,1,25,Male,Active Directory,Read,Stable,No,3,2,0,2,Travel_Rarely,No,3,7,2,10,Low
EMP1415,Research & Development,Laboratory Technician,1,25,Male,SAP,Read,Stable,No,3,2,0,2,Travel_Rarely,No,3,7,2,10,Low
EMP1415,Research & Development,Laboratory Technician,1,25,Male,SharePoint,Read,Stable,No,3,2,0,2,Travel_Rarely,No,3,7,2,10,Low
EMP1415,Research & Development,Laboratory Technician,1,25,Male,ServiceNow,Read,Stable,No,3,2,0,2,Travel_Rarely,No,3,7,2,10,Low
EMP1415,Research & Development,Laboratory Technician,1,25,Male,Lab Systems,Read,Stable,No,3,2,0,2,Travel_Rarely,No,3,7,2,10,Low
EMP1417,Research & Development,Laboratory Technician,1,26,Male,Active Directory,Read,Stable,No,7,7,0,7,Travel_Rarely,No,3,8,2,20,Low
EMP1417,Research & Development,Laboratory Technician,1,26,Male,SAP,Read,Stable,No,7,7,0,7,Travel_Rarely,No,3,8,2,20,Low
EMP1417,Research & Development,Laboratory Technician,1,26,Male,SharePoint,Read,Stable,No,7,7,0,7,Travel_Rarely,No,3,8,2,20,Low
EMP1417,Research & Development,Laboratory Technician,1,26,Male,ServiceNow,Read,Stable,No,7,7,0,7,Travel_Rarely,No,3,8,2,20,Low
EMP1417,Research & Development,Laboratory Technician,1,26,Male,Lab Systems,Read,Stable,No,7,7,0,7,Travel_Rarely,No,3,8,2,20,Low
EMP1419,Human Resources,Human Resources,3,29,Male,Active Directory,Read,Stable,No,10,9,0,9,Travel_Rarely,No,3,10,3,20,Low
EMP1419,Human Resources,Human Resources,3,29,Male,Workday,Read,Stable,No,10,9,0,9,Travel_Rarely,No,3,10,3,20,Low
EMP1419,Human Resources,Human Resources,3,29,Male,SharePoint,Read,Stable,No,10,9,0,9,Travel_Rarely,No,3,10,3,20,Low
EMP1419,Human Resources,Human Resources,3,29,Male,ServiceNow,Read,Stable,No,10,9,0,9,Travel_Rarely,No,3,10,3,20,Low
EMP1419,Human Resources,Human Resources,3,29,Male,HR Portal,Read,Stable,No,10,9,0,9,Travel_Rarely,No,3,10,3,20,Low
EMP1420,Research & Development,Laboratory Technician,2,49,Male,Active Directory,Read,Leaver,Yes,4,3,1,3,Travel_Frequently,No,4,20,2,55,High
EMP1420,Research & Development,Laboratory Technician,2,49,Male,SAP,Read,Leaver,Yes,4,3,1,3,Travel_Frequently,No,4,20,2,55,High
EMP1420,Research & Development,Laboratory Technician,2,49,Male,SharePoint,Read,Leaver,Yes,4,3,1,3,Travel_Frequently,No,4,20,2,55,High
EMP1420,Research & Development,Laboratory Technician,2,49,Male,ServiceNow,Read,Leaver,Yes,4,3,1,3,Travel_Frequently,No,4,20,2,55,High
EMP1420,Research & Development,Laboratory Technician,2,49,Male,Lab Systems,Read,Leaver,Yes,4,3,1,3,Travel_Frequently,No,4,20,2,55,High
EMP1421,Research & Development,Healthcare Representative,3,29,Female,Active Directory,Read,Leaver,Yes,8,7,7,7,Travel_Frequently,Yes,3,9,1,75,Critical
EMP1421,Research & Development,Healthcare Representative,3,29,Female,SAP,Read,Leaver,Yes,8,7,7,7,Travel_Frequently,Yes,3,9,1,75,Critical
EMP1421,Research & Development,Healthcare Representative,3,29,Female,SharePoint,Read,Leaver,Yes,8,7,7,7,Travel_Frequently,Yes,3,9,1,75,Critical
EMP1421,Research & Development,Healthcare Representative,3,29,Female,ServiceNow,Read,Leaver,Yes,8,7,7,7,Travel_Frequently,Yes,3,9,1,75,Critical
EMP1421,Research & Development,Healthcare Representative,3,29,Female,Lab Systems,Read,Leaver,Yes,8,7,7,7,Travel_Frequently,Yes,3,9,1,75,Critical
EMP1422,Research & Development,Research Director,4,54,Female,Active Directory,Admin,Stable,No,20,7,12,7,Travel_Rarely,No,3,29,3,50,High
EMP1422,Research & Development,Research Director,4,54,Female,SAP,Admin,Stable,No,20,7,12,7,Travel_Rarely,No,3,29,3,50,High
EMP1422,Research & Development,Research Director,4,54,Female,SharePoint,Admin,Stable,No,20,7,12,7,Travel_Rarely,No,3,29,3,50,High
EMP1422,Research & Development,Research Director,4,54,Female,ServiceNow,Admin,Stable,No,20,7,12,7,Travel_Rarely,No,3,29,3,50,High
EMP1422,Research & Development,Research Director,4,54,Female,Lab Systems,Admin,Stable,No,20,7,12,7,Travel_Rarely,No,3,29,3,50,High
EMP1423,Research & Development,Research Director,5,58,Female,Active Directory,Admin,Stable,No,9,8,1,5,Travel_Rarely,Yes,4,32,3,55,High
EMP1423,Research & Development,Research Director,5,58,Female,SAP,Admin,Stable,No,9,8,1,5,Travel_Rarely,Yes,4,32,3,55,High
EMP1423,Research & Development,Research Director,5,58,Female,SharePoint,Admin,Stable,No,9,8,1,5,Travel_Rarely,Yes,4,32,3,55,High
EMP1423,Research & Development,Research Director,5,58,Female,ServiceNow,Admin,Stable,No,9,8,1,5,Travel_Rarely,Yes,4,32,3,55,High
EMP1423,Research & Development,Research Director,5,58,Female,Lab Systems,Admin,Stable,No,9,8,1,5,Travel_Rarely,Yes,4,32,3,55,High
EMP1424,Research & Development,Research Director,4,55,Male,Active Directory,Admin,Stable,No,7,7,0,0,Travel_Rarely,No,3,31,4,55,High
EMP1424,Research & Development,Research Director,4,55,Male,SAP,Admin,Stable,No,7,7,0,0,Travel_Rarely,No,3,31,4,55,High
EMP1424,Research & Development,Research Director,4,55,Male,SharePoint,Admin,Stable,No,7,7,0,0,Travel_Rarely,No,3,31,4,55,High
EMP1424,Research & Development,Research Director,4,55,Male,ServiceNow,Admin,Stable,No,7,7,0,0,Travel_Rarely,No,3,31,4,55,High
EMP1424,Research & Development,Research Director,4,55,Male,Lab Systems,Admin,Stable,No,7,7,0,0,Travel_Rarely,No,3,31,4,55,High
EMP1425,Sales,Sales Executive,2,36,Female,Active Directory,Write,Stable,No,5,4,0,1,Travel_Rarely,Yes,3,15,3,40,Medium
EMP1425,Sales,Sales Executive,2,36,Female,Salesforce,Write,Stable,No,5,4,0,1,Travel_Rarely,Yes,3,15,3,40,Medium
EMP1425,Sales,Sales Executive,2,36,Female,SharePoint,Write,Stable,No,5,4,0,1,Travel_Rarely,Yes,3,15,3,40,Medium
EMP1425,Sales,Sales Executive,2,36,Female,ServiceNow,Write,Stable,No,5,4,0,1,Travel_Rarely,Yes,3,15,3,40,Medium
EMP1425,Sales,Sales Executive,2,36,Female,CRM Portal,Write,Stable,No,5,4,0,1,Travel_Rarely,Yes,3,15,3,40,Medium
EMP1427,Sales,Sales Representative,1,31,Female,Active Directory,Read,Leaver,Yes,1,0,0,0,Travel_Frequently,No,3,1,3,65,High
EMP1427,Sales,Sales Representative,1,31,Female,Salesforce,Read,Leaver,Yes,1,0,0,0,Travel_Frequently,No,3,1,3,65,High
EMP1427,Sales,Sales Representative,1,31,Female,SharePoint,Read,Leaver,Yes,1,0,0,0,Travel_Frequently,No,3,1,3,65,High
EMP1427,Sales,Sales Representative,1,31,Female,ServiceNow,Read,Leaver,Yes,1,0,0,0,Travel_Frequently,No,3,1,3,65,High
EMP1427,Sales,Sales Representative,1,31,Female,CRM Portal,Read,Leaver,Yes,1,0,0,0,Travel_Frequently,No,3,1,3,65,High
EMP1428,Sales,Sales Executive,2,30,Female,Active Directory,Write,Stable,No,3,2,0,2,Travel_Rarely,No,3,8,3,20,Low
EMP1428,Sales,Sales Executive,2,30,Female,Salesforce,Write,Stable,No,3,2,0,2,Travel_Rarely,No,3,8,3,20,Low
EMP1428,Sales,Sales Executive,2,30,Female,SharePoint,Write,Stable,No,3,2,0,2,Travel_Rarely,No,3,8,3,20,Low
EMP1428,Sales,Sales Executive,2,30,Female,ServiceNow,Write,Stable,No,3,2,0,2,Travel_Rarely,No,3,8,3,20,Low
EMP1428,Sales,Sales Executive,2,30,Female,CRM Portal,Write,Stable,No,3,2,0,2,Travel_Rarely,No,3,8,3,20,Low
EMP1430,Research & Development,Research Director,4,31,Female,Active Directory,Admin,Stable,No,3,2,1,0,Travel_Rarely,No,3,9,3,45,Medium
EMP1430,Research & Development,Research Director,4,31,Female,SAP,Admin,Stable,No,3,2,1,0,Travel_Rarely,No,3,9,3,45,Medium
EMP1430,Research & Development,Research Director,4,31,Female,SharePoint,Admin,Stable,No,3,2,1,0,Travel_Rarely,No,3,9,3,45,Medium
EMP1430,Research & Development,Research Director,4,31,Female,ServiceNow,Admin,Stable,No,3,2,1,0,Travel_Rarely,No,3,9,3,45,Medium
EMP1430,Research & Development,Research Director,4,31,Female,Lab Systems,Admin,Stable,No,3,2,1,0,Travel_Rarely,No,3,9,3,45,Medium
EMP1431,Research & Development,Research Scientist,1,34,Male,Active Directory,Write,Stable,No,4,3,1,3,Travel_Frequently,No,3,10,2,25,Low
EMP1431,Research & Development,Research Scientist,1,34,Male,SAP,Write,Stable,No,4,3,1,3,Travel_Frequently,No,3,10,2,25,Low
EMP1431,Research & Development,Research Scientist,1,34,Male,SharePoint,Write,Stable,No,4,3,1,3,Travel_Frequently,No,3,10,2,25,Low
EMP1431,Research & Development,Research Scientist,1,34,Male,ServiceNow,Write,Stable,No,4,3,1,3,Travel_Frequently,No,3,10,2,25,Low
EMP1431,Research & Development,Research Scientist,1,34,Male,Lab Systems,Write,Stable,No,4,3,1,3,Travel_Frequently,No,3,10,2,25,Low
EMP1433,Research & Development,Research Scientist,1,31,Female,Active Directory,Write,Leaver,Yes,1,0,0,0,Travel_Rarely,No,3,1,3,70,Critical
EMP1433,Research & Development,Research Scientist,1,31,Female,SAP,Write,Leaver,Yes,1,0,0,0,Travel_Rarely,No,3,1,3,70,Critical
EMP1433,Research & Development,Research Scientist,1,31,Female,SharePoint,Write,Leaver,Yes,1,0,0,0,Travel_Rarely,No,3,1,3,70,Critical
EMP1433,Research & Development,Research Scientist,1,31,Female,ServiceNow,Write,Leaver,Yes,1,0,0,0,Travel_Rarely,No,3,1,3,70,Critical
EMP1433,Research & Development,Research Scientist,1,31,Female,Lab Systems,Write,Leaver,Yes,1,0,0,0,Travel_Rarely,No,3,1,3,70,Critical
EMP1434,Research & Development,Laboratory Technician,1,27,Male,Active Directory,Read,Mover,No,5,0,1,4,Travel_Rarely,No,3,6,3,30,Medium
EMP1434,Research & Development,Laboratory Technician,1,27,Male,SAP,Read,Mover,No,5,0,1,4,Travel_Rarely,No,3,6,3,30,Medium
EMP1434,Research & Development,Laboratory Technician,1,27,Male,SharePoint,Read,Mover,No,5,0,1,4,Travel_Rarely,No,3,6,3,30,Medium
EMP1434,Research & Development,Laboratory Technician,1,27,Male,ServiceNow,Read,Mover,No,5,0,1,4,Travel_Rarely,No,3,6,3,30,Medium
EMP1434,Research & Development,Laboratory Technician,1,27,Male,Lab Systems,Read,Mover,No,5,0,1,4,Travel_Rarely,No,3,6,3,30,Medium
EMP1435,Research & Development,Laboratory Technician,2,36,Male,Active Directory,Read,Stable,No,10,4,1,8,Travel_Rarely,No,3,10,2,20,Low
EMP1435,Research & Development,Laboratory Technician,2,36,Male,SAP,Read,Stable,No,10,4,1,8,Travel_Rarely,No,3,10,2,20,Low
EMP1435,Research & Development,Laboratory Technician,2,36,Male,SharePoint,Read,Stable,No,10,4,1,8,Travel_Rarely,No,3,10,2,20,Low
EMP1435,Research & Development,Laboratory Technician,2,36,Male,ServiceNow,Read,Stable,No,10,4,1,8,Travel_Rarely,No,3,10,2,20,Low
EMP1435,Research & Development,Laboratory Technician,2,36,Male,Lab Systems,Read,Stable,No,10,4,1,8,Travel_Rarely,No,3,10,2,20,Low
EMP1436,Sales,Sales Executive,2,36,Female,Active Directory,Write,Stable,No,3,2,0,2,Travel_Rarely,No,3,11,3,20,Low
EMP1436,Sales,Sales Executive,2,36,Female,Salesforce,Write,Stable,No,3,2,0,2,Travel_Rarely,No,3,11,3,20,Low
EMP1436,Sales,Sales Executive,2,36,Female,SharePoint,Write,Stable,No,3,2,0,2,Travel_Rarely,No,3,11,3,20,Low
EMP1436,Sales,Sales Executive,2,36,Female,ServiceNow,Write,Stable,No,3,2,0,2,Travel_Rarely,No,3,11,3,20,Low
EMP1436,Sales,Sales Executive,2,36,Female,CRM Portal,Write,Stable,No,3,2,0,2,Travel_Rarely,No,3,11,3,20,Low
EMP1438,Research & Development,Research Scientist,1,47,Male,Active Directory,Write,Stable,No,6,5,1,2,Travel_Rarely,No,3,17,2,30,Medium
EMP1438,Research & Development,Research Scientist,1,47,Male,SAP,Write,Stable,No,6,5,1,2,Travel_Rarely,No,3,17,2,30,Medium
EMP1438,Research & Development,Research Scientist,1,47,Male,SharePoint,Write,Stable,No,6,5,1,2,Travel_Rarely,No,3,17,2,30,Medium
EMP1438,Research & Development,Research Scientist,1,47,Male,ServiceNow,Write,Stable,No,6,5,1,2,Travel_Rarely,No,3,17,2,30,Medium
EMP1438,Research & Development,Research Scientist,1,47,Male,Lab Systems,Write,Stable,No,6,5,1,2,Travel_Rarely,No,3,17,2,30,Medium
EMP1439,Sales,Sales Representative,1,25,Male,Active Directory,Read,Leaver,Yes,3,2,2,2,Travel_Rarely,No,3,6,2,50,High
EMP1439,Sales,Sales Representative,1,25,Male,Salesforce,Read,Leaver,Yes,3,2,2,2,Travel_Rarely,No,3,6,2,50,High
EMP1439,Sales,Sales Representative,1,25,Male,SharePoint,Read,Leaver,Yes,3,2,2,2,Travel_Rarely,No,3,6,2,50,High
EMP1439,Sales,Sales Representative,1,25,Male,ServiceNow,Read,Leaver,Yes,3,2,2,2,Travel_Rarely,No,3,6,2,50,High
EMP1439,Sales,Sales Representative,1,25,Male,CRM Portal,Read,Leaver,Yes,3,2,2,2,Travel_Rarely,No,3,6,2,50,High
EMP1440,Research & Development,Laboratory Technician,1,37,Male,Active Directory,Read,Stable,No,6,5,1,3,Non-Travel,No,3,7,2,15,Low
EMP1440,Research & Development,Laboratory Technician,1,37,Male,SAP,Read,Stable,No,6,5,1,3,Non-Travel,No,3,7,2,15,Low
EMP1440,Research & Development,Laboratory Technician,1,37,Male,SharePoint,Read,Stable,No,6,5,1,3,Non-Travel,No,3,7,2,15,Low
EMP1440,Research & Development,Laboratory Technician,1,37,Male,ServiceNow,Read,Stable,No,6,5,1,3,Non-Travel,No,3,7,2,15,Low
EMP1440,Research & Development,Laboratory Technician,1,37,Male,Lab Systems,Read,Stable,No,6,5,1,3,Non-Travel,No,3,7,2,15,Low
EMP1441,Research & Development,Research Scientist,1,56,Female,Active Directory,Write,Stable,No,3,2,1,0,Travel_Rarely,No,4,5,3,30,Medium
EMP1441,Research & Development,Research Scientist,1,56,Female,SAP,Write,Stable,No,3,2,1,0,Travel_Rarely,No,4,5,3,30,Medium
EMP1441,Research & Development,Research Scientist,1,56,Female,SharePoint,Write,Stable,No,3,2,1,0,Travel_Rarely,No,4,5,3,30,Medium
EMP1441,Research & Development,Research Scientist,1,56,Female,ServiceNow,Write,Stable,No,3,2,1,0,Travel_Rarely,No,4,5,3,30,Medium
EMP1441,Research & Development,Research Scientist,1,56,Female,Lab Systems,Write,Stable,No,3,2,1,0,Travel_Rarely,No,4,5,3,30,Medium
EMP1443,Research & Development,Research Director,4,47,Female,Active Directory,Admin,Stable,No,20,17,5,6,Travel_Rarely,No,3,26,2,50,High
EMP1443,Research & Development,Research Director,4,47,Female,SAP,Admin,Stable,No,20,17,5,6,Travel_Rarely,No,3,26,2,50,High
EMP1443,Research & Development,Research Director,4,47,Female,SharePoint,Admin,Stable,No,20,17,5,6,Travel_Rarely,No,3,26,2,50,High
EMP1443,Research & Development,Research Director,4,47,Female,ServiceNow,Admin,Stable,No,20,17,5,6,Travel_Rarely,No,3,26,2,50,High
EMP1443,Research & Development,Research Director,4,47,Female,Lab Systems,Admin,Stable,No,20,17,5,6,Travel_Rarely,No,3,26,2,50,High
EMP1445,Sales,Sales Executive,2,24,Female,Active Directory,Write,Stable,No,5,4,0,3,Travel_Rarely,Yes,3,5,3,30,Medium
EMP1445,Sales,Sales Executive,2,24,Female,Salesforce,Write,Stable,No,5,4,0,3,Travel_Rarely,Yes,3,5,3,30,Medium
EMP1445,Sales,Sales Executive,2,24,Female,SharePoint,Write,Stable,No,5,4,0,3,Travel_Rarely,Yes,3,5,3,30,Medium
EMP1445,Sales,Sales Executive,2,24,Female,ServiceNow,Write,Stable,No,5,4,0,3,Travel_Rarely,Yes,3,5,3,30,Medium
EMP1445,Sales,Sales Executive,2,24,Female,CRM Portal,Write,Stable,No,5,4,0,3,Travel_Rarely,Yes,3,5,3,30,Medium
EMP1446,Sales,Sales Executive,2,32,Male,Active Directory,Write,Stable,No,4,3,0,3,Travel_Rarely,No,3,7,3,20,Low
EMP1446,Sales,Sales Executive,2,32,Male,Salesforce,Write,Stable,No,4,3,0,3,Travel_Rarely,No,3,7,3,20,Low
EMP1446,Sales,Sales Executive,2,32,Male,SharePoint,Write,Stable,No,4,3,0,3,Travel_Rarely,No,3,7,3,20,Low
EMP1446,Sales,Sales Executive,2,32,Male,ServiceNow,Write,Stable,No,4,3,0,3,Travel_Rarely,No,3,7,3,20,Low
EMP1446,Sales,Sales Executive,2,32,Male,CRM Portal,Write,Stable,No,4,3,0,3,Travel_Rarely,No,3,7,3,20,Low
EMP1447,Research & Development,Laboratory Technician,1,34,Female,Active Directory,Read,Stable,No,5,4,0,2,Travel_Rarely,No,3,7,2,10,Low
EMP1447,Research & Development,Laboratory Technician,1,34,Female,SAP,Read,Stable,No,5,4,0,2,Travel_Rarely,No,3,7,2,10,Low
EMP1447,Research & Development,Laboratory Technician,1,34,Female,SharePoint,Read,Stable,No,5,4,0,2,Travel_Rarely,No,3,7,2,10,Low
EMP1447,Research & Development,Laboratory Technician,1,34,Female,ServiceNow,Read,Stable,No,5,4,0,2,Travel_Rarely,No,3,7,2,10,Low
EMP1447,Research & Development,Laboratory Technician,1,34,Female,Lab Systems,Read,Stable,No,5,4,0,2,Travel_Rarely,No,3,7,2,10,Low
EMP1448,Research & Development,Research Scientist,1,41,Male,Active Directory,Write,Stable,No,4,2,0,3,Travel_Rarely,Yes,3,7,5,30,Medium
EMP1448,Research & Development,Research Scientist,1,41,Male,SAP,Write,Stable,No,4,2,0,3,Travel_Rarely,Yes,3,7,5,30,Medium
EMP1448,Research & Development,Research Scientist,1,41,Male,SharePoint,Write,Stable,No,4,2,0,3,Travel_Rarely,Yes,3,7,5,30,Medium
EMP1448,Research & Development,Research Scientist,1,41,Male,ServiceNow,Write,Stable,No,4,2,0,3,Travel_Rarely,Yes,3,7,5,30,Medium
EMP1448,Research & Development,Research Scientist,1,41,Male,Lab Systems,Write,Stable,No,4,2,0,3,Travel_Rarely,Yes,3,7,5,30,Medium
EMP1449,Research & Development,Laboratory Technician,2,40,Male,Active Directory,Read,Stable,No,8,7,0,7,Non-Travel,No,3,11,2,15,Low
EMP1449,Research & Development,Laboratory Technician,2,40,Male,SAP,Read,Stable,No,8,7,0,7,Non-Travel,No,3,11,2,15,Low
EMP1449,Research & Development,Laboratory Technician,2,40,Male,SharePoint,Read,Stable,No,8,7,0,7,Non-Travel,No,3,11,2,15,Low
EMP1449,Research & Development,Laboratory Technician,2,40,Male,ServiceNow,Read,Stable,No,8,7,0,7,Non-Travel,No,3,11,2,15,Low
EMP1449,Research & Development,Laboratory Technician,2,40,Male,Lab Systems,Read,Stable,No,8,7,0,7,Non-Travel,No,3,11,2,15,Low
EMP1453,Sales,Sales Executive,3,31,Male,Active Directory,Write,Stable,No,13,7,9,9,Travel_Rarely,No,3,13,5,35,Medium
EMP1453,Sales,Sales Executive,3,31,Male,Salesforce,Write,Stable,No,13,7,9,9,Travel_Rarely,No,3,13,5,35,Medium
EMP1453,Sales,Sales Executive,3,31,Male,SharePoint,Write,Stable,No,13,7,9,9,Travel_Rarely,No,3,13,5,35,Medium
EMP1453,Sales,Sales Executive,3,31,Male,ServiceNow,Write,Stable,No,13,7,9,9,Travel_Rarely,No,3,13,5,35,Medium
EMP1453,Sales,Sales Executive,3,31,Male,CRM Portal,Write,Stable,No,13,7,9,9,Travel_Rarely,No,3,13,5,35,Medium
EMP1457,Sales,Sales Executive,3,46,Male,Active Directory,Write,Leaver,Yes,7,7,4,3,Travel_Rarely,No,3,28,1,70,Critical
EMP1457,Sales,Sales Executive,3,46,Male,Salesforce,Write,Leaver,Yes,7,7,4,3,Travel_Rarely,No,3,28,1,70,Critical
EMP1457,Sales,Sales Executive,3,46,Male,SharePoint,Write,Leaver,Yes,7,7,4,3,Travel_Rarely,No,3,28,1,70,Critical
EMP1457,Sales,Sales Executive,3,46,Male,ServiceNow,Write,Leaver,Yes,7,7,4,3,Travel_Rarely,No,3,28,1,70,Critical
EMP1457,Sales,Sales Executive,3,46,Male,CRM Portal,Write,Leaver,Yes,7,7,4,3,Travel_Rarely,No,3,28,1,70,Critical
EMP1458,Research & Development,Laboratory Technician,1,39,Female,Active Directory,Read,Leaver,Yes,1,0,0,0,Non-Travel,Yes,4,11,2,65,High
EMP1458,Research & Development,Laboratory Technician,1,39,Female,SAP,Read,Leaver,Yes,1,0,0,0,Non-Travel,Yes,4,11,2,65,High
EMP1458,Research & Development,Laboratory Technician,1,39,Female,SharePoint,Read,Leaver,Yes,1,0,0,0,Non-Travel,Yes,4,11,2,65,High
EMP1458,Research & Development,Laboratory Technician,1,39,Female,ServiceNow,Read,Leaver,Yes,1,0,0,0,Non-Travel,Yes,4,11,2,65,High
EMP1458,Research & Development,Laboratory Technician,1,39,Female,Lab Systems,Read,Leaver,Yes,1,0,0,0,Non-Travel,Yes,4,11,2,65,High
EMP1459,Research & Development,Manufacturing Director,3,31,Female,Active Directory,Write,Leaver,Yes,10,8,4,7,Travel_Frequently,No,3,10,2,75,Critical
EMP1459,Research & Development,Manufacturing Director,3,31,Female,SAP,Write,Leaver,Yes,10,8,4,7,Travel_Frequently,No,3,10,2,75,Critical
EMP1459,Research & Development,Manufacturing Director,3,31,Female,SharePoint,Write,Leaver,Yes,10,8,4,7,Travel_Frequently,No,3,10,2,75,Critical
EMP1459,Research & Development,Manufacturing Director,3,31,Female,ServiceNow,Write,Leaver,Yes,10,8,4,7,Travel_Frequently,No,3,10,2,75,Critical
EMP1459,Research & Development,Manufacturing Director,3,31,Female,Lab Systems,Write,Leaver,Yes,10,8,4,7,Travel_Frequently,No,3,10,2,75,Critical
EMP1460,Research & Development,Healthcare Representative,3,45,Male,Active Directory,Read,Stable,No,7,7,0,7,Travel_Rarely,Yes,3,24,2,30,Medium
EMP1460,Research & Development,Healthcare Representative,3,45,Male,SAP,Read,Stable,No,7,7,0,7,Travel_Rarely,Yes,3,24,2,30,Medium
EMP1460,Research & Development,Healthcare Representative,3,45,Male,SharePoint,Read,Stable,No,7,7,0,7,Travel_Rarely,Yes,3,24,2,30,Medium
EMP1460,Research & Development,Healthcare Representative,3,45,Male,ServiceNow,Read,Stable,No,7,7,0,7,Travel_Rarely,Yes,3,24,2,30,Medium
EMP1460,Research & Development,Healthcare Representative,3,45,Male,Lab Systems,Read,Stable,No,7,7,0,7,Travel_Rarely,Yes,3,24,2,30,Medium
EMP1461,Human Resources,Human Resources,1,31,Female,Active Directory,Read,Stable,No,3,2,0,2,Travel_Rarely,No,3,8,3,10,Low
EMP1461,Human Resources,Human Resources,1,31,Female,Workday,Read,Stable,No,3,2,0,2,Travel_Rarely,No,3,8,3,10,Low
EMP1461,Human Resources,Human Resources,1,31,Female,SharePoint,Read,Stable,No,3,2,0,2,Travel_Rarely,No,3,8,3,10,Low
EMP1461,Human Resources,Human Resources,1,31,Female,ServiceNow,Read,Stable,No,3,2,0,2,Travel_Rarely,No,3,8,3,10,Low
EMP1461,Human Resources,Human Resources,1,31,Female,HR Portal,Read,Stable,No,3,2,0,2,Travel_Rarely,No,3,8,3,10,Low
EMP1464,Research & Development,Laboratory Technician,1,31,Male,Active Directory,Read,Leaver,Yes,2,2,2,2,Travel_Frequently,Yes,3,7,2,65,High
EMP1464,Research & Development,Laboratory Technician,1,31,Male,SAP,Read,Leaver,Yes,2,2,2,2,Travel_Frequently,Yes,3,7,2,65,High
EMP1464,Research & Development,Laboratory Technician,1,31,Male,SharePoint,Read,Leaver,Yes,2,2,2,2,Travel_Frequently,Yes,3,7,2,65,High
EMP1464,Research & Development,Laboratory Technician,1,31,Male,ServiceNow,Read,Leaver,Yes,2,2,2,2,Travel_Frequently,Yes,3,7,2,65,High
EMP1464,Research & Development,Laboratory Technician,1,31,Male,Lab Systems,Read,Leaver,Yes,2,2,2,2,Travel_Frequently,Yes,3,7,2,65,High
EMP1465,Research & Development,Manufacturing Director,3,45,Male,Active Directory,Write,Mover,No,3,1,1,2,Travel_Rarely,Yes,3,10,4,50,High
EMP1465,Research & Development,Manufacturing Director,3,45,Male,SAP,Write,Mover,No,3,1,1,2,Travel_Rarely,Yes,3,10,4,50,High
EMP1465,Research & Development,Manufacturing Director,3,45,Male,SharePoint,Write,Mover,No,3,1,1,2,Travel_Rarely,Yes,3,10,4,50,High
EMP1465,Research & Development,Manufacturing Director,3,45,Male,ServiceNow,Write,Mover,No,3,1,1,2,Travel_Rarely,Yes,3,10,4,50,High
EMP1465,Research & Development,Manufacturing Director,3,45,Male,Lab Systems,Write,Mover,No,3,1,1,2,Travel_Rarely,Yes,3,10,4,50,High
EMP1466,Sales,Sales Executive,2,48,Male,Active Directory,Write,Stable,No,2,2,2,2,Travel_Rarely,No,3,15,3,20,Low
EMP1466,Sales,Sales Executive,2,48,Male,Salesforce,Write,Stable,No,2,2,2,2,Travel_Rarely,No,3,15,3,20,Low
EMP1466,Sales,Sales Executive,2,48,Male,SharePoint,Write,Stable,No,2,2,2,2,Travel_Rarely,No,3,15,3,20,Low
EMP1466,Sales,Sales Executive,2,48,Male,ServiceNow,Write,Stable,No,2,2,2,2,Travel_Rarely,No,3,15,3,20,Low
EMP1466,Sales,Sales Executive,2,48,Male,CRM Portal,Write,Stable,No,2,2,2,2,Travel_Rarely,No,3,15,3,20,Low
EMP1467,Human Resources,Human Resources,1,34,Female,Active Directory,Read,Leaver,Yes,2,2,2,2,Travel_Rarely,No,3,2,0,50,High
EMP1467,Human Resources,Human Resources,1,34,Female,Workday,Read,Leaver,Yes,2,2,2,2,Travel_Rarely,No,3,2,0,50,High
EMP1467,Human Resources,Human Resources,1,34,Female,SharePoint,Read,Leaver,Yes,2,2,2,2,Travel_Rarely,No,3,2,0,50,High
EMP1467,Human Resources,Human Resources,1,34,Female,ServiceNow,Read,Leaver,Yes,2,2,2,2,Travel_Rarely,No,3,2,0,50,High
EMP1467,Human Resources,Human Resources,1,34,Female,HR Portal,Read,Leaver,Yes,2,2,2,2,Travel_Rarely,No,3,2,0,50,High
EMP1468,Research & Development,Research Director,3,40,Male,Active Directory,Admin,Stable,No,9,8,4,8,Non-Travel,No,3,16,5,40,Medium
EMP1468,Research & Development,Research Director,3,40,Male,SAP,Admin,Stable,No,9,8,4,8,Non-Travel,No,3,16,5,40,Medium
EMP1468,Research & Development,Research Director,3,40,Male,SharePoint,Admin,Stable,No,9,8,4,8,Non-Travel,No,3,16,5,40,Medium
EMP1468,Research & Development,Research Director,3,40,Male,ServiceNow,Admin,Stable,No,9,8,4,8,Non-Travel,No,3,16,5,40,Medium
EMP1468,Research & Development,Research Director,3,40,Male,Lab Systems,Admin,Stable,No,9,8,4,8,Non-Travel,No,3,16,5,40,Medium
EMP1469,Sales,Sales Executive,2,28,Male,Active Directory,Write,Stable,No,5,4,1,3,Travel_Rarely,No,3,6,4,20,Low
EMP1469,Sales,Sales Executive,2,28,Male,Salesforce,Write,Stable,No,5,4,1,3,Travel_Rarely,No,3,6,4,20,Low
EMP1469,Sales,Sales Executive,2,28,Male,SharePoint,Write,Stable,No,5,4,1,3,Travel_Rarely,No,3,6,4,20,Low
EMP1469,Sales,Sales Executive,2,28,Male,ServiceNow,Write,Stable,No,5,4,1,3,Travel_Rarely,No,3,6,4,20,Low
EMP1469,Sales,Sales Executive,2,28,Male,CRM Portal,Write,Stable,No,5,4,1,3,Travel_Rarely,No,3,6,4,20,Low
EMP1471,Research & Development,Laboratory Technician,1,44,Male,Active Directory,Read,Stable,No,5,2,0,3,Non-Travel,No,3,7,5,5,Low
EMP1471,Research & Development,Laboratory Technician,1,44,Male,SAP,Read,Stable,No,5,2,0,3,Non-Travel,No,3,7,5,5,Low
EMP1471,Research & Development,Laboratory Technician,1,44,Male,SharePoint,Read,Stable,No,5,2,0,3,Non-Travel,No,3,7,5,5,Low
EMP1471,Research & Development,Laboratory Technician,1,44,Male,ServiceNow,Read,Stable,No,5,2,0,3,Non-Travel,No,3,7,5,5,Low
EMP1471,Research & Development,Laboratory Technician,1,44,Male,Lab Systems,Read,Stable,No,5,2,0,3,Non-Travel,No,3,7,5,5,Low
EMP1472,Research & Development,Research Director,4,53,Male,Active Directory,Admin,Stable,No,9,8,8,8,Travel_Rarely,No,3,35,2,45,Medium
EMP1472,Research & Development,Research Director,4,53,Male,SAP,Admin,Stable,No,9,8,8,8,Travel_Rarely,No,3,35,2,45,Medium
EMP1472,Research & Development,Research Director,4,53,Male,SharePoint,Admin,Stable,No,9,8,8,8,Travel_Rarely,No,3,35,2,45,Medium
EMP1472,Research & Development,Research Director,4,53,Male,ServiceNow,Admin,Stable,No,9,8,8,8,Travel_Rarely,No,3,35,2,45,Medium
EMP1472,Research & Development,Research Director,4,53,Male,Lab Systems,Admin,Stable,No,9,8,8,8,Travel_Rarely,No,3,35,2,45,Medium
EMP1473,Research & Development,Healthcare Representative,2,49,Male,Active Directory,Read,Stable,No,3,2,1,2,Travel_Rarely,No,3,20,0,10,Low
EMP1473,Research & Development,Healthcare Representative,2,49,Male,SAP,Read,Stable,No,3,2,1,2,Travel_Rarely,No,3,20,0,10,Low
EMP1473,Research & Development,Healthcare Representative,2,49,Male,SharePoint,Read,Stable,No,3,2,1,2,Travel_Rarely,No,3,20,0,10,Low
EMP1473,Research & Development,Healthcare Representative,2,49,Male,ServiceNow,Read,Stable,No,3,2,1,2,Travel_Rarely,No,3,20,0,10,Low
EMP1473,Research & Development,Healthcare Representative,2,49,Male,Lab Systems,Read,Stable,No,3,2,1,2,Travel_Rarely,No,3,20,0,10,Low
EMP1474,Research & Development,Research Scientist,1,40,Male,Active Directory,Write,Mover,No,3,1,1,2,Travel_Rarely,No,3,8,3,40,Medium
EMP1474,Research & Development,Research Scientist,1,40,Male,SAP,Write,Mover,No,3,1,1,2,Travel_Rarely,No,3,8,3,40,Medium
EMP1474,Research & Development,Research Scientist,1,40,Male,SharePoint,Write,Mover,No,3,1,1,2,Travel_Rarely,No,3,8,3,40,Medium
EMP1474,Research & Development,Research Scientist,1,40,Male,ServiceNow,Write,Mover,No,3,1,1,2,Travel_Rarely,No,3,8,3,40,Medium
EMP1474,Research & Development,Research Scientist,1,40,Male,Lab Systems,Write,Mover,No,3,1,1,2,Travel_Rarely,No,3,8,3,40,Medium
EMP1475,Research & Development,Research Scientist,1,44,Male,Active Directory,Write,Stable,No,5,2,1,3,Travel_Rarely,No,3,6,3,20,Low
EMP1475,Research & Development,Research Scientist,1,44,Male,SAP,Write,Stable,No,5,2,1,3,Travel_Rarely,No,3,6,3,20,Low
EMP1475,Research & Development,Research Scientist,1,44,Male,SharePoint,Write,Stable,No,5,2,1,3,Travel_Rarely,No,3,6,3,20,Low
EMP1475,Research & Development,Research Scientist,1,44,Male,ServiceNow,Write,Stable,No,5,2,1,3,Travel_Rarely,No,3,6,3,20,Low
EMP1475,Research & Development,Research Scientist,1,44,Male,Lab Systems,Write,Stable,No,5,2,1,3,Travel_Rarely,No,3,6,3,20,Low
EMP1477,Sales,Sales Executive,2,33,Male,Active Directory,Write,Stable,No,4,3,0,3,Travel_Frequently,No,3,5,2,25,Low
EMP1477,Sales,Sales Executive,2,33,Male,Salesforce,Write,Stable,No,4,3,0,3,Travel_Frequently,No,3,5,2,25,Low
EMP1477,Sales,Sales Executive,2,33,Male,SharePoint,Write,Stable,No,4,3,0,3,Travel_Frequently,No,3,5,2,25,Low
EMP1477,Sales,Sales Executive,2,33,Male,ServiceNow,Write,Stable,No,4,3,0,3,Travel_Frequently,No,3,5,2,25,Low
EMP1477,Sales,Sales Executive,2,33,Male,CRM Portal,Write,Stable,No,4,3,0,3,Travel_Frequently,No,3,5,2,25,Low
EMP1478,Sales,Sales Executive,2,34,Male,Active Directory,Write,Stable,No,13,9,3,12,Travel_Rarely,No,3,15,2,35,Medium
EMP1478,Sales,Sales Executive,2,34,Male,Salesforce,Write,Stable,No,13,9,3,12,Travel_Rarely,No,3,15,2,35,Medium
EMP1478,Sales,Sales Executive,2,34,Male,SharePoint,Write,Stable,No,13,9,3,12,Travel_Rarely,No,3,15,2,35,Medium
EMP1478,Sales,Sales Executive,2,34,Male,ServiceNow,Write,Stable,No,13,9,3,12,Travel_Rarely,No,3,15,2,35,Medium
EMP1478,Sales,Sales Executive,2,34,Male,CRM Portal,Write,Stable,No,13,9,3,12,Travel_Rarely,No,3,15,2,35,Medium
EMP1479,Sales,Sales Executive,2,30,Male,Active Directory,Write,Mover,No,2,1,2,2,Travel_Rarely,No,3,4,2,40,Medium
EMP1479,Sales,Sales Executive,2,30,Male,Salesforce,Write,Mover,No,2,1,2,2,Travel_Rarely,No,3,4,2,40,Medium
EMP1479,Sales,Sales Executive,2,30,Male,SharePoint,Write,Mover,No,2,1,2,2,Travel_Rarely,No,3,4,2,40,Medium
EMP1479,Sales,Sales Executive,2,30,Male,ServiceNow,Write,Mover,No,2,1,2,2,Travel_Rarely,No,3,4,2,40,Medium
EMP1479,Sales,Sales Executive,2,30,Male,CRM Portal,Write,Mover,No,2,1,2,2,Travel_Rarely,No,3,4,2,40,Medium
EMP1480,Research & Development,Laboratory Technician,1,42,Female,Active Directory,Read,Stable,No,12,9,5,8,Travel_Frequently,No,3,12,3,30,Medium
EMP1480,Research & Development,Laboratory Technician,1,42,Female,SAP,Read,Stable,No,12,9,5,8,Travel_Frequently,No,3,12,3,30,Medium
EMP1480,Research & Development,Laboratory Technician,1,42,Female,SharePoint,Read,Stable,No,12,9,5,8,Travel_Frequently,No,3,12,3,30,Medium
EMP1480,Research & Development,Laboratory Technician,1,42,Female,ServiceNow,Read,Stable,No,12,9,5,8,Travel_Frequently,No,3,12,3,30,Medium
EMP1480,Research & Development,Laboratory Technician,1,42,Female,Lab Systems,Read,Stable,No,12,9,5,8,Travel_Frequently,No,3,12,3,30,Medium
EMP1481,Sales,Sales Executive,2,44,Female,Active Directory,Write,Mover,No,1,0,0,0,Travel_Frequently,No,3,11,4,55,High
EMP1481,Sales,Sales Executive,2,44,Female,Salesforce,Write,Mover,No,1,0,0,0,Travel_Frequently,No,3,11,4,55,High
EMP1481,Sales,Sales Executive,2,44,Female,SharePoint,Write,Mover,No,1,0,0,0,Travel_Frequently,No,3,11,4,55,High
EMP1481,Sales,Sales Executive,2,44,Female,ServiceNow,Write,Mover,No,1,0,0,0,Travel_Frequently,No,3,11,4,55,High
EMP1481,Sales,Sales Executive,2,44,Female,CRM Portal,Write,Mover,No,1,0,0,0,Travel_Frequently,No,3,11,4,55,High
EMP1482,Research & Development,Research Scientist,1,30,Male,Active Directory,Write,Mover,No,1,0,0,0,Non-Travel,No,3,1,2,45,Medium
EMP1482,Research & Development,Research Scientist,1,30,Male,SAP,Write,Mover,No,1,0,0,0,Non-Travel,No,3,1,2,45,Medium
EMP1482,Research & Development,Research Scientist,1,30,Male,SharePoint,Write,Mover,No,1,0,0,0,Non-Travel,No,3,1,2,45,Medium
EMP1482,Research & Development,Research Scientist,1,30,Male,ServiceNow,Write,Mover,No,1,0,0,0,Non-Travel,No,3,1,2,45,Medium
EMP1482,Research & Development,Research Scientist,1,30,Male,Lab Systems,Write,Mover,No,1,0,0,0,Non-Travel,No,3,1,2,45,Medium
EMP1483,Research & Development,Research Scientist,2,57,Male,Active Directory,Write,Stable,No,12,9,2,8,Travel_Rarely,No,4,13,2,35,Medium
EMP1483,Research & Development,Research Scientist,2,57,Male,SAP,Write,Stable,No,12,9,2,8,Travel_Rarely,No,4,13,2,35,Medium
EMP1483,Research & Development,Research Scientist,2,57,Male,SharePoint,Write,Stable,No,12,9,2,8,Travel_Rarely,No,4,13,2,35,Medium
EMP1483,Research & Development,Research Scientist,2,57,Male,ServiceNow,Write,Stable,No,12,9,2,8,Travel_Rarely,No,4,13,2,35,Medium
EMP1483,Research & Development,Research Scientist,2,57,Male,Lab Systems,Write,Stable,No,12,9,2,8,Travel_Rarely,No,4,13,2,35,Medium
EMP1484,Research & Development,Healthcare Representative,3,49,Male,Active Directory,Read,Stable,No,8,7,0,7,Travel_Rarely,No,3,29,3,20,Low
EMP1484,Research & Development,Healthcare Representative,3,49,Male,SAP,Read,Stable,No,8,7,0,7,Travel_Rarely,No,3,29,3,20,Low
EMP1484,Research & Development,Healthcare Representative,3,49,Male,SharePoint,Read,Stable,No,8,7,0,7,Travel_Rarely,No,3,29,3,20,Low
EMP1484,Research & Development,Healthcare Representative,3,49,Male,ServiceNow,Read,Stable,No,8,7,0,7,Travel_Rarely,No,3,29,3,20,Low
EMP1484,Research & Development,Healthcare Representative,3,49,Male,Lab Systems,Read,Stable,No,8,7,0,7,Travel_Rarely,No,3,29,3,20,Low
EMP1485,Research & Development,Research Director,4,34,Male,Active Directory,Admin,Stable,No,14,8,6,9,Travel_Frequently,No,3,16,3,55,High
EMP1485,Research & Development,Research Director,4,34,Male,SAP,Admin,Stable,No,14,8,6,9,Travel_Frequently,No,3,16,3,55,High
EMP1485,Research & Development,Research Director,4,34,Male,SharePoint,Admin,Stable,No,14,8,6,9,Travel_Frequently,No,3,16,3,55,High
EMP1485,Research & Development,Research Director,4,34,Male,ServiceNow,Admin,Stable,No,14,8,6,9,Travel_Frequently,No,3,16,3,55,High
EMP1485,Research & Development,Research Director,4,34,Male,Lab Systems,Admin,Stable,No,14,8,6,9,Travel_Frequently,No,3,16,3,55,High
EMP1486,Sales,Sales Representative,1,28,Male,Active Directory,Read,Leaver,Yes,3,2,1,2,Travel_Frequently,No,3,5,3,55,High
EMP1486,Sales,Sales Representative,1,28,Male,Salesforce,Read,Leaver,Yes,3,2,1,2,Travel_Frequently,No,3,5,3,55,High
EMP1486,Sales,Sales Representative,1,28,Male,SharePoint,Read,Leaver,Yes,3,2,1,2,Travel_Frequently,No,3,5,3,55,High
EMP1486,Sales,Sales Representative,1,28,Male,ServiceNow,Read,Leaver,Yes,3,2,1,2,Travel_Frequently,No,3,5,3,55,High
EMP1486,Sales,Sales Representative,1,28,Male,CRM Portal,Read,Leaver,Yes,3,2,1,2,Travel_Frequently,No,3,5,3,55,High
EMP1487,Sales,Sales Executive,2,29,Female,Active Directory,Write,Leaver,Yes,5,3,0,0,Travel_Frequently,No,3,7,4,75,Critical
EMP1487,Sales,Sales Executive,2,29,Female,Salesforce,Write,Leaver,Yes,5,3,0,0,Travel_Frequently,No,3,7,4,75,Critical
EMP1487,Sales,Sales Executive,2,29,Female,SharePoint,Write,Leaver,Yes,5,3,0,0,Travel_Frequently,No,3,7,4,75,Critical
EMP1487,Sales,Sales Executive,2,29,Female,ServiceNow,Write,Leaver,Yes,5,3,0,0,Travel_Frequently,No,3,7,4,75,Critical
EMP1487,Sales,Sales Executive,2,29,Female,CRM Portal,Write,Leaver,Yes,5,3,0,0,Travel_Frequently,No,3,7,4,75,Critical
EMP1489,Sales,Sales Executive,2,34,Female,Active Directory,Write,Leaver,Yes,15,9,10,10,Travel_Rarely,Yes,4,16,2,85,Critical
EMP1489,Sales,Sales Executive,2,34,Female,Salesforce,Write,Leaver,Yes,15,9,10,10,Travel_Rarely,Yes,4,16,2,85,Critical
EMP1489,Sales,Sales Executive,2,34,Female,SharePoint,Write,Leaver,Yes,15,9,10,10,Travel_Rarely,Yes,4,16,2,85,Critical
EMP1489,Sales,Sales Executive,2,34,Female,ServiceNow,Write,Leaver,Yes,15,9,10,10,Travel_Rarely,Yes,4,16,2,85,Critical
EMP1489,Sales,Sales Executive,2,34,Female,CRM Portal,Write,Leaver,Yes,15,9,10,10,Travel_Rarely,Yes,4,16,2,85,Critical
EMP1492,Sales,Sales Representative,1,35,Male,Active Directory,Read,Mover,No,1,0,0,0,Travel_Rarely,No,3,1,3,40,Medium
EMP1492,Sales,Sales Representative,1,35,Male,Salesforce,Read,Mover,No,1,0,0,0,Travel_Rarely,No,3,1,3,40,Medium
EMP1492,Sales,Sales Representative,1,35,Male,SharePoint,Read,Mover,No,1,0,0,0,Travel_Rarely,No,3,1,3,40,Medium
EMP1492,Sales,Sales Representative,1,35,Male,ServiceNow,Read,Mover,No,1,0,0,0,Travel_Rarely,No,3,1,3,40,Medium
EMP1492,Sales,Sales Representative,1,35,Male,CRM Portal,Read,Mover,No,1,0,0,0,Travel_Rarely,No,3,1,3,40,Medium
EMP1494,Research & Development,Laboratory Technician,1,24,Male,Active Directory,Read,Leaver,Yes,0,0,0,0,Travel_Frequently,Yes,3,4,2,75,Critical
EMP1494,Research & Development,Laboratory Technician,1,24,Male,SAP,Read,Leaver,Yes,0,0,0,0,Travel_Frequently,Yes,3,4,2,75,Critical
EMP1494,Research & Development,Laboratory Technician,1,24,Male,SharePoint,Read,Leaver,Yes,0,0,0,0,Travel_Frequently,Yes,3,4,2,75,Critical
EMP1494,Research & Development,Laboratory Technician,1,24,Male,ServiceNow,Read,Leaver,Yes,0,0,0,0,Travel_Frequently,Yes,3,4,2,75,Critical
EMP1494,Research & Development,Laboratory Technician,1,24,Male,Lab Systems,Read,Leaver,Yes,0,0,0,0,Travel_Frequently,Yes,3,4,2,75,Critical
EMP1495,Sales,Sales Representative,1,24,Female,Active Directory,Read,Mover,No,1,0,0,0,Non-Travel,No,3,1,2,35,Medium
EMP1495,Sales,Sales Representative,1,24,Female,Salesforce,Read,Mover,No,1,0,0,0,Non-Travel,No,3,1,2,35,Medium
EMP1495,Sales,Sales Representative,1,24,Female,SharePoint,Read,Mover,No,1,0,0,0,Non-Travel,No,3,1,2,35,Medium
EMP1495,Sales,Sales Representative,1,24,Female,ServiceNow,Read,Mover,No,1,0,0,0,Non-Travel,No,3,1,2,35,Medium
EMP1495,Sales,Sales Representative,1,24,Female,CRM Portal,Read,Mover,No,1,0,0,0,Non-Travel,No,3,1,2,35,Medium
EMP1496,Research & Development,Manufacturing Director,3,44,Male,Active Directory,Write,Stable,No,2,2,2,2,Travel_Frequently,Yes,3,16,2,35,Medium
EMP1496,Research & Development,Manufacturing Director,3,44,Male,SAP,Write,Stable,No,2,2,2,2,Travel_Frequently,Yes,3,16,2,35,Medium
EMP1496,Research & Development,Manufacturing Director,3,44,Male,SharePoint,Write,Stable,No,2,2,2,2,Travel_Frequently,Yes,3,16,2,35,Medium
EMP1496,Research & Development,Manufacturing Director,3,44,Male,ServiceNow,Write,Stable,No,2,2,2,2,Travel_Frequently,Yes,3,16,2,35,Medium
EMP1496,Research & Development,Manufacturing Director,3,44,Male,Lab Systems,Write,Stable,No,2,2,2,2,Travel_Frequently,Yes,3,16,2,35,Medium
EMP1497,Sales,Sales Executive,2,29,Male,Active Directory,Write,Stable,No,10,7,0,4,Travel_Rarely,No,3,10,3,30,Medium
EMP1497,Sales,Sales Executive,2,29,Male,Salesforce,Write,Stable,No,10,7,0,4,Travel_Rarely,No,3,10,3,30,Medium
EMP1497,Sales,Sales Executive,2,29,Male,SharePoint,Write,Stable,No,10,7,0,4,Travel_Rarely,No,3,10,3,30,Medium
EMP1497,Sales,Sales Executive,2,29,Male,ServiceNow,Write,Stable,No,10,7,0,4,Travel_Rarely,No,3,10,3,30,Medium
EMP1497,Sales,Sales Executive,2,29,Male,CRM Portal,Write,Stable,No,10,7,0,4,Travel_Rarely,No,3,10,3,30,Medium
EMP1499,Human Resources,Human Resources,1,30,Male,Active Directory,Read,Stable,No,5,3,1,3,Travel_Rarely,No,4,6,3,10,Low
EMP1499,Human Resources,Human Resources,1,30,Male,Workday,Read,Stable,No,5,3,1,3,Travel_Rarely,No,4,6,3,10,Low
EMP1499,Human Resources,Human Resources,1,30,Male,SharePoint,Read,Stable,No,5,3,1,3,Travel_Rarely,No,4,6,3,10,Low
EMP1499,Human Resources,Human Resources,1,30,Male,ServiceNow,Read,Stable,No,5,3,1,3,Travel_Rarely,No,4,6,3,10,Low
EMP1499,Human Resources,Human Resources,1,30,Male,HR Portal,Read,Stable,No,5,3,1,3,Travel_Rarely,No,4,6,3,10,Low
EMP1501,Research & Development,Healthcare Representative,2,55,Male,Active Directory,Read,Stable,No,3,2,1,2,Travel_Rarely,Yes,3,4,2,20,Low
EMP1501,Research & Development,Healthcare Representative,2,55,Male,SAP,Read,Stable,No,3,2,1,2,Travel_Rarely,Yes,3,4,2,20,Low
EMP1501,Research & Development,Healthcare Representative,2,55,Male,SharePoint,Read,Stable,No,3,2,1,2,Travel_Rarely,Yes,3,4,2,20,Low
EMP1501,Research & Development,Healthcare Representative,2,55,Male,ServiceNow,Read,Stable,No,3,2,1,2,Travel_Rarely,Yes,3,4,2,20,Low
EMP1501,Research & Development,Healthcare Representative,2,55,Male,Lab Systems,Read,Stable,No,3,2,1,2,Travel_Rarely,Yes,3,4,2,20,Low
EMP1502,Research & Development,Laboratory Technician,1,33,Female,Active Directory,Read,Stable,No,5,4,0,2,Travel_Rarely,No,3,8,5,10,Low
EMP1502,Research & Development,Laboratory Technician,1,33,Female,SAP,Read,Stable,No,5,4,0,2,Travel_Rarely,No,3,8,5,10,Low
EMP1502,Research & Development,Laboratory Technician,1,33,Female,SharePoint,Read,Stable,No,5,4,0,2,Travel_Rarely,No,3,8,5,10,Low
EMP1502,Research & Development,Laboratory Technician,1,33,Female,ServiceNow,Read,Stable,No,5,4,0,2,Travel_Rarely,No,3,8,5,10,Low
EMP1502,Research & Development,Laboratory Technician,1,33,Female,Lab Systems,Read,Stable,No,5,4,0,2,Travel_Rarely,No,3,8,5,10,Low
EMP1503,Sales,Sales Executive,2,47,Female,Active Directory,Write,Stable,No,5,4,1,2,Travel_Rarely,Yes,3,11,4,30,Medium
EMP1503,Sales,Sales Executive,2,47,Female,Salesforce,Write,Stable,No,5,4,1,2,Travel_Rarely,Yes,3,11,4,30,Medium
EMP1503,Sales,Sales Executive,2,47,Female,SharePoint,Write,Stable,No,5,4,1,2,Travel_Rarely,Yes,3,11,4,30,Medium
EMP1503,Sales,Sales Executive,2,47,Female,ServiceNow,Write,Stable,No,5,4,1,2,Travel_Rarely,Yes,3,11,4,30,Medium
EMP1503,Sales,Sales Executive,2,47,Female,CRM Portal,Write,Stable,No,5,4,1,2,Travel_Rarely,Yes,3,11,4,30,Medium
EMP1504,Research & Development,Laboratory Technician,1,28,Male,Active Directory,Read,Leaver,Yes,0,0,0,0,Travel_Frequently,No,3,8,2,65,High
EMP1504,Research & Development,Laboratory Technician,1,28,Male,SAP,Read,Leaver,Yes,0,0,0,0,Travel_Frequently,No,3,8,2,65,High
EMP1504,Research & Development,Laboratory Technician,1,28,Male,SharePoint,Read,Leaver,Yes,0,0,0,0,Travel_Frequently,No,3,8,2,65,High
EMP1504,Research & Development,Laboratory Technician,1,28,Male,ServiceNow,Read,Leaver,Yes,0,0,0,0,Travel_Frequently,No,3,8,2,65,High
EMP1504,Research & Development,Laboratory Technician,1,28,Male,Lab Systems,Read,Leaver,Yes,0,0,0,0,Travel_Frequently,No,3,8,2,65,High
EMP1506,Research & Development,Research Scientist,1,28,Male,Active Directory,Write,Mover,No,1,0,0,0,Travel_Rarely,No,3,1,2,50,High
EMP1506,Research & Development,Research Scientist,1,28,Male,SAP,Write,Mover,No,1,0,0,0,Travel_Rarely,No,3,1,2,50,High
EMP1506,Research & Development,Research Scientist,1,28,Male,SharePoint,Write,Mover,No,1,0,0,0,Travel_Rarely,No,3,1,2,50,High
EMP1506,Research & Development,Research Scientist,1,28,Male,ServiceNow,Write,Mover,No,1,0,0,0,Travel_Rarely,No,3,1,2,50,High
EMP1506,Research & Development,Research Scientist,1,28,Male,Lab Systems,Write,Mover,No,1,0,0,0,Travel_Rarely,No,3,1,2,50,High
EMP1507,Sales,Sales Executive,2,28,Male,Active Directory,Write,Stable,No,4,2,1,3,Travel_Frequently,No,3,5,5,25,Low
EMP1507,Sales,Sales Executive,2,28,Male,Salesforce,Write,Stable,No,4,2,1,3,Travel_Frequently,No,3,5,5,25,Low
EMP1507,Sales,Sales Executive,2,28,Male,SharePoint,Write,Stable,No,4,2,1,3,Travel_Frequently,No,3,5,5,25,Low
EMP1507,Sales,Sales Executive,2,28,Male,ServiceNow,Write,Stable,No,4,2,1,3,Travel_Frequently,No,3,5,5,25,Low
EMP1507,Sales,Sales Executive,2,28,Male,CRM Portal,Write,Stable,No,4,2,1,3,Travel_Frequently,No,3,5,5,25,Low
EMP1509,Research & Development,Laboratory Technician,2,49,Female,Active Directory,Read,Stable,No,3,2,1,2,Travel_Rarely,No,4,10,3,10,Low
EMP1509,Research & Development,Laboratory Technician,2,49,Female,SAP,Read,Stable,No,3,2,1,2,Travel_Rarely,No,4,10,3,10,Low
EMP1509,Research & Development,Laboratory Technician,2,49,Female,SharePoint,Read,Stable,No,3,2,1,2,Travel_Rarely,No,4,10,3,10,Low
EMP1509,Research & Development,Laboratory Technician,2,49,Female,ServiceNow,Read,Stable,No,3,2,1,2,Travel_Rarely,No,4,10,3,10,Low
EMP1509,Research & Development,Laboratory Technician,2,49,Female,Lab Systems,Read,Stable,No,3,2,1,2,Travel_Rarely,No,4,10,3,10,Low
EMP1513,Research & Development,Laboratory Technician,1,29,Female,Active Directory,Read,Stable,No,3,2,0,2,Travel_Frequently,No,3,4,3,15,Low
EMP1513,Research & Development,Laboratory Technician,1,29,Female,SAP,Read,Stable,No,3,2,0,2,Travel_Frequently,No,3,4,3,15,Low
EMP1513,Research & Development,Laboratory Technician,1,29,Female,SharePoint,Read,Stable,No,3,2,0,2,Travel_Frequently,No,3,4,3,15,Low
EMP1513,Research & Development,Laboratory Technician,1,29,Female,ServiceNow,Read,Stable,No,3,2,0,2,Travel_Frequently,No,3,4,3,15,Low
EMP1513,Research & Development,Laboratory Technician,1,29,Female,Lab Systems,Read,Stable,No,3,2,0,2,Travel_Frequently,No,3,4,3,15,Low
EMP1514,Research & Development,Manufacturing Director,2,28,Male,Active Directory,Write,Stable,No,8,6,1,7,Travel_Rarely,No,3,8,2,30,Medium
EMP1514,Research & Development,Manufacturing Director,2,28,Male,SAP,Write,Stable,No,8,6,1,7,Travel_Rarely,No,3,8,2,30,Medium
EMP1514,Research & Development,Manufacturing Director,2,28,Male,SharePoint,Write,Stable,No,8,6,1,7,Travel_Rarely,No,3,8,2,30,Medium
EMP1514,Research & Development,Manufacturing Director,2,28,Male,ServiceNow,Write,Stable,No,8,6,1,7,Travel_Rarely,No,3,8,2,30,Medium
EMP1514,Research & Development,Manufacturing Director,2,28,Male,Lab Systems,Write,Stable,No,8,6,1,7,Travel_Rarely,No,3,8,2,30,Medium
EMP1515,Research & Development,Healthcare Representative,2,33,Male,Active Directory,Read,Mover,No,0,0,0,0,Travel_Rarely,Yes,3,14,6,50,High
EMP1515,Research & Development,Healthcare Representative,2,33,Male,SAP,Read,Mover,No,0,0,0,0,Travel_Rarely,Yes,3,14,6,50,High
EMP1515,Research & Development,Healthcare Representative,2,33,Male,SharePoint,Read,Mover,No,0,0,0,0,Travel_Rarely,Yes,3,14,6,50,High
EMP1515,Research & Development,Healthcare Representative,2,33,Male,ServiceNow,Read,Mover,No,0,0,0,0,Travel_Rarely,Yes,3,14,6,50,High
EMP1515,Research & Development,Healthcare Representative,2,33,Male,Lab Systems,Read,Mover,No,0,0,0,0,Travel_Rarely,Yes,3,14,6,50,High
EMP1516,Research & Development,Manager,3,32,Male,Active Directory,Write,Stable,No,5,2,0,0,Travel_Rarely,No,4,10,5,30,Medium
EMP1516,Research & Development,Manager,3,32,Male,SAP,Write,Stable,No,5,2,0,0,Travel_Rarely,No,4,10,5,30,Medium
EMP1516,Research & Development,Manager,3,32,Male,SharePoint,Write,Stable,No,5,2,0,0,Travel_Rarely,No,4,10,5,30,Medium
EMP1516,Research & Development,Manager,3,32,Male,ServiceNow,Write,Stable,No,5,2,0,0,Travel_Rarely,No,4,10,5,30,Medium
EMP1516,Research & Development,Manager,3,32,Male,Lab Systems,Write,Stable,No,5,2,0,0,Travel_Rarely,No,4,10,5,30,Medium
EMP1520,Research & Development,Manager,4,54,Female,Active Directory,Write,Stable,No,14,9,1,12,Travel_Frequently,No,4,26,2,40,Medium
EMP1520,Research & Development,Manager,4,54,Female,SAP,Write,Stable,No,14,9,1,12,Travel_Frequently,No,4,26,2,40,Medium
EMP1520,Research & Development,Manager,4,54,Female,SharePoint,Write,Stable,No,14,9,1,12,Travel_Frequently,No,4,26,2,40,Medium
EMP1520,Research & Development,Manager,4,54,Female,ServiceNow,Write,Stable,No,14,9,1,12,Travel_Frequently,No,4,26,2,40,Medium
EMP1520,Research & Development,Manager,4,54,Female,Lab Systems,Write,Stable,No,14,9,1,12,Travel_Frequently,No,4,26,2,40,Medium
EMP1522,Research & Development,Research Scientist,1,29,Male,Active Directory,Write,Leaver,Yes,9,7,0,7,Travel_Rarely,No,3,11,2,70,Critical
EMP1522,Research & Development,Research Scientist,1,29,Male,SAP,Write,Leaver,Yes,9,7,0,7,Travel_Rarely,No,3,11,2,70,Critical
EMP1522,Research & Development,Research Scientist,1,29,Male,SharePoint,Write,Leaver,Yes,9,7,0,7,Travel_Rarely,No,3,11,2,70,Critical
EMP1522,Research & Development,Research Scientist,1,29,Male,ServiceNow,Write,Leaver,Yes,9,7,0,7,Travel_Rarely,No,3,11,2,70,Critical
EMP1522,Research & Development,Research Scientist,1,29,Male,Lab Systems,Write,Leaver,Yes,9,7,0,7,Travel_Rarely,No,3,11,2,70,Critical
EMP1523,Research & Development,Research Director,4,44,Male,Active Directory,Admin,Stable,No,20,6,14,17,Travel_Rarely,No,3,24,1,50,High
EMP1523,Research & Development,Research Director,4,44,Male,SAP,Admin,Stable,No,20,6,14,17,Travel_Rarely,No,3,24,1,50,High
EMP1523,Research & Development,Research Director,4,44,Male,SharePoint,Admin,Stable,No,20,6,14,17,Travel_Rarely,No,3,24,1,50,High
EMP1523,Research & Development,Research Director,4,44,Male,ServiceNow,Admin,Stable,No,20,6,14,17,Travel_Rarely,No,3,24,1,50,High
EMP1523,Research & Development,Research Director,4,44,Male,Lab Systems,Admin,Stable,No,20,6,14,17,Travel_Rarely,No,3,24,1,50,High
EMP1525,Research & Development,Manufacturing Director,3,39,Female,Active Directory,Write,Mover,No,2,0,2,2,Travel_Rarely,No,3,9,3,40,Medium
EMP1525,Research & Development,Manufacturing Director,3,39,Female,SAP,Write,Mover,No,2,0,2,2,Travel_Rarely,No,3,9,3,40,Medium
EMP1525,Research & Development,Manufacturing Director,3,39,Female,SharePoint,Write,Mover,No,2,0,2,2,Travel_Rarely,No,3,9,3,40,Medium
EMP1525,Research & Development,Manufacturing Director,3,39,Female,ServiceNow,Write,Mover,No,2,0,2,2,Travel_Rarely,No,3,9,3,40,Medium
EMP1525,Research & Development,Manufacturing Director,3,39,Female,Lab Systems,Write,Mover,No,2,0,2,2,Travel_Rarely,No,3,9,3,40,Medium
EMP1527,Sales,Manager,4,46,Female,Active Directory,Write,Stable,No,13,12,5,1,Travel_Rarely,No,3,23,2,45,Medium
EMP1527,Sales,Manager,4,46,Female,Salesforce,Write,Stable,No,13,12,5,1,Travel_Rarely,No,3,23,2,45,Medium
EMP1527,Sales,Manager,4,46,Female,SharePoint,Write,Stable,No,13,12,5,1,Travel_Rarely,No,3,23,2,45,Medium
EMP1527,Sales,Manager,4,46,Female,ServiceNow,Write,Stable,No,13,12,5,1,Travel_Rarely,No,3,23,2,45,Medium
EMP1527,Sales,Manager,4,46,Female,CRM Portal,Write,Stable,No,13,12,5,1,Travel_Rarely,No,3,23,2,45,Medium
EMP1529,Research & Development,Healthcare Representative,3,35,Female,Active Directory,Read,Stable,No,11,8,3,3,Travel_Rarely,No,3,11,3,25,Low
EMP1529,Research & Development,Healthcare Representative,3,35,Female,SAP,Read,Stable,No,11,8,3,3,Travel_Rarely,No,3,11,3,25,Low
EMP1529,Research & Development,Healthcare Representative,3,35,Female,SharePoint,Read,Stable,No,11,8,3,3,Travel_Rarely,No,3,11,3,25,Low
EMP1529,Research & Development,Healthcare Representative,3,35,Female,ServiceNow,Read,Stable,No,11,8,3,3,Travel_Rarely,No,3,11,3,25,Low
EMP1529,Research & Development,Healthcare Representative,3,35,Female,Lab Systems,Read,Stable,No,11,8,3,3,Travel_Rarely,No,3,11,3,25,Low
EMP1533,Research & Development,Laboratory Technician,2,23,Male,Active Directory,Read,Stable,No,4,3,1,2,Travel_Rarely,No,3,5,2,10,Low
EMP1533,Research & Development,Laboratory Technician,2,23,Male,SAP,Read,Stable,No,4,3,1,2,Travel_Rarely,No,3,5,2,10,Low
EMP1533,Research & Development,Laboratory Technician,2,23,Male,SharePoint,Read,Stable,No,4,3,1,2,Travel_Rarely,No,3,5,2,10,Low
EMP1533,Research & Development,Laboratory Technician,2,23,Male,ServiceNow,Read,Stable,No,4,3,1,2,Travel_Rarely,No,3,5,2,10,Low
EMP1533,Research & Development,Laboratory Technician,2,23,Male,Lab Systems,Read,Stable,No,4,3,1,2,Travel_Rarely,No,3,5,2,10,Low
EMP1534,Research & Development,Laboratory Technician,1,40,Male,Active Directory,Read,Leaver,Yes,5,4,1,0,Travel_Rarely,No,3,15,3,60,High
EMP1534,Research & Development,Laboratory Technician,1,40,Male,SAP,Read,Leaver,Yes,5,4,1,0,Travel_Rarely,No,3,15,3,60,High
EMP1534,Research & Development,Laboratory Technician,1,40,Male,SharePoint,Read,Leaver,Yes,5,4,1,0,Travel_Rarely,No,3,15,3,60,High
EMP1534,Research & Development,Laboratory Technician,1,40,Male,ServiceNow,Read,Leaver,Yes,5,4,1,0,Travel_Rarely,No,3,15,3,60,High
EMP1534,Research & Development,Laboratory Technician,1,40,Male,Lab Systems,Read,Leaver,Yes,5,4,1,0,Travel_Rarely,No,3,15,3,60,High
EMP1535,Sales,Sales Executive,3,34,Male,Active Directory,Write,Stable,No,10,9,8,6,Travel_Rarely,Yes,3,10,3,40,Medium
EMP1535,Sales,Sales Executive,3,34,Male,Salesforce,Write,Stable,No,10,9,8,6,Travel_Rarely,Yes,3,10,3,40,Medium
EMP1535,Sales,Sales Executive,3,34,Male,SharePoint,Write,Stable,No,10,9,8,6,Travel_Rarely,Yes,3,10,3,40,Medium
EMP1535,Sales,Sales Executive,3,34,Male,ServiceNow,Write,Stable,No,10,9,8,6,Travel_Rarely,Yes,3,10,3,40,Medium
EMP1535,Sales,Sales Executive,3,34,Male,CRM Portal,Write,Stable,No,10,9,8,6,Travel_Rarely,Yes,3,10,3,40,Medium
EMP1537,Research & Development,Research Scientist,1,31,Female,Active Directory,Write,Leaver,Yes,7,2,7,7,Travel_Frequently,No,3,7,2,75,Critical
EMP1537,Research & Development,Research Scientist,1,31,Female,SAP,Write,Leaver,Yes,7,2,7,7,Travel_Frequently,No,3,7,2,75,Critical
EMP1537,Research & Development,Research Scientist,1,31,Female,SharePoint,Write,Leaver,Yes,7,2,7,7,Travel_Frequently,No,3,7,2,75,Critical
EMP1537,Research & Development,Research Scientist,1,31,Female,ServiceNow,Write,Leaver,Yes,7,2,7,7,Travel_Frequently,No,3,7,2,75,Critical
EMP1537,Research & Development,Research Scientist,1,31,Female,Lab Systems,Write,Leaver,Yes,7,2,7,7,Travel_Frequently,No,3,7,2,75,Critical
EMP1539,Research & Development,Research Director,4,50,Male,Active Directory,Admin,Stable,No,32,6,13,9,Travel_Frequently,Yes,3,32,2,65,High
EMP1539,Research & Development,Research Director,4,50,Male,SAP,Admin,Stable,No,32,6,13,9,Travel_Frequently,Yes,3,32,2,65,High
EMP1539,Research & Development,Research Director,4,50,Male,SharePoint,Admin,Stable,No,32,6,13,9,Travel_Frequently,Yes,3,32,2,65,High
EMP1539,Research & Development,Research Director,4,50,Male,ServiceNow,Admin,Stable,No,32,6,13,9,Travel_Frequently,Yes,3,32,2,65,High
EMP1539,Research & Development,Research Director,4,50,Male,Lab Systems,Admin,Stable,No,32,6,13,9,Travel_Frequently,Yes,3,32,2,65,High
EMP1541,Sales,Sales Representative,1,34,Male,Active Directory,Read,Stable,No,11,10,5,7,Travel_Rarely,Yes,4,12,4,35,Medium
EMP1541,Sales,Sales Representative,1,34,Male,Salesforce,Read,Stable,No,11,10,5,7,Travel_Rarely,Yes,4,12,4,35,Medium
EMP1541,Sales,Sales Representative,1,34,Male,SharePoint,Read,Stable,No,11,10,5,7,Travel_Rarely,Yes,4,12,4,35,Medium
EMP1541,Sales,Sales Representative,1,34,Male,ServiceNow,Read,Stable,No,11,10,5,7,Travel_Rarely,Yes,4,12,4,35,Medium
EMP1541,Sales,Sales Representative,1,34,Male,CRM Portal,Read,Stable,No,11,10,5,7,Travel_Rarely,Yes,4,12,4,35,Medium
EMP1542,Research & Development,Laboratory Technician,1,42,Male,Active Directory,Read,Mover,No,1,0,0,0,Travel_Rarely,No,3,4,3,40,Medium
EMP1542,Research & Development,Laboratory Technician,1,42,Male,SAP,Read,Mover,No,1,0,0,0,Travel_Rarely,No,3,4,3,40,Medium
EMP1542,Research & Development,Laboratory Technician,1,42,Male,SharePoint,Read,Mover,No,1,0,0,0,Travel_Rarely,No,3,4,3,40,Medium
EMP1542,Research & Development,Laboratory Technician,1,42,Male,ServiceNow,Read,Mover,No,1,0,0,0,Travel_Rarely,No,3,4,3,40,Medium
EMP1542,Research & Development,Laboratory Technician,1,42,Male,Lab Systems,Read,Mover,No,1,0,0,0,Travel_Rarely,No,3,4,3,40,Medium
EMP1543,Research & Development,Research Scientist,2,37,Male,Active Directory,Write,Stable,No,10,8,3,7,Travel_Rarely,No,3,10,2,30,Medium
EMP1543,Research & Development,Research Scientist,2,37,Male,SAP,Write,Stable,No,10,8,3,7,Travel_Rarely,No,3,10,2,30,Medium
EMP1543,Research & Development,Research Scientist,2,37,Male,SharePoint,Write,Stable,No,10,8,3,7,Travel_Rarely,No,3,10,2,30,Medium
EMP1543,Research & Development,Research Scientist,2,37,Male,ServiceNow,Write,Stable,No,10,8,3,7,Travel_Rarely,No,3,10,2,30,Medium
EMP1543,Research & Development,Research Scientist,2,37,Male,Lab Systems,Write,Stable,No,10,8,3,7,Travel_Rarely,No,3,10,2,30,Medium
EMP1544,Research & Development,Healthcare Representative,2,29,Female,Active Directory,Read,Stable,No,7,7,0,7,Travel_Rarely,No,3,9,3,20,Low
EMP1544,Research & Development,Healthcare Representative,2,29,Female,SAP,Read,Stable,No,7,7,0,7,Travel_Rarely,No,3,9,3,20,Low
EMP1544,Research & Development,Healthcare Representative,2,29,Female,SharePoint,Read,Stable,No,7,7,0,7,Travel_Rarely,No,3,9,3,20,Low
EMP1544,Research & Development,Healthcare Representative,2,29,Female,ServiceNow,Read,Stable,No,7,7,0,7,Travel_Rarely,No,3,9,3,20,Low
EMP1544,Research & Development,Healthcare Representative,2,29,Female,Lab Systems,Read,Stable,No,7,7,0,7,Travel_Rarely,No,3,9,3,20,Low
EMP1545,Research & Development,Manufacturing Director,2,33,Male,Active Directory,Write,Stable,No,5,3,0,2,Travel_Rarely,No,3,5,2,20,Low
EMP1545,Research & Development,Manufacturing Director,2,33,Male,SAP,Write,Stable,No,5,3,0,2,Travel_Rarely,No,3,5,2,20,Low
EMP1545,Research & Development,Manufacturing Director,2,33,Male,SharePoint,Write,Stable,No,5,3,0,2,Travel_Rarely,No,3,5,2,20,Low
EMP1545,Research & Development,Manufacturing Director,2,33,Male,ServiceNow,Write,Stable,No,5,3,0,2,Travel_Rarely,No,3,5,2,20,Low
EMP1545,Research & Development,Manufacturing Director,2,33,Male,Lab Systems,Write,Stable,No,5,3,0,2,Travel_Rarely,No,3,5,2,20,Low
EMP1546,Research & Development,Research Scientist,1,45,Male,Active Directory,Write,Stable,No,5,4,0,3,Travel_Rarely,No,4,8,3,20,Low
EMP1546,Research & Development,Research Scientist,1,45,Male,SAP,Write,Stable,No,5,4,0,3,Travel_Rarely,No,4,8,3,20,Low
EMP1546,Research & Development,Research Scientist,1,45,Male,SharePoint,Write,Stable,No,5,4,0,3,Travel_Rarely,No,4,8,3,20,Low
EMP1546,Research & Development,Research Scientist,1,45,Male,ServiceNow,Write,Stable,No,5,4,0,3,Travel_Rarely,No,4,8,3,20,Low
EMP1546,Research & Development,Research Scientist,1,45,Male,Lab Systems,Write,Stable,No,5,4,0,3,Travel_Rarely,No,4,8,3,20,Low
EMP1547,Research & Development,Healthcare Representative,3,42,Male,Active Directory,Read,Stable,No,20,8,13,9,Travel_Frequently,Yes,3,24,3,40,Medium
EMP1547,Research & Development,Healthcare Representative,3,42,Male,SAP,Read,Stable,No,20,8,13,9,Travel_Frequently,Yes,3,24,3,40,Medium
EMP1547,Research & Development,Healthcare Representative,3,42,Male,SharePoint,Read,Stable,No,20,8,13,9,Travel_Frequently,Yes,3,24,3,40,Medium
EMP1547,Research & Development,Healthcare Representative,3,42,Male,ServiceNow,Read,Stable,No,20,8,13,9,Travel_Frequently,Yes,3,24,3,40,Medium
EMP1547,Research & Development,Healthcare Representative,3,42,Male,Lab Systems,Read,Stable,No,20,8,13,9,Travel_Frequently,Yes,3,24,3,40,Medium
EMP1548,Sales,Sales Executive,2,40,Male,Active Directory,Write,Stable,No,8,4,7,1,Travel_Rarely,No,3,9,5,40,Medium
EMP1548,Sales,Sales Executive,2,40,Male,Salesforce,Write,Stable,No,8,4,7,1,Travel_Rarely,No,3,9,5,40,Medium
EMP1548,Sales,Sales Executive,2,40,Male,SharePoint,Write,Stable,No,8,4,7,1,Travel_Rarely,No,3,9,5,40,Medium
EMP1548,Sales,Sales Executive,2,40,Male,ServiceNow,Write,Stable,No,8,4,7,1,Travel_Rarely,No,3,9,5,40,Medium
EMP1548,Sales,Sales Executive,2,40,Male,CRM Portal,Write,Stable,No,8,4,7,1,Travel_Rarely,No,3,9,5,40,Medium
EMP1549,Research & Development,Laboratory Technician,2,33,Male,Active Directory,Read,Stable,No,15,14,5,7,Travel_Rarely,Yes,3,15,3,35,Medium
EMP1549,Research & Development,Laboratory Technician,2,33,Male,SAP,Read,Stable,No,15,14,5,7,Travel_Rarely,Yes,3,15,3,35,Medium
EMP1549,Research & Development,Laboratory Technician,2,33,Male,SharePoint,Read,Stable,No,15,14,5,7,Travel_Rarely,Yes,3,15,3,35,Medium
EMP1549,Research & Development,Laboratory Technician,2,33,Male,ServiceNow,Read,Stable,No,15,14,5,7,Travel_Rarely,Yes,3,15,3,35,Medium
EMP1549,Research & Development,Laboratory Technician,2,33,Male,Lab Systems,Read,Stable,No,15,14,5,7,Travel_Rarely,Yes,3,15,3,35,Medium
EMP1550,Human Resources,Manager,4,40,Male,Active Directory,Write,Stable,No,21,7,7,7,Travel_Rarely,Yes,4,21,2,45,Medium
EMP1550,Human Resources,Manager,4,40,Male,Workday,Write,Stable,No,21,7,7,7,Travel_Rarely,Yes,4,21,2,45,Medium
EMP1550,Human Resources,Manager,4,40,Male,SharePoint,Write,Stable,No,21,7,7,7,Travel_Rarely,Yes,4,21,2,45,Medium
EMP1550,Human Resources,Manager,4,40,Male,ServiceNow,Write,Stable,No,21,7,7,7,Travel_Rarely,Yes,4,21,2,45,Medium
EMP1550,Human Resources,Manager,4,40,Male,HR Portal,Write,Stable,No,21,7,7,7,Travel_Rarely,Yes,4,21,2,45,Medium
EMP1551,Research & Development,Laboratory Technician,1,24,Male,Active Directory,Read,Mover,No,1,1,0,0,Travel_Rarely,No,3,2,3,40,Medium
EMP1551,Research & Development,Laboratory Technician,1,24,Male,SAP,Read,Mover,No,1,1,0,0,Travel_Rarely,No,3,2,3,40,Medium
EMP1551,Research & Development,Laboratory Technician,1,24,Male,SharePoint,Read,Mover,No,1,1,0,0,Travel_Rarely,No,3,2,3,40,Medium
EMP1551,Research & Development,Laboratory Technician,1,24,Male,ServiceNow,Read,Mover,No,1,1,0,0,Travel_Rarely,No,3,2,3,40,Medium
EMP1551,Research & Development,Laboratory Technician,1,24,Male,Lab Systems,Read,Mover,No,1,1,0,0,Travel_Rarely,No,3,2,3,40,Medium
EMP1552,Research & Development,Healthcare Representative,2,40,Male,Active Directory,Read,Stable,No,2,2,2,2,Non-Travel,Yes,3,8,2,15,Low
EMP1552,Research & Development,Healthcare Representative,2,40,Male,SAP,Read,Stable,No,2,2,2,2,Non-Travel,Yes,3,8,2,15,Low
EMP1552,Research & Development,Healthcare Representative,2,40,Male,SharePoint,Read,Stable,No,2,2,2,2,Non-Travel,Yes,3,8,2,15,Low
EMP1552,Research & Development,Healthcare Representative,2,40,Male,ServiceNow,Read,Stable,No,2,2,2,2,Non-Travel,Yes,3,8,2,15,Low
EMP1552,Research & Development,Healthcare Representative,2,40,Male,Lab Systems,Read,Stable,No,2,2,2,2,Non-Travel,Yes,3,8,2,15,Low
EMP1553,Research & Development,Healthcare Representative,3,45,Male,Active Directory,Read,Stable,No,10,8,7,7,Travel_Rarely,No,3,10,4,20,Low
EMP1553,Research & Development,Healthcare Representative,3,45,Male,SAP,Read,Stable,No,10,8,7,7,Travel_Rarely,No,3,10,4,20,Low
EMP1553,Research & Development,Healthcare Representative,3,45,Male,SharePoint,Read,Stable,No,10,8,7,7,Travel_Rarely,No,3,10,4,20,Low
EMP1553,Research & Development,Healthcare Representative,3,45,Male,ServiceNow,Read,Stable,No,10,8,7,7,Travel_Rarely,No,3,10,4,20,Low
EMP1553,Research & Development,Healthcare Representative,3,45,Male,Lab Systems,Read,Stable,No,10,8,7,7,Travel_Rarely,No,3,10,4,20,Low
EMP1554,Sales,Sales Representative,1,35,Female,Active Directory,Read,Stable,No,5,3,4,2,Travel_Rarely,No,4,6,5,10,Low
EMP1554,Sales,Sales Representative,1,35,Female,Salesforce,Read,Stable,No,5,3,4,2,Travel_Rarely,No,4,6,5,10,Low
EMP1554,Sales,Sales Representative,1,35,Female,SharePoint,Read,Stable,No,5,3,4,2,Travel_Rarely,No,4,6,5,10,Low
EMP1554,Sales,Sales Representative,1,35,Female,ServiceNow,Read,Stable,No,5,3,4,2,Travel_Rarely,No,4,6,5,10,Low
EMP1554,Sales,Sales Representative,1,35,Female,CRM Portal,Read,Stable,No,5,3,4,2,Travel_Rarely,No,4,6,5,10,Low
EMP1555,Research & Development,Research Scientist,2,32,Female,Active Directory,Write,Mover,No,7,1,2,5,Travel_Rarely,No,3,12,2,50,High
EMP1555,Research & Development,Research Scientist,2,32,Female,SAP,Write,Mover,No,7,1,2,5,Travel_Rarely,No,3,12,2,50,High
EMP1555,Research & Development,Research Scientist,2,32,Female,SharePoint,Write,Mover,No,7,1,2,5,Travel_Rarely,No,3,12,2,50,High
EMP1555,Research & Development,Research Scientist,2,32,Female,ServiceNow,Write,Mover,No,7,1,2,5,Travel_Rarely,No,3,12,2,50,High
EMP1555,Research & Development,Research Scientist,2,32,Female,Lab Systems,Write,Mover,No,7,1,2,5,Travel_Rarely,No,3,12,2,50,High
EMP1556,Sales,Sales Representative,1,36,Male,Active Directory,Read,Stable,No,3,2,1,2,Travel_Rarely,Yes,4,7,3,20,Low
EMP1556,Sales,Sales Representative,1,36,Male,Salesforce,Read,Stable,No,3,2,1,2,Travel_Rarely,Yes,4,7,3,20,Low
EMP1556,Sales,Sales Representative,1,36,Male,SharePoint,Read,Stable,No,3,2,1,2,Travel_Rarely,Yes,4,7,3,20,Low
EMP1556,Sales,Sales Representative,1,36,Male,ServiceNow,Read,Stable,No,3,2,1,2,Travel_Rarely,Yes,4,7,3,20,Low
EMP1556,Sales,Sales Representative,1,36,Male,CRM Portal,Read,Stable,No,3,2,1,2,Travel_Rarely,Yes,4,7,3,20,Low
EMP1557,Sales,Sales Executive,2,48,Female,Active Directory,Write,Stable,No,8,7,7,7,Travel_Rarely,No,3,18,2,30,Medium
EMP1557,Sales,Sales Executive,2,48,Female,Salesforce,Write,Stable,No,8,7,7,7,Travel_Rarely,No,3,18,2,30,Medium
EMP1557,Sales,Sales Executive,2,48,Female,SharePoint,Write,Stable,No,8,7,7,7,Travel_Rarely,No,3,18,2,30,Medium
EMP1557,Sales,Sales Executive,2,48,Female,ServiceNow,Write,Stable,No,8,7,7,7,Travel_Rarely,No,3,18,2,30,Medium
EMP1557,Sales,Sales Executive,2,48,Female,CRM Portal,Write,Stable,No,8,7,7,7,Travel_Rarely,No,3,18,2,30,Medium
EMP1558,Research & Development,Research Scientist,1,29,Male,Active Directory,Write,Mover,No,1,0,0,0,Travel_Rarely,No,3,5,2,50,High
EMP1558,Research & Development,Research Scientist,1,29,Male,SAP,Write,Mover,No,1,0,0,0,Travel_Rarely,No,3,5,2,50,High
EMP1558,Research & Development,Research Scientist,1,29,Male,SharePoint,Write,Mover,No,1,0,0,0,Travel_Rarely,No,3,5,2,50,High
EMP1558,Research & Development,Research Scientist,1,29,Male,ServiceNow,Write,Mover,No,1,0,0,0,Travel_Rarely,No,3,5,2,50,High
EMP1558,Research & Development,Research Scientist,1,29,Male,Lab Systems,Write,Mover,No,1,0,0,0,Travel_Rarely,No,3,5,2,50,High
EMP1560,Sales,Sales Executive,2,33,Male,Active Directory,Write,Stable,No,2,2,2,2,Travel_Rarely,No,3,8,6,20,Low
EMP1560,Sales,Sales Executive,2,33,Male,Salesforce,Write,Stable,No,2,2,2,2,Travel_Rarely,No,3,8,6,20,Low
EMP1560,Sales,Sales Executive,2,33,Male,SharePoint,Write,Stable,No,2,2,2,2,Travel_Rarely,No,3,8,6,20,Low
EMP1560,Sales,Sales Executive,2,33,Male,ServiceNow,Write,Stable,No,2,2,2,2,Travel_Rarely,No,3,8,6,20,Low
EMP1560,Sales,Sales Executive,2,33,Male,CRM Portal,Write,Stable,No,2,2,2,2,Travel_Rarely,No,3,8,6,20,Low
EMP1562,Sales,Sales Executive,2,30,Male,Active Directory,Write,Leaver,Yes,10,8,6,7,Travel_Rarely,No,3,10,4,70,Critical
EMP1562,Sales,Sales Executive,2,30,Male,Salesforce,Write,Leaver,Yes,10,8,6,7,Travel_Rarely,No,3,10,4,70,Critical
EMP1562,Sales,Sales Executive,2,30,Male,SharePoint,Write,Leaver,Yes,10,8,6,7,Travel_Rarely,No,3,10,4,70,Critical
EMP1562,Sales,Sales Executive,2,30,Male,ServiceNow,Write,Leaver,Yes,10,8,6,7,Travel_Rarely,No,3,10,4,70,Critical
EMP1562,Sales,Sales Executive,2,30,Male,CRM Portal,Write,Leaver,Yes,10,8,6,7,Travel_Rarely,No,3,10,4,70,Critical
EMP1563,Human Resources,Human Resources,2,38,Male,Active Directory,Read,Stable,No,6,3,1,2,Travel_Frequently,No,3,10,2,25,Low
EMP1563,Human Resources,Human Resources,2,38,Male,Workday,Read,Stable,No,6,3,1,2,Travel_Frequently,No,3,10,2,25,Low
EMP1563,Human Resources,Human Resources,2,38,Male,SharePoint,Read,Stable,No,6,3,1,2,Travel_Frequently,No,3,10,2,25,Low
EMP1563,Human Resources,Human Resources,2,38,Male,ServiceNow,Read,Stable,No,6,3,1,2,Travel_Frequently,No,3,10,2,25,Low
EMP1563,Human Resources,Human Resources,2,38,Male,HR Portal,Read,Stable,No,6,3,1,2,Travel_Frequently,No,3,10,2,25,Low
EMP1564,Research & Development,Laboratory Technician,1,35,Male,Active Directory,Read,Mover,No,3,0,1,2,Travel_Rarely,No,3,3,3,30,Medium
EMP1564,Research & Development,Laboratory Technician,1,35,Male,SAP,Read,Mover,No,3,0,1,2,Travel_Rarely,No,3,3,3,30,Medium
EMP1564,Research & Development,Laboratory Technician,1,35,Male,SharePoint,Read,Mover,No,3,0,1,2,Travel_Rarely,No,3,3,3,30,Medium
EMP1564,Research & Development,Laboratory Technician,1,35,Male,ServiceNow,Read,Mover,No,3,0,1,2,Travel_Rarely,No,3,3,3,30,Medium
EMP1564,Research & Development,Laboratory Technician,1,35,Male,Lab Systems,Read,Mover,No,3,0,1,2,Travel_Rarely,No,3,3,3,30,Medium
EMP1568,Sales,Sales Executive,3,30,Male,Active Directory,Write,Stable,No,4,2,1,3,Travel_Rarely,No,3,9,3,20,Low
EMP1568,Sales,Sales Executive,3,30,Male,Salesforce,Write,Stable,No,4,2,1,3,Travel_Rarely,No,3,9,3,20,Low
EMP1568,Sales,Sales Executive,3,30,Male,SharePoint,Write,Stable,No,4,2,1,3,Travel_Rarely,No,3,9,3,20,Low
EMP1568,Sales,Sales Executive,3,30,Male,ServiceNow,Write,Stable,No,4,2,1,3,Travel_Rarely,No,3,9,3,20,Low
EMP1568,Sales,Sales Executive,3,30,Male,CRM Portal,Write,Stable,No,4,2,1,3,Travel_Rarely,No,3,9,3,20,Low
EMP1569,Research & Development,Laboratory Technician,1,35,Female,Active Directory,Read,Leaver,Yes,1,0,0,0,Travel_Rarely,Yes,3,1,2,70,Critical
EMP1569,Research & Development,Laboratory Technician,1,35,Female,SAP,Read,Leaver,Yes,1,0,0,0,Travel_Rarely,Yes,3,1,2,70,Critical
EMP1569,Research & Development,Laboratory Technician,1,35,Female,SharePoint,Read,Leaver,Yes,1,0,0,0,Travel_Rarely,Yes,3,1,2,70,Critical
EMP1569,Research & Development,Laboratory Technician,1,35,Female,ServiceNow,Read,Leaver,Yes,1,0,0,0,Travel_Rarely,Yes,3,1,2,70,Critical
EMP1569,Research & Development,Laboratory Technician,1,35,Female,Lab Systems,Read,Leaver,Yes,1,0,0,0,Travel_Rarely,Yes,3,1,2,70,Critical
EMP1572,Research & Development,Manufacturing Director,3,53,Female,Active Directory,Write,Leaver,Yes,33,7,1,9,Travel_Rarely,No,3,34,4,75,Critical
EMP1572,Research & Development,Manufacturing Director,3,53,Female,SAP,Write,Leaver,Yes,33,7,1,9,Travel_Rarely,No,3,34,4,75,Critical
EMP1572,Research & Development,Manufacturing Director,3,53,Female,SharePoint,Write,Leaver,Yes,33,7,1,9,Travel_Rarely,No,3,34,4,75,Critical
EMP1572,Research & Development,Manufacturing Director,3,53,Female,ServiceNow,Write,Leaver,Yes,33,7,1,9,Travel_Rarely,No,3,34,4,75,Critical
EMP1572,Research & Development,Manufacturing Director,3,53,Female,Lab Systems,Write,Leaver,Yes,33,7,1,9,Travel_Rarely,No,3,34,4,75,Critical
EMP1573,Research & Development,Manufacturing Director,2,38,Male,Active Directory,Write,Leaver,Yes,5,2,1,4,Travel_Rarely,No,3,7,2,60,High
EMP1573,Research & Development,Manufacturing Director,2,38,Male,SAP,Write,Leaver,Yes,5,2,1,4,Travel_Rarely,No,3,7,2,60,High
EMP1573,Research & Development,Manufacturing Director,2,38,Male,SharePoint,Write,Leaver,Yes,5,2,1,4,Travel_Rarely,No,3,7,2,60,High
EMP1573,Research & Development,Manufacturing Director,2,38,Male,ServiceNow,Write,Leaver,Yes,5,2,1,4,Travel_Rarely,No,3,7,2,60,High
EMP1573,Research & Development,Manufacturing Director,2,38,Male,Lab Systems,Write,Leaver,Yes,5,2,1,4,Travel_Rarely,No,3,7,2,60,High
EMP1574,Research & Development,Research Scientist,2,32,Male,Active Directory,Write,Stable,No,6,5,1,2,Non-Travel,No,3,9,3,25,Low
EMP1574,Research & Development,Research Scientist,2,32,Male,SAP,Write,Stable,No,6,5,1,2,Non-Travel,No,3,9,3,25,Low
EMP1574,Research & Development,Research Scientist,2,32,Male,SharePoint,Write,Stable,No,6,5,1,2,Non-Travel,No,3,9,3,25,Low
EMP1574,Research & Development,Research Scientist,2,32,Male,ServiceNow,Write,Stable,No,6,5,1,2,Non-Travel,No,3,9,3,25,Low
EMP1574,Research & Development,Research Scientist,2,32,Male,Lab Systems,Write,Stable,No,6,5,1,2,Non-Travel,No,3,9,3,25,Low
EMP1576,Research & Development,Research Scientist,1,48,Female,Active Directory,Write,Stable,No,8,2,7,6,Travel_Rarely,No,3,10,3,30,Medium
EMP1576,Research & Development,Research Scientist,1,48,Female,SAP,Write,Stable,No,8,2,7,6,Travel_Rarely,No,3,10,3,30,Medium
EMP1576,Research & Development,Research Scientist,1,48,Female,SharePoint,Write,Stable,No,8,2,7,6,Travel_Rarely,No,3,10,3,30,Medium
EMP1576,Research & Development,Research Scientist,1,48,Female,ServiceNow,Write,Stable,No,8,2,7,6,Travel_Rarely,No,3,10,3,30,Medium
EMP1576,Research & Development,Research Scientist,1,48,Female,Lab Systems,Write,Stable,No,8,2,7,6,Travel_Rarely,No,3,10,3,30,Medium
EMP1577,Research & Development,Research Scientist,1,34,Male,Active Directory,Write,Mover,No,1,0,0,0,Travel_Rarely,No,3,1,4,50,High
EMP1577,Research & Development,Research Scientist,1,34,Male,SAP,Write,Mover,No,1,0,0,0,Travel_Rarely,No,3,1,4,50,High
EMP1577,Research & Development,Research Scientist,1,34,Male,SharePoint,Write,Mover,No,1,0,0,0,Travel_Rarely,No,3,1,4,50,High
EMP1577,Research & Development,Research Scientist,1,34,Male,ServiceNow,Write,Mover,No,1,0,0,0,Travel_Rarely,No,3,1,4,50,High
EMP1577,Research & Development,Research Scientist,1,34,Male,Lab Systems,Write,Mover,No,1,0,0,0,Travel_Rarely,No,3,1,4,50,High
EMP1578,Sales,Manager,5,55,Male,Active Directory,Write,Stable,No,36,6,2,13,Travel_Rarely,No,4,36,3,35,Medium
EMP1578,Sales,Manager,5,55,Male,Salesforce,Write,Stable,No,36,6,2,13,Travel_Rarely,No,4,36,3,35,Medium
EMP1578,Sales,Manager,5,55,Male,SharePoint,Write,Stable,No,36,6,2,13,Travel_Rarely,No,4,36,3,35,Medium
EMP1578,Sales,Manager,5,55,Male,ServiceNow,Write,Stable,No,36,6,2,13,Travel_Rarely,No,4,36,3,35,Medium
EMP1578,Sales,Manager,5,55,Male,CRM Portal,Write,Stable,No,36,6,2,13,Travel_Rarely,No,4,36,3,35,Medium
EMP1580,Research & Development,Research Scientist,2,34,Male,Active Directory,Write,Stable,No,2,2,2,1,Travel_Rarely,No,3,9,3,30,Medium
EMP1580,Research & Development,Research Scientist,2,34,Male,SAP,Write,Stable,No,2,2,2,1,Travel_Rarely,No,3,9,3,30,Medium
EMP1580,Research & Development,Research Scientist,2,34,Male,SharePoint,Write,Stable,No,2,2,2,1,Travel_Rarely,No,3,9,3,30,Medium
EMP1580,Research & Development,Research Scientist,2,34,Male,ServiceNow,Write,Stable,No,2,2,2,1,Travel_Rarely,No,3,9,3,30,Medium
EMP1580,Research & Development,Research Scientist,2,34,Male,Lab Systems,Write,Stable,No,2,2,2,1,Travel_Rarely,No,3,9,3,30,Medium
EMP1581,Research & Development,Research Scientist,1,26,Female,Active Directory,Write,Mover,No,1,0,0,0,Travel_Rarely,No,4,1,5,50,High
EMP1581,Research & Development,Research Scientist,1,26,Female,SAP,Write,Mover,No,1,0,0,0,Travel_Rarely,No,4,1,5,50,High
EMP1581,Research & Development,Research Scientist,1,26,Female,SharePoint,Write,Mover,No,1,0,0,0,Travel_Rarely,No,4,1,5,50,High
EMP1581,Research & Development,Research Scientist,1,26,Female,ServiceNow,Write,Mover,No,1,0,0,0,Travel_Rarely,No,4,1,5,50,High
EMP1581,Research & Development,Research Scientist,1,26,Female,Lab Systems,Write,Mover,No,1,0,0,0,Travel_Rarely,No,4,1,5,50,High
EMP1582,Sales,Sales Executive,2,38,Male,Active Directory,Write,Stable,No,9,8,7,7,Travel_Rarely,No,3,10,3,30,Medium
EMP1582,Sales,Sales Executive,2,38,Male,Salesforce,Write,Stable,No,9,8,7,7,Travel_Rarely,No,3,10,3,30,Medium
EMP1582,Sales,Sales Executive,2,38,Male,SharePoint,Write,Stable,No,9,8,7,7,Travel_Rarely,No,3,10,3,30,Medium
EMP1582,Sales,Sales Executive,2,38,Male,ServiceNow,Write,Stable,No,9,8,7,7,Travel_Rarely,No,3,10,3,30,Medium
EMP1582,Sales,Sales Executive,2,38,Male,CRM Portal,Write,Stable,No,9,8,7,7,Travel_Rarely,No,3,10,3,30,Medium
EMP1583,Sales,Sales Executive,2,38,Female,Active Directory,Write,Stable,No,3,2,1,2,Travel_Rarely,No,3,8,5,20,Low
EMP1583,Sales,Sales Executive,2,38,Female,Salesforce,Write,Stable,No,3,2,1,2,Travel_Rarely,No,3,8,5,20,Low
EMP1583,Sales,Sales Executive,2,38,Female,SharePoint,Write,Stable,No,3,2,1,2,Travel_Rarely,No,3,8,5,20,Low
EMP1583,Sales,Sales Executive,2,38,Female,ServiceNow,Write,Stable,No,3,2,1,2,Travel_Rarely,No,3,8,5,20,Low
EMP1583,Sales,Sales Executive,2,38,Female,CRM Portal,Write,Stable,No,3,2,1,2,Travel_Rarely,No,3,8,5,20,Low
EMP1585,Sales,Sales Executive,2,36,Female,Active Directory,Write,Mover,No,1,0,0,0,Travel_Rarely,No,3,15,5,50,High
EMP1585,Sales,Sales Executive,2,36,Female,Salesforce,Write,Mover,No,1,0,0,0,Travel_Rarely,No,3,15,5,50,High
EMP1585,Sales,Sales Executive,2,36,Female,SharePoint,Write,Mover,No,1,0,0,0,Travel_Rarely,No,3,15,5,50,High
EMP1585,Sales,Sales Executive,2,36,Female,ServiceNow,Write,Mover,No,1,0,0,0,Travel_Rarely,No,3,15,5,50,High
EMP1585,Sales,Sales Executive,2,36,Female,CRM Portal,Write,Mover,No,1,0,0,0,Travel_Rarely,No,3,15,5,50,High
EMP1586,Research & Development,Laboratory Technician,1,29,Male,Active Directory,Read,Stable,No,10,9,1,5,Travel_Rarely,Yes,3,10,3,30,Medium
EMP1586,Research & Development,Laboratory Technician,1,29,Male,SAP,Read,Stable,No,10,9,1,5,Travel_Rarely,Yes,3,10,3,30,Medium
EMP1586,Research & Development,Laboratory Technician,1,29,Male,SharePoint,Read,Stable,No,10,9,1,5,Travel_Rarely,Yes,3,10,3,30,Medium
EMP1586,Research & Development,Laboratory Technician,1,29,Male,ServiceNow,Read,Stable,No,10,9,1,5,Travel_Rarely,Yes,3,10,3,30,Medium
EMP1586,Research & Development,Laboratory Technician,1,29,Male,Lab Systems,Read,Stable,No,10,9,1,5,Travel_Rarely,Yes,3,10,3,30,Medium
EMP1587,Research & Development,Healthcare Representative,2,35,Female,Active Directory,Read,Stable,No,5,2,0,4,Travel_Rarely,Yes,3,10,4,20,Low
EMP1587,Research & Development,Healthcare Representative,2,35,Female,SAP,Read,Stable,No,5,2,0,4,Travel_Rarely,Yes,3,10,4,20,Low
EMP1587,Research & Development,Healthcare Representative,2,35,Female,SharePoint,Read,Stable,No,5,2,0,4,Travel_Rarely,Yes,3,10,4,20,Low
EMP1587,Research & Development,Healthcare Representative,2,35,Female,ServiceNow,Read,Stable,No,5,2,0,4,Travel_Rarely,Yes,3,10,4,20,Low
EMP1587,Research & Development,Healthcare Representative,2,35,Female,Lab Systems,Read,Stable,No,5,2,0,4,Travel_Rarely,Yes,3,10,4,20,Low
EMP1588,Sales,Sales Executive,3,39,Male,Active Directory,Write,Stable,No,7,6,7,6,Travel_Rarely,No,3,11,3,30,Medium
EMP1588,Sales,Sales Executive,3,39,Male,Salesforce,Write,Stable,No,7,6,7,6,Travel_Rarely,No,3,11,3,30,Medium
EMP1588,Sales,Sales Executive,3,39,Male,SharePoint,Write,Stable,No,7,6,7,6,Travel_Rarely,No,3,11,3,30,Medium
EMP1588,Sales,Sales Executive,3,39,Male,ServiceNow,Write,Stable,No,7,6,7,6,Travel_Rarely,No,3,11,3,30,Medium
EMP1588,Sales,Sales Executive,3,39,Male,CRM Portal,Write,Stable,No,7,6,7,6,Travel_Rarely,No,3,11,3,30,Medium
EMP1590,Research & Development,Healthcare Representative,2,29,Male,Active Directory,Read,Stable,No,6,4,1,3,Travel_Frequently,No,3,6,0,25,Low
EMP1590,Research & Development,Healthcare Representative,2,29,Male,SAP,Read,Stable,No,6,4,1,3,Travel_Frequently,No,3,6,0,25,Low
EMP1590,Research & Development,Healthcare Representative,2,29,Male,SharePoint,Read,Stable,No,6,4,1,3,Travel_Frequently,No,3,6,0,25,Low
EMP1590,Research & Development,Healthcare Representative,2,29,Male,ServiceNow,Read,Stable,No,6,4,1,3,Travel_Frequently,No,3,6,0,25,Low
EMP1590,Research & Development,Healthcare Representative,2,29,Male,Lab Systems,Read,Stable,No,6,4,1,3,Travel_Frequently,No,3,6,0,25,Low
EMP1591,Sales,Manager,5,50,Male,Active Directory,Write,Mover,No,1,0,0,0,Travel_Rarely,Yes,3,27,2,60,High
EMP1591,Sales,Manager,5,50,Male,Salesforce,Write,Mover,No,1,0,0,0,Travel_Rarely,Yes,3,27,2,60,High
EMP1591,Sales,Manager,5,50,Male,SharePoint,Write,Mover,No,1,0,0,0,Travel_Rarely,Yes,3,27,2,60,High
EMP1591,Sales,Manager,5,50,Male,ServiceNow,Write,Mover,No,1,0,0,0,Travel_Rarely,Yes,3,27,2,60,High
EMP1591,Sales,Manager,5,50,Male,CRM Portal,Write,Mover,No,1,0,0,0,Travel_Rarely,Yes,3,27,2,60,High
EMP1592,Research & Development,Research Scientist,1,23,Male,Active Directory,Write,Stable,No,2,2,2,2,Travel_Rarely,No,3,4,2,20,Low
EMP1592,Research & Development,Research Scientist,1,23,Male,SAP,Write,Stable,No,2,2,2,2,Travel_Rarely,No,3,4,2,20,Low
EMP1592,Research & Development,Research Scientist,1,23,Male,SharePoint,Write,Stable,No,2,2,2,2,Travel_Rarely,No,3,4,2,20,Low
EMP1592,Research & Development,Research Scientist,1,23,Male,ServiceNow,Write,Stable,No,2,2,2,2,Travel_Rarely,No,3,4,2,20,Low
EMP1592,Research & Development,Research Scientist,1,23,Male,Lab Systems,Write,Stable,No,2,2,2,2,Travel_Rarely,No,3,4,2,20,Low
EMP1594,Research & Development,Laboratory Technician,2,36,Male,Active Directory,Read,Stable,No,3,2,0,2,Travel_Frequently,Yes,3,9,3,25,Low
EMP1594,Research & Development,Laboratory Technician,2,36,Male,SAP,Read,Stable,No,3,2,0,2,Travel_Frequently,Yes,3,9,3,25,Low
EMP1594,Research & Development,Laboratory Technician,2,36,Male,SharePoint,Read,Stable,No,3,2,0,2,Travel_Frequently,Yes,3,9,3,25,Low
EMP1594,Research & Development,Laboratory Technician,2,36,Male,ServiceNow,Read,Stable,No,3,2,0,2,Travel_Frequently,Yes,3,9,3,25,Low
EMP1594,Research & Development,Laboratory Technician,2,36,Male,Lab Systems,Read,Stable,No,3,2,0,2,Travel_Frequently,Yes,3,9,3,25,Low
EMP1595,Research & Development,Manager,5,42,Male,Active Directory,Write,Mover,No,1,0,0,1,Travel_Rarely,No,4,24,2,50,High
EMP1595,Research & Development,Manager,5,42,Male,SAP,Write,Mover,No,1,0,0,1,Travel_Rarely,No,4,24,2,50,High
EMP1595,Research & Development,Manager,5,42,Male,SharePoint,Write,Mover,No,1,0,0,1,Travel_Rarely,No,4,24,2,50,High
EMP1595,Research & Development,Manager,5,42,Male,ServiceNow,Write,Mover,No,1,0,0,1,Travel_Rarely,No,4,24,2,50,High
EMP1595,Research & Development,Manager,5,42,Male,Lab Systems,Write,Mover,No,1,0,0,1,Travel_Rarely,No,4,24,2,50,High
EMP1596,Research & Development,Laboratory Technician,2,35,Male,Active Directory,Read,Stable,No,10,9,6,8,Travel_Rarely,No,3,10,3,20,Low
EMP1596,Research & Development,Laboratory Technician,2,35,Male,SAP,Read,Stable,No,10,9,6,8,Travel_Rarely,No,3,10,3,20,Low
EMP1596,Research & Development,Laboratory Technician,2,35,Male,SharePoint,Read,Stable,No,10,9,6,8,Travel_Rarely,No,3,10,3,20,Low
EMP1596,Research & Development,Laboratory Technician,2,35,Male,ServiceNow,Read,Stable,No,10,9,6,8,Travel_Rarely,No,3,10,3,20,Low
EMP1596,Research & Development,Laboratory Technician,2,35,Male,Lab Systems,Read,Stable,No,10,9,6,8,Travel_Rarely,No,3,10,3,20,Low
EMP1597,Research & Development,Healthcare Representative,2,34,Male,Active Directory,Read,Stable,No,8,2,7,7,Travel_Frequently,No,3,8,3,25,Low
EMP1597,Research & Development,Healthcare Representative,2,34,Male,SAP,Read,Stable,No,8,2,7,7,Travel_Frequently,No,3,8,3,25,Low
EMP1597,Research & Development,Healthcare Representative,2,34,Male,SharePoint,Read,Stable,No,8,2,7,7,Travel_Frequently,No,3,8,3,25,Low
EMP1597,Research & Development,Healthcare Representative,2,34,Male,ServiceNow,Read,Stable,No,8,2,7,7,Travel_Frequently,No,3,8,3,25,Low
EMP1597,Research & Development,Healthcare Representative,2,34,Male,Lab Systems,Read,Stable,No,8,2,7,7,Travel_Frequently,No,3,8,3,25,Low
EMP1598,Sales,Sales Executive,2,40,Female,Active Directory,Write,Stable,No,5,4,1,2,Travel_Rarely,No,3,5,2,20,Low
EMP1598,Sales,Sales Executive,2,40,Female,Salesforce,Write,Stable,No,5,4,1,2,Travel_Rarely,No,3,5,2,20,Low
EMP1598,Sales,Sales Executive,2,40,Female,SharePoint,Write,Stable,No,5,4,1,2,Travel_Rarely,No,3,5,2,20,Low
EMP1598,Sales,Sales Executive,2,40,Female,ServiceNow,Write,Stable,No,5,4,1,2,Travel_Rarely,No,3,5,2,20,Low
EMP1598,Sales,Sales Executive,2,40,Female,CRM Portal,Write,Stable,No,5,4,1,2,Travel_Rarely,No,3,5,2,20,Low
EMP1599,Research & Development,Laboratory Technician,1,43,Male,Active Directory,Read,Stable,No,6,4,0,2,Travel_Rarely,No,3,8,0,20,Low
EMP1599,Research & Development,Laboratory Technician,1,43,Male,SAP,Read,Stable,No,6,4,0,2,Travel_Rarely,No,3,8,0,20,Low
EMP1599,Research & Development,Laboratory Technician,1,43,Male,SharePoint,Read,Stable,No,6,4,0,2,Travel_Rarely,No,3,8,0,20,Low
EMP1599,Research & Development,Laboratory Technician,1,43,Male,ServiceNow,Read,Stable,No,6,4,0,2,Travel_Rarely,No,3,8,0,20,Low
EMP1599,Research & Development,Laboratory Technician,1,43,Male,Lab Systems,Read,Stable,No,6,4,0,2,Travel_Rarely,No,3,8,0,20,Low
EMP1601,Research & Development,Laboratory Technician,1,35,Male,Active Directory,Read,Mover,No,1,0,0,1,Travel_Rarely,No,3,1,5,40,Medium
EMP1601,Research & Development,Laboratory Technician,1,35,Male,SAP,Read,Mover,No,1,0,0,1,Travel_Rarely,No,3,1,5,40,Medium
EMP1601,Research & Development,Laboratory Technician,1,35,Male,SharePoint,Read,Mover,No,1,0,0,1,Travel_Rarely,No,3,1,5,40,Medium
EMP1601,Research & Development,Laboratory Technician,1,35,Male,ServiceNow,Read,Mover,No,1,0,0,1,Travel_Rarely,No,3,1,5,40,Medium
EMP1601,Research & Development,Laboratory Technician,1,35,Male,Lab Systems,Read,Mover,No,1,0,0,1,Travel_Rarely,No,3,1,5,40,Medium
EMP1602,Sales,Manager,4,46,Male,Active Directory,Write,Mover,No,26,0,0,12,Travel_Rarely,No,3,27,5,55,High
EMP1602,Sales,Manager,4,46,Male,Salesforce,Write,Mover,No,26,0,0,12,Travel_Rarely,No,3,27,5,55,High
EMP1602,Sales,Manager,4,46,Male,SharePoint,Write,Mover,No,26,0,0,12,Travel_Rarely,No,3,27,5,55,High
EMP1602,Sales,Manager,4,46,Male,ServiceNow,Write,Mover,No,26,0,0,12,Travel_Rarely,No,3,27,5,55,High
EMP1602,Sales,Manager,4,46,Male,CRM Portal,Write,Mover,No,26,0,0,12,Travel_Rarely,No,3,27,5,55,High
EMP1604,Research & Development,Laboratory Technician,1,28,Male,Active Directory,Read,Leaver,Yes,1,1,0,0,Travel_Rarely,Yes,3,1,3,70,Critical
EMP1604,Research & Development,Laboratory Technician,1,28,Male,SAP,Read,Leaver,Yes,1,1,0,0,Travel_Rarely,Yes,3,1,3,70,Critical
EMP1604,Research & Development,Laboratory Technician,1,28,Male,SharePoint,Read,Leaver,Yes,1,1,0,0,Travel_Rarely,Yes,3,1,3,70,Critical
EMP1604,Research & Development,Laboratory Technician,1,28,Male,ServiceNow,Read,Leaver,Yes,1,1,0,0,Travel_Rarely,Yes,3,1,3,70,Critical
EMP1604,Research & Development,Laboratory Technician,1,28,Male,Lab Systems,Read,Leaver,Yes,1,1,0,0,Travel_Rarely,Yes,3,1,3,70,Critical
EMP1605,Research & Development,Research Scientist,1,22,Female,Active Directory,Write,Stable,No,4,2,1,3,Non-Travel,Yes,3,4,2,25,Low
EMP1605,Research & Development,Research Scientist,1,22,Female,SAP,Write,Stable,No,4,2,1,3,Non-Travel,Yes,3,4,2,25,Low
EMP1605,Research & Development,Research Scientist,1,22,Female,SharePoint,Write,Stable,No,4,2,1,3,Non-Travel,Yes,3,4,2,25,Low
EMP1605,Research & Development,Research Scientist,1,22,Female,ServiceNow,Write,Stable,No,4,2,1,3,Non-Travel,Yes,3,4,2,25,Low
EMP1605,Research & Development,Research Scientist,1,22,Female,Lab Systems,Write,Stable,No,4,2,1,3,Non-Travel,Yes,3,4,2,25,Low
EMP1606,Research & Development,Healthcare Representative,4,50,Male,Active Directory,Read,Stable,No,30,8,12,13,Travel_Frequently,Yes,3,32,3,40,Medium
EMP1606,Research & Development,Healthcare Representative,4,50,Male,SAP,Read,Stable,No,30,8,12,13,Travel_Frequently,Yes,3,32,3,40,Medium
EMP1606,Research & Development,Healthcare Representative,4,50,Male,SharePoint,Read,Stable,No,30,8,12,13,Travel_Frequently,Yes,3,32,3,40,Medium
EMP1606,Research & Development,Healthcare Representative,4,50,Male,ServiceNow,Read,Stable,No,30,8,12,13,Travel_Frequently,Yes,3,32,3,40,Medium
EMP1606,Research & Development,Healthcare Representative,4,50,Male,Lab Systems,Read,Stable,No,30,8,12,13,Travel_Frequently,Yes,3,32,3,40,Medium
EMP1607,Research & Development,Research Scientist,1,32,Female,Active Directory,Write,Stable,No,3,2,0,2,Travel_Rarely,No,3,6,3,20,Low
EMP1607,Research & Development,Research Scientist,1,32,Female,SAP,Write,Stable,No,3,2,0,2,Travel_Rarely,No,3,6,3,20,Low
EMP1607,Research & Development,Research Scientist,1,32,Female,SharePoint,Write,Stable,No,3,2,0,2,Travel_Rarely,No,3,6,3,20,Low
EMP1607,Research & Development,Research Scientist,1,32,Female,ServiceNow,Write,Stable,No,3,2,0,2,Travel_Rarely,No,3,6,3,20,Low
EMP1607,Research & Development,Research Scientist,1,32,Female,Lab Systems,Write,Stable,No,3,2,0,2,Travel_Rarely,No,3,6,3,20,Low
EMP1608,Research & Development,Research Director,5,44,Female,Active Directory,Admin,Stable,No,22,7,1,10,Travel_Rarely,Yes,3,23,4,60,High
EMP1608,Research & Development,Research Director,5,44,Female,SAP,Admin,Stable,No,22,7,1,10,Travel_Rarely,Yes,3,23,4,60,High
EMP1608,Research & Development,Research Director,5,44,Female,SharePoint,Admin,Stable,No,22,7,1,10,Travel_Rarely,Yes,3,23,4,60,High
EMP1608,Research & Development,Research Director,5,44,Female,ServiceNow,Admin,Stable,No,22,7,1,10,Travel_Rarely,Yes,3,23,4,60,High
EMP1608,Research & Development,Research Director,5,44,Female,Lab Systems,Admin,Stable,No,22,7,1,10,Travel_Rarely,Yes,3,23,4,60,High
EMP1609,Research & Development,Research Scientist,1,30,Male,Active Directory,Write,Stable,No,6,4,1,1,Travel_Rarely,No,3,6,3,40,Medium
EMP1609,Research & Development,Research Scientist,1,30,Male,SAP,Write,Stable,No,6,4,1,1,Travel_Rarely,No,3,6,3,40,Medium
EMP1609,Research & Development,Research Scientist,1,30,Male,SharePoint,Write,Stable,No,6,4,1,1,Travel_Rarely,No,3,6,3,40,Medium
EMP1609,Research & Development,Research Scientist,1,30,Male,ServiceNow,Write,Stable,No,6,4,1,1,Travel_Rarely,No,3,6,3,40,Medium
EMP1609,Research & Development,Research Scientist,1,30,Male,Lab Systems,Write,Stable,No,6,4,1,1,Travel_Rarely,No,3,6,3,40,Medium
EMP1611,Research & Development,Laboratory Technician,2,45,Female,Active Directory,Read,Stable,No,10,7,1,4,Travel_Rarely,Yes,3,10,3,30,Medium
EMP1611,Research & Development,Laboratory Technician,2,45,Female,SAP,Read,Stable,No,10,7,1,4,Travel_Rarely,Yes,3,10,3,30,Medium
EMP1611,Research & Development,Laboratory Technician,2,45,Female,SharePoint,Read,Stable,No,10,7,1,4,Travel_Rarely,Yes,3,10,3,30,Medium
EMP1611,Research & Development,Laboratory Technician,2,45,Female,ServiceNow,Read,Stable,No,10,7,1,4,Travel_Rarely,Yes,3,10,3,30,Medium
EMP1611,Research & Development,Laboratory Technician,2,45,Female,Lab Systems,Read,Stable,No,10,7,1,4,Travel_Rarely,Yes,3,10,3,30,Medium
EMP1612,Sales,Sales Executive,2,45,Male,Active Directory,Write,Stable,No,10,7,4,5,Non-Travel,No,3,10,2,25,Low
EMP1612,Sales,Sales Executive,2,45,Male,Salesforce,Write,Stable,No,10,7,4,5,Non-Travel,No,3,10,2,25,Low
EMP1612,Sales,Sales Executive,2,45,Male,SharePoint,Write,Stable,No,10,7,4,5,Non-Travel,No,3,10,2,25,Low
EMP1612,Sales,Sales Executive,2,45,Male,ServiceNow,Write,Stable,No,10,7,4,5,Non-Travel,No,3,10,2,25,Low
EMP1612,Sales,Sales Executive,2,45,Male,CRM Portal,Write,Stable,No,10,7,4,5,Non-Travel,No,3,10,2,25,Low
EMP1613,Sales,Sales Executive,2,31,Male,Active Directory,Write,Stable,No,5,2,0,3,Travel_Frequently,No,3,10,3,25,Low
EMP1613,Sales,Sales Executive,2,31,Male,Salesforce,Write,Stable,No,5,2,0,3,Travel_Frequently,No,3,10,3,25,Low
EMP1613,Sales,Sales Executive,2,31,Male,SharePoint,Write,Stable,No,5,2,0,3,Travel_Frequently,No,3,10,3,25,Low
EMP1613,Sales,Sales Executive,2,31,Male,ServiceNow,Write,Stable,No,5,2,0,3,Travel_Frequently,No,3,10,3,25,Low
EMP1613,Sales,Sales Executive,2,31,Male,CRM Portal,Write,Stable,No,5,2,0,3,Travel_Frequently,No,3,10,3,25,Low
EMP1614,Research & Development,Manufacturing Director,2,36,Female,Active Directory,Write,Stable,No,3,2,1,1,Travel_Rarely,Yes,3,7,2,40,Medium
EMP1614,Research & Development,Manufacturing Director,2,36,Female,SAP,Write,Stable,No,3,2,1,1,Travel_Rarely,Yes,3,7,2,40,Medium
EMP1614,Research & Development,Manufacturing Director,2,36,Female,SharePoint,Write,Stable,No,3,2,1,1,Travel_Rarely,Yes,3,7,2,40,Medium
EMP1614,Research & Development,Manufacturing Director,2,36,Female,ServiceNow,Write,Stable,No,3,2,1,1,Travel_Rarely,Yes,3,7,2,40,Medium
EMP1614,Research & Development,Manufacturing Director,2,36,Female,Lab Systems,Write,Stable,No,3,2,1,1,Travel_Rarely,Yes,3,7,2,40,Medium
EMP1615,Research & Development,Manufacturing Director,2,34,Male,Active Directory,Write,Stable,No,9,7,7,2,Travel_Frequently,No,3,9,3,35,Medium
EMP1615,Research & Development,Manufacturing Director,2,34,Male,SAP,Write,Stable,No,9,7,7,2,Travel_Frequently,No,3,9,3,35,Medium
EMP1615,Research & Development,Manufacturing Director,2,34,Male,SharePoint,Write,Stable,No,9,7,7,2,Travel_Frequently,No,3,9,3,35,Medium
EMP1615,Research & Development,Manufacturing Director,2,34,Male,ServiceNow,Write,Stable,No,9,7,7,2,Travel_Frequently,No,3,9,3,35,Medium
EMP1615,Research & Development,Manufacturing Director,2,34,Male,Lab Systems,Write,Stable,No,9,7,7,2,Travel_Frequently,No,3,9,3,35,Medium
EMP1617,Research & Development,Laboratory Technician,1,49,Female,Active Directory,Read,Stable,No,9,6,1,4,Travel_Rarely,No,3,10,3,20,Low
EMP1617,Research & Development,Laboratory Technician,1,49,Female,SAP,Read,Stable,No,9,6,1,4,Travel_Rarely,No,3,10,3,20,Low
EMP1617,Research & Development,Laboratory Technician,1,49,Female,SharePoint,Read,Stable,No,9,6,1,4,Travel_Rarely,No,3,10,3,20,Low
EMP1617,Research & Development,Laboratory Technician,1,49,Female,ServiceNow,Read,Stable,No,9,6,1,4,Travel_Rarely,No,3,10,3,20,Low
EMP1617,Research & Development,Laboratory Technician,1,49,Female,Lab Systems,Read,Stable,No,9,6,1,4,Travel_Rarely,No,3,10,3,20,Low
EMP1618,Research & Development,Manufacturing Director,2,39,Male,Active Directory,Write,Stable,No,7,7,7,7,Travel_Rarely,No,3,10,3,30,Medium
EMP1618,Research & Development,Manufacturing Director,2,39,Male,SAP,Write,Stable,No,7,7,7,7,Travel_Rarely,No,3,10,3,30,Medium
EMP1618,Research & Development,Manufacturing Director,2,39,Male,SharePoint,Write,Stable,No,7,7,7,7,Travel_Rarely,No,3,10,3,30,Medium
EMP1618,Research & Development,Manufacturing Director,2,39,Male,ServiceNow,Write,Stable,No,7,7,7,7,Travel_Rarely,No,3,10,3,30,Medium
EMP1618,Research & Development,Manufacturing Director,2,39,Male,Lab Systems,Write,Stable,No,7,7,7,7,Travel_Rarely,No,3,10,3,30,Medium
EMP1619,Research & Development,Laboratory Technician,1,27,Male,Active Directory,Read,Stable,No,7,7,0,7,Travel_Rarely,No,3,7,3,20,Low
EMP1619,Research & Development,Laboratory Technician,1,27,Male,SAP,Read,Stable,No,7,7,0,7,Travel_Rarely,No,3,7,3,20,Low
EMP1619,Research & Development,Laboratory Technician,1,27,Male,SharePoint,Read,Stable,No,7,7,0,7,Travel_Rarely,No,3,7,3,20,Low
EMP1619,Research & Development,Laboratory Technician,1,27,Male,ServiceNow,Read,Stable,No,7,7,0,7,Travel_Rarely,No,3,7,3,20,Low
EMP1619,Research & Development,Laboratory Technician,1,27,Male,Lab Systems,Read,Stable,No,7,7,0,7,Travel_Rarely,No,3,7,3,20,Low
EMP1621,Research & Development,Research Scientist,2,35,Male,Active Directory,Write,Stable,No,16,15,1,10,Travel_Rarely,No,3,16,2,35,Medium
EMP1621,Research & Development,Research Scientist,2,35,Male,SAP,Write,Stable,No,16,15,1,10,Travel_Rarely,No,3,16,2,35,Medium
EMP1621,Research & Development,Research Scientist,2,35,Male,SharePoint,Write,Stable,No,16,15,1,10,Travel_Rarely,No,3,16,2,35,Medium
EMP1621,Research & Development,Research Scientist,2,35,Male,ServiceNow,Write,Stable,No,16,15,1,10,Travel_Rarely,No,3,16,2,35,Medium
EMP1621,Research & Development,Research Scientist,2,35,Male,Lab Systems,Write,Stable,No,16,15,1,10,Travel_Rarely,No,3,16,2,35,Medium
EMP1622,Research & Development,Manufacturing Director,2,28,Female,Active Directory,Write,Stable,No,5,3,0,0,Travel_Rarely,No,4,6,5,30,Medium
EMP1622,Research & Development,Manufacturing Director,2,28,Female,SAP,Write,Stable,No,5,3,0,0,Travel_Rarely,No,4,6,5,30,Medium
EMP1622,Research & Development,Manufacturing Director,2,28,Female,SharePoint,Write,Stable,No,5,3,0,0,Travel_Rarely,No,4,6,5,30,Medium
EMP1622,Research & Development,Manufacturing Director,2,28,Female,ServiceNow,Write,Stable,No,5,3,0,0,Travel_Rarely,No,4,6,5,30,Medium
EMP1622,Research & Development,Manufacturing Director,2,28,Female,Lab Systems,Write,Stable,No,5,3,0,0,Travel_Rarely,No,4,6,5,30,Medium
EMP1623,Research & Development,Research Scientist,1,21,Male,Active Directory,Write,Stable,No,2,2,2,2,Travel_Rarely,No,3,3,2,20,Low
EMP1623,Research & Development,Research Scientist,1,21,Male,SAP,Write,Stable,No,2,2,2,2,Travel_Rarely,No,3,3,2,20,Low
EMP1623,Research & Development,Research Scientist,1,21,Male,SharePoint,Write,Stable,No,2,2,2,2,Travel_Rarely,No,3,3,2,20,Low
EMP1623,Research & Development,Research Scientist,1,21,Male,ServiceNow,Write,Stable,No,2,2,2,2,Travel_Rarely,No,3,3,2,20,Low
EMP1623,Research & Development,Research Scientist,1,21,Male,Lab Systems,Write,Stable,No,2,2,2,2,Travel_Rarely,No,3,3,2,20,Low
EMP1624,Sales,Sales Representative,1,18,Female,Active Directory,Read,Leaver,Yes,0,0,0,0,Travel_Frequently,Yes,3,0,2,75,Critical
EMP1624,Sales,Sales Representative,1,18,Female,Salesforce,Read,Leaver,Yes,0,0,0,0,Travel_Frequently,Yes,3,0,2,75,Critical
EMP1624,Sales,Sales Representative,1,18,Female,SharePoint,Read,Leaver,Yes,0,0,0,0,Travel_Frequently,Yes,3,0,2,75,Critical
EMP1624,Sales,Sales Representative,1,18,Female,ServiceNow,Read,Leaver,Yes,0,0,0,0,Travel_Frequently,Yes,3,0,2,75,Critical
EMP1624,Sales,Sales Representative,1,18,Female,CRM Portal,Read,Leaver,Yes,0,0,0,0,Travel_Frequently,Yes,3,0,2,75,Critical
EMP1625,Human Resources,Manager,5,47,Female,Active Directory,Write,Stable,No,5,2,1,0,Travel_Rarely,No,3,27,2,30,Medium
EMP1625,Human Resources,Manager,5,47,Female,Workday,Write,Stable,No,5,2,1,0,Travel_Rarely,No,3,27,2,30,Medium
EMP1625,Human Resources,Manager,5,47,Female,SharePoint,Write,Stable,No,5,2,1,0,Travel_Rarely,No,3,27,2,30,Medium
EMP1625,Human Resources,Manager,5,47,Female,ServiceNow,Write,Stable,No,5,2,1,0,Travel_Rarely,No,3,27,2,30,Medium
EMP1625,Human Resources,Manager,5,47,Female,HR Portal,Write,Stable,No,5,2,1,0,Travel_Rarely,No,3,27,2,30,Medium
EMP1627,Research & Development,Laboratory Technician,2,39,Male,Active Directory,Read,Stable,No,10,8,0,7,Travel_Rarely,No,3,11,3,20,Low
EMP1627,Research & Development,Laboratory Technician,2,39,Male,SAP,Read,Stable,No,10,8,0,7,Travel_Rarely,No,3,11,3,20,Low
EMP1627,Research & Development,Laboratory Technician,2,39,Male,SharePoint,Read,Stable,No,10,8,0,7,Travel_Rarely,No,3,11,3,20,Low
EMP1627,Research & Development,Laboratory Technician,2,39,Male,ServiceNow,Read,Stable,No,10,8,0,7,Travel_Rarely,No,3,11,3,20,Low
EMP1627,Research & Development,Laboratory Technician,2,39,Male,Lab Systems,Read,Stable,No,10,8,0,7,Travel_Rarely,No,3,11,3,20,Low
EMP1628,Research & Development,Manufacturing Director,3,40,Female,Active Directory,Write,Stable,No,18,15,14,12,Travel_Rarely,No,3,18,2,35,Medium
EMP1628,Research & Development,Manufacturing Director,3,40,Female,SAP,Write,Stable,No,18,15,14,12,Travel_Rarely,No,3,18,2,35,Medium
EMP1628,Research & Development,Manufacturing Director,3,40,Female,SharePoint,Write,Stable,No,18,15,14,12,Travel_Rarely,No,3,18,2,35,Medium
EMP1628,Research & Development,Manufacturing Director,3,40,Female,ServiceNow,Write,Stable,No,18,15,14,12,Travel_Rarely,No,3,18,2,35,Medium
EMP1628,Research & Development,Manufacturing Director,3,40,Female,Lab Systems,Write,Stable,No,18,15,14,12,Travel_Rarely,No,3,18,2,35,Medium
EMP1630,Research & Development,Healthcare Representative,2,35,Female,Active Directory,Read,Stable,No,14,11,2,9,Non-Travel,No,3,15,5,20,Low
EMP1630,Research & Development,Healthcare Representative,2,35,Female,SAP,Read,Stable,No,14,11,2,9,Non-Travel,No,3,15,5,20,Low
EMP1630,Research & Development,Healthcare Representative,2,35,Female,SharePoint,Read,Stable,No,14,11,2,9,Non-Travel,No,3,15,5,20,Low
EMP1630,Research & Development,Healthcare Representative,2,35,Female,ServiceNow,Read,Stable,No,14,11,2,9,Non-Travel,No,3,15,5,20,Low
EMP1630,Research & Development,Healthcare Representative,2,35,Female,Lab Systems,Read,Stable,No,14,11,2,9,Non-Travel,No,3,15,5,20,Low
EMP1631,Research & Development,Manufacturing Director,2,37,Male,Active Directory,Write,Stable,No,4,3,0,2,Travel_Rarely,No,3,9,2,20,Low
EMP1631,Research & Development,Manufacturing Director,2,37,Male,SAP,Write,Stable,No,4,3,0,2,Travel_Rarely,No,3,9,2,20,Low
EMP1631,Research & Development,Manufacturing Director,2,37,Male,SharePoint,Write,Stable,No,4,3,0,2,Travel_Rarely,No,3,9,2,20,Low
EMP1631,Research & Development,Manufacturing Director,2,37,Male,ServiceNow,Write,Stable,No,4,3,0,2,Travel_Rarely,No,3,9,2,20,Low
EMP1631,Research & Development,Manufacturing Director,2,37,Male,Lab Systems,Write,Stable,No,4,3,0,2,Travel_Rarely,No,3,9,2,20,Low
EMP1633,Research & Development,Manufacturing Director,2,39,Female,Active Directory,Write,Stable,No,9,2,3,8,Travel_Frequently,No,3,10,2,35,Medium
EMP1633,Research & Development,Manufacturing Director,2,39,Female,SAP,Write,Stable,No,9,2,3,8,Travel_Frequently,No,3,10,2,35,Medium
EMP1633,Research & Development,Manufacturing Director,2,39,Female,SharePoint,Write,Stable,No,9,2,3,8,Travel_Frequently,No,3,10,2,35,Medium
EMP1633,Research & Development,Manufacturing Director,2,39,Female,ServiceNow,Write,Stable,No,9,2,3,8,Travel_Frequently,No,3,10,2,35,Medium
EMP1633,Research & Development,Manufacturing Director,2,39,Female,Lab Systems,Write,Stable,No,9,2,3,8,Travel_Frequently,No,3,10,2,35,Medium
EMP1635,Research & Development,Manufacturing Director,2,45,Female,Active Directory,Write,Stable,No,10,7,3,9,Travel_Rarely,No,3,10,3,30,Medium
EMP1635,Research & Development,Manufacturing Director,2,45,Female,SAP,Write,Stable,No,10,7,3,9,Travel_Rarely,No,3,10,3,30,Medium
EMP1635,Research & Development,Manufacturing Director,2,45,Female,SharePoint,Write,Stable,No,10,7,3,9,Travel_Rarely,No,3,10,3,30,Medium
EMP1635,Research & Development,Manufacturing Director,2,45,Female,ServiceNow,Write,Stable,No,10,7,3,9,Travel_Rarely,No,3,10,3,30,Medium
EMP1635,Research & Development,Manufacturing Director,2,45,Female,Lab Systems,Write,Stable,No,10,7,3,9,Travel_Rarely,No,3,10,3,30,Medium
EMP1638,Research & Development,Manufacturing Director,3,38,Female,Active Directory,Write,Stable,No,5,4,0,2,Travel_Rarely,Yes,3,10,6,30,Medium
EMP1638,Research & Development,Manufacturing Director,3,38,Female,SAP,Write,Stable,No,5,4,0,2,Travel_Rarely,Yes,3,10,6,30,Medium
EMP1638,Research & Development,Manufacturing Director,3,38,Female,SharePoint,Write,Stable,No,5,4,0,2,Travel_Rarely,Yes,3,10,6,30,Medium
EMP1638,Research & Development,Manufacturing Director,3,38,Female,ServiceNow,Write,Stable,No,5,4,0,2,Travel_Rarely,Yes,3,10,6,30,Medium
EMP1638,Research & Development,Manufacturing Director,3,38,Female,Lab Systems,Write,Stable,No,5,4,0,2,Travel_Rarely,Yes,3,10,6,30,Medium
EMP1639,Sales,Sales Executive,3,35,Male,Active Directory,Write,Leaver,Yes,13,12,6,0,Travel_Rarely,No,3,15,3,85,Critical
EMP1639,Sales,Sales Executive,3,35,Male,Salesforce,Write,Leaver,Yes,13,12,6,0,Travel_Rarely,No,3,15,3,85,Critical
EMP1639,Sales,Sales Executive,3,35,Male,SharePoint,Write,Leaver,Yes,13,12,6,0,Travel_Rarely,No,3,15,3,85,Critical
EMP1639,Sales,Sales Executive,3,35,Male,ServiceNow,Write,Leaver,Yes,13,12,6,0,Travel_Rarely,No,3,15,3,85,Critical
EMP1639,Sales,Sales Executive,3,35,Male,CRM Portal,Write,Leaver,Yes,13,12,6,0,Travel_Rarely,No,3,15,3,85,Critical
EMP1640,Research & Development,Research Scientist,1,37,Female,Active Directory,Write,Stable,No,8,4,7,7,Travel_Rarely,No,3,8,2,30,Medium
EMP1640,Research & Development,Research Scientist,1,37,Female,SAP,Write,Stable,No,8,4,7,7,Travel_Rarely,No,3,8,2,30,Medium
EMP1640,Research & Development,Research Scientist,1,37,Female,SharePoint,Write,Stable,No,8,4,7,7,Travel_Rarely,No,3,8,2,30,Medium
EMP1640,Research & Development,Research Scientist,1,37,Female,ServiceNow,Write,Stable,No,8,4,7,7,Travel_Rarely,No,3,8,2,30,Medium
EMP1640,Research & Development,Research Scientist,1,37,Female,Lab Systems,Write,Stable,No,8,4,7,7,Travel_Rarely,No,3,8,2,30,Medium
EMP1641,Research & Development,Manufacturing Director,3,40,Female,Active Directory,Write,Stable,No,4,2,3,3,Travel_Rarely,Yes,3,18,2,30,Medium
EMP1641,Research & Development,Manufacturing Director,3,40,Female,SAP,Write,Stable,No,4,2,3,3,Travel_Rarely,Yes,3,18,2,30,Medium
EMP1641,Research & Development,Manufacturing Director,3,40,Female,SharePoint,Write,Stable,No,4,2,3,3,Travel_Rarely,Yes,3,18,2,30,Medium
EMP1641,Research & Development,Manufacturing Director,3,40,Female,ServiceNow,Write,Stable,No,4,2,3,3,Travel_Rarely,Yes,3,18,2,30,Medium
EMP1641,Research & Development,Manufacturing Director,3,40,Female,Lab Systems,Write,Stable,No,4,2,3,3,Travel_Rarely,Yes,3,18,2,30,Medium
EMP1642,Human Resources,Human Resources,2,44,Male,Active Directory,Read,Stable,No,10,7,0,2,Travel_Frequently,Yes,3,14,3,35,Medium
EMP1642,Human Resources,Human Resources,2,44,Male,Workday,Read,Stable,No,10,7,0,2,Travel_Frequently,Yes,3,14,3,35,Medium
EMP1642,Human Resources,Human Resources,2,44,Male,SharePoint,Read,Stable,No,10,7,0,2,Travel_Frequently,Yes,3,14,3,35,Medium
EMP1642,Human Resources,Human Resources,2,44,Male,ServiceNow,Read,Stable,No,10,7,0,2,Travel_Frequently,Yes,3,14,3,35,Medium
EMP1642,Human Resources,Human Resources,2,44,Male,HR Portal,Read,Stable,No,10,7,0,2,Travel_Frequently,Yes,3,14,3,35,Medium
EMP1644,Research & Development,Manager,4,48,Male,Active Directory,Write,Stable,No,2,2,2,2,Travel_Frequently,No,4,23,3,25,Low
EMP1644,Research & Development,Manager,4,48,Male,SAP,Write,Stable,No,2,2,2,2,Travel_Frequently,No,4,23,3,25,Low
EMP1644,Research & Development,Manager,4,48,Male,SharePoint,Write,Stable,No,2,2,2,2,Travel_Frequently,No,4,23,3,25,Low
EMP1644,Research & Development,Manager,4,48,Male,ServiceNow,Write,Stable,No,2,2,2,2,Travel_Frequently,No,4,23,3,25,Low
EMP1644,Research & Development,Manager,4,48,Male,Lab Systems,Write,Stable,No,2,2,2,2,Travel_Frequently,No,4,23,3,25,Low
EMP1645,Sales,Sales Executive,2,35,Male,Active Directory,Write,Leaver,Yes,2,2,2,2,Travel_Rarely,Yes,3,7,2,70,Critical
EMP1645,Sales,Sales Executive,2,35,Male,Salesforce,Write,Leaver,Yes,2,2,2,2,Travel_Rarely,Yes,3,7,2,70,Critical
EMP1645,Sales,Sales Executive,2,35,Male,SharePoint,Write,Leaver,Yes,2,2,2,2,Travel_Rarely,Yes,3,7,2,70,Critical
EMP1645,Sales,Sales Executive,2,35,Male,ServiceNow,Write,Leaver,Yes,2,2,2,2,Travel_Rarely,Yes,3,7,2,70,Critical
EMP1645,Sales,Sales Executive,2,35,Male,CRM Portal,Write,Leaver,Yes,2,2,2,2,Travel_Rarely,Yes,3,7,2,70,Critical
EMP1646,Research & Development,Research Scientist,1,24,Female,Active Directory,Write,Stable,No,6,3,1,3,Travel_Frequently,Yes,3,6,2,45,Medium
EMP1646,Research & Development,Research Scientist,1,24,Female,SAP,Write,Stable,No,6,3,1,3,Travel_Frequently,Yes,3,6,2,45,Medium
EMP1646,Research & Development,Research Scientist,1,24,Female,SharePoint,Write,Stable,No,6,3,1,3,Travel_Frequently,Yes,3,6,2,45,Medium
EMP1646,Research & Development,Research Scientist,1,24,Female,ServiceNow,Write,Stable,No,6,3,1,3,Travel_Frequently,Yes,3,6,2,45,Medium
EMP1646,Research & Development,Research Scientist,1,24,Female,Lab Systems,Write,Stable,No,6,3,1,3,Travel_Frequently,Yes,3,6,2,45,Medium
EMP1647,Research & Development,Research Scientist,1,27,Female,Active Directory,Write,Stable,No,3,2,0,2,Travel_Rarely,No,3,5,0,20,Low
EMP1647,Research & Development,Research Scientist,1,27,Female,SAP,Write,Stable,No,3,2,0,2,Travel_Rarely,No,3,5,0,20,Low
EMP1647,Research & Development,Research Scientist,1,27,Female,SharePoint,Write,Stable,No,3,2,0,2,Travel_Rarely,No,3,5,0,20,Low
EMP1647,Research & Development,Research Scientist,1,27,Female,ServiceNow,Write,Stable,No,3,2,0,2,Travel_Rarely,No,3,5,0,20,Low
EMP1647,Research & Development,Research Scientist,1,27,Female,Lab Systems,Write,Stable,No,3,2,0,2,Travel_Rarely,No,3,5,0,20,Low
EMP1648,Research & Development,Research Scientist,1,27,Male,Active Directory,Write,Stable,No,4,2,1,2,Travel_Frequently,No,3,6,0,25,Low
EMP1648,Research & Development,Research Scientist,1,27,Male,SAP,Write,Stable,No,4,2,1,2,Travel_Frequently,No,3,6,0,25,Low
EMP1648,Research & Development,Research Scientist,1,27,Male,SharePoint,Write,Stable,No,4,2,1,2,Travel_Frequently,No,3,6,0,25,Low
EMP1648,Research & Development,Research Scientist,1,27,Male,ServiceNow,Write,Stable,No,4,2,1,2,Travel_Frequently,No,3,6,0,25,Low
EMP1648,Research & Development,Research Scientist,1,27,Male,Lab Systems,Write,Stable,No,4,2,1,2,Travel_Frequently,No,3,6,0,25,Low
EMP1649,Research & Development,Laboratory Technician,1,40,Male,Active Directory,Read,Leaver,Yes,4,2,0,3,Travel_Rarely,Yes,3,10,3,60,High
EMP1649,Research & Development,Laboratory Technician,1,40,Male,SAP,Read,Leaver,Yes,4,2,0,3,Travel_Rarely,Yes,3,10,3,60,High
EMP1649,Research & Development,Laboratory Technician,1,40,Male,SharePoint,Read,Leaver,Yes,4,2,0,3,Travel_Rarely,Yes,3,10,3,60,High
EMP1649,Research & Development,Laboratory Technician,1,40,Male,ServiceNow,Read,Leaver,Yes,4,2,0,3,Travel_Rarely,Yes,3,10,3,60,High
EMP1649,Research & Development,Laboratory Technician,1,40,Male,Lab Systems,Read,Leaver,Yes,4,2,0,3,Travel_Rarely,Yes,3,10,3,60,High
EMP1650,Sales,Sales Executive,2,29,Male,Active Directory,Write,Stable,No,5,2,1,4,Travel_Rarely,No,3,8,2,20,Low
EMP1650,Sales,Sales Executive,2,29,Male,Salesforce,Write,Stable,No,5,2,1,4,Travel_Rarely,No,3,8,2,20,Low
EMP1650,Sales,Sales Executive,2,29,Male,SharePoint,Write,Stable,No,5,2,1,4,Travel_Rarely,No,3,8,2,20,Low
EMP1650,Sales,Sales Executive,2,29,Male,ServiceNow,Write,Stable,No,5,2,1,4,Travel_Rarely,No,3,8,2,20,Low
EMP1650,Sales,Sales Executive,2,29,Male,CRM Portal,Write,Stable,No,5,2,1,4,Travel_Rarely,No,3,8,2,20,Low
EMP1651,Research & Development,Healthcare Representative,3,36,Female,Active Directory,Read,Stable,No,3,2,0,2,Travel_Rarely,No,3,9,6,10,Low
EMP1651,Research & Development,Healthcare Representative,3,36,Female,SAP,Read,Stable,No,3,2,0,2,Travel_Rarely,No,3,9,6,10,Low
EMP1651,Research & Development,Healthcare Representative,3,36,Female,SharePoint,Read,Stable,No,3,2,0,2,Travel_Rarely,No,3,9,6,10,Low
EMP1651,Research & Development,Healthcare Representative,3,36,Female,ServiceNow,Read,Stable,No,3,2,0,2,Travel_Rarely,No,3,9,6,10,Low
EMP1651,Research & Development,Healthcare Representative,3,36,Female,Lab Systems,Read,Stable,No,3,2,0,2,Travel_Rarely,No,3,9,6,10,Low
EMP1653,Research & Development,Manufacturing Director,2,25,Male,Active Directory,Write,Stable,No,7,7,0,7,Travel_Frequently,No,3,7,6,35,Medium
EMP1653,Research & Development,Manufacturing Director,2,25,Male,SAP,Write,Stable,No,7,7,0,7,Travel_Frequently,No,3,7,6,35,Medium
EMP1653,Research & Development,Manufacturing Director,2,25,Male,SharePoint,Write,Stable,No,7,7,0,7,Travel_Frequently,No,3,7,6,35,Medium
EMP1653,Research & Development,Manufacturing Director,2,25,Male,ServiceNow,Write,Stable,No,7,7,0,7,Travel_Frequently,No,3,7,6,35,Medium
EMP1653,Research & Development,Manufacturing Director,2,25,Male,Lab Systems,Write,Stable,No,7,7,0,7,Travel_Frequently,No,3,7,6,35,Medium
EMP1654,Research & Development,Manufacturing Director,2,39,Male,Active Directory,Write,Stable,No,5,4,1,0,Travel_Rarely,No,4,7,3,30,Medium
EMP1654,Research & Development,Manufacturing Director,2,39,Male,SAP,Write,Stable,No,5,4,1,0,Travel_Rarely,No,4,7,3,30,Medium
EMP1654,Research & Development,Manufacturing Director,2,39,Male,SharePoint,Write,Stable,No,5,4,1,0,Travel_Rarely,No,4,7,3,30,Medium
EMP1654,Research & Development,Manufacturing Director,2,39,Male,ServiceNow,Write,Stable,No,5,4,1,0,Travel_Rarely,No,4,7,3,30,Medium
EMP1654,Research & Development,Manufacturing Director,2,39,Male,Lab Systems,Write,Stable,No,5,4,1,0,Travel_Rarely,No,4,7,3,30,Medium
EMP1655,Research & Development,Research Director,4,49,Female,Active Directory,Admin,Stable,No,4,2,1,2,Travel_Rarely,No,3,27,2,35,Medium
EMP1655,Research & Development,Research Director,4,49,Female,SAP,Admin,Stable,No,4,2,1,2,Travel_Rarely,No,3,27,2,35,Medium
EMP1655,Research & Development,Research Director,4,49,Female,SharePoint,Admin,Stable,No,4,2,1,2,Travel_Rarely,No,3,27,2,35,Medium
EMP1655,Research & Development,Research Director,4,49,Female,ServiceNow,Admin,Stable,No,4,2,1,2,Travel_Rarely,No,3,27,2,35,Medium
EMP1655,Research & Development,Research Director,4,49,Female,Lab Systems,Admin,Stable,No,4,2,1,2,Travel_Rarely,No,3,27,2,35,Medium
EMP1656,Research & Development,Research Director,3,50,Female,Active Directory,Admin,Stable,No,14,11,1,11,Travel_Rarely,No,3,19,3,50,High
EMP1656,Research & Development,Research Director,3,50,Female,SAP,Admin,Stable,No,14,11,1,11,Travel_Rarely,No,3,19,3,50,High
EMP1656,Research & Development,Research Director,3,50,Female,SharePoint,Admin,Stable,No,14,11,1,11,Travel_Rarely,No,3,19,3,50,High
EMP1656,Research & Development,Research Director,3,50,Female,ServiceNow,Admin,Stable,No,14,11,1,11,Travel_Rarely,No,3,19,3,50,High
EMP1656,Research & Development,Research Director,3,50,Female,Lab Systems,Admin,Stable,No,14,11,1,11,Travel_Rarely,No,3,19,3,50,High
EMP1657,Sales,Sales Representative,1,20,Female,Active Directory,Read,Stable,No,2,2,2,2,Travel_Rarely,No,3,2,3,10,Low
EMP1657,Sales,Sales Representative,1,20,Female,Salesforce,Read,Stable,No,2,2,2,2,Travel_Rarely,No,3,2,3,10,Low
EMP1657,Sales,Sales Representative,1,20,Female,SharePoint,Read,Stable,No,2,2,2,2,Travel_Rarely,No,3,2,3,10,Low
EMP1657,Sales,Sales Representative,1,20,Female,ServiceNow,Read,Stable,No,2,2,2,2,Travel_Rarely,No,3,2,3,10,Low
EMP1657,Sales,Sales Representative,1,20,Female,CRM Portal,Read,Stable,No,2,2,2,2,Travel_Rarely,No,3,2,3,10,Low
EMP1658,Research & Development,Research Scientist,2,34,Female,Active Directory,Write,Stable,No,11,8,7,9,Travel_Rarely,No,3,11,2,35,Medium
EMP1658,Research & Development,Research Scientist,2,34,Female,SAP,Write,Stable,No,11,8,7,9,Travel_Rarely,No,3,11,2,35,Medium
EMP1658,Research & Development,Research Scientist,2,34,Female,SharePoint,Write,Stable,No,11,8,7,9,Travel_Rarely,No,3,11,2,35,Medium
EMP1658,Research & Development,Research Scientist,2,34,Female,ServiceNow,Write,Stable,No,11,8,7,9,Travel_Rarely,No,3,11,2,35,Medium
EMP1658,Research & Development,Research Scientist,2,34,Female,Lab Systems,Write,Stable,No,11,8,7,9,Travel_Rarely,No,3,11,2,35,Medium
EMP1659,Research & Development,Laboratory Technician,1,36,Male,Active Directory,Read,Stable,No,4,3,1,3,Travel_Rarely,No,3,15,4,10,Low
EMP1659,Research & Development,Laboratory Technician,1,36,Male,SAP,Read,Stable,No,4,3,1,3,Travel_Rarely,No,3,15,4,10,Low
EMP1659,Research & Development,Laboratory Technician,1,36,Male,SharePoint,Read,Stable,No,4,3,1,3,Travel_Rarely,No,3,15,4,10,Low
EMP1659,Research & Development,Laboratory Technician,1,36,Male,ServiceNow,Read,Stable,No,4,3,1,3,Travel_Rarely,No,3,15,4,10,Low
EMP1659,Research & Development,Laboratory Technician,1,36,Male,Lab Systems,Read,Stable,No,4,3,1,3,Travel_Rarely,No,3,15,4,10,Low
EMP1661,Research & Development,Healthcare Representative,4,49,Female,Active Directory,Read,Stable,No,15,11,2,12,Travel_Rarely,Yes,3,30,3,35,Medium
EMP1661,Research & Development,Healthcare Representative,4,49,Female,SAP,Read,Stable,No,15,11,2,12,Travel_Rarely,Yes,3,30,3,35,Medium
EMP1661,Research & Development,Healthcare Representative,4,49,Female,SharePoint,Read,Stable,No,15,11,2,12,Travel_Rarely,Yes,3,30,3,35,Medium
EMP1661,Research & Development,Healthcare Representative,4,49,Female,ServiceNow,Read,Stable,No,15,11,2,12,Travel_Rarely,Yes,3,30,3,35,Medium
EMP1661,Research & Development,Healthcare Representative,4,49,Female,Lab Systems,Read,Stable,No,15,11,2,12,Travel_Rarely,Yes,3,30,3,35,Medium
EMP1662,Research & Development,Manufacturing Director,2,36,Female,Active Directory,Write,Stable,No,3,2,1,2,Non-Travel,No,3,4,6,15,Low
EMP1662,Research & Development,Manufacturing Director,2,36,Female,SAP,Write,Stable,No,3,2,1,2,Non-Travel,No,3,4,6,15,Low
EMP1662,Research & Development,Manufacturing Director,2,36,Female,SharePoint,Write,Stable,No,3,2,1,2,Non-Travel,No,3,4,6,15,Low
EMP1662,Research & Development,Manufacturing Director,2,36,Female,ServiceNow,Write,Stable,No,3,2,1,2,Non-Travel,No,3,4,6,15,Low
EMP1662,Research & Development,Manufacturing Director,2,36,Female,Lab Systems,Write,Stable,No,3,2,1,2,Non-Travel,No,3,4,6,15,Low
EMP1664,Research & Development,Healthcare Representative,2,36,Male,Active Directory,Read,Stable,No,5,4,0,4,Travel_Rarely,No,4,13,3,10,Low
EMP1664,Research & Development,Healthcare Representative,2,36,Male,SAP,Read,Stable,No,5,4,0,4,Travel_Rarely,No,4,13,3,10,Low
EMP1664,Research & Development,Healthcare Representative,2,36,Male,SharePoint,Read,Stable,No,5,4,0,4,Travel_Rarely,No,4,13,3,10,Low
EMP1664,Research & Development,Healthcare Representative,2,36,Male,ServiceNow,Read,Stable,No,5,4,0,4,Travel_Rarely,No,4,13,3,10,Low
EMP1664,Research & Development,Healthcare Representative,2,36,Male,Lab Systems,Read,Stable,No,5,4,0,4,Travel_Rarely,No,4,13,3,10,Low
EMP1665,Research & Development,Manager,4,54,Female,Active Directory,Write,Stable,No,10,8,4,7,Travel_Rarely,No,4,36,6,30,Medium
EMP1665,Research & Development,Manager,4,54,Female,SAP,Write,Stable,No,10,8,4,7,Travel_Rarely,No,4,36,6,30,Medium
EMP1665,Research & Development,Manager,4,54,Female,SharePoint,Write,Stable,No,10,8,4,7,Travel_Rarely,No,4,36,6,30,Medium
EMP1665,Research & Development,Manager,4,54,Female,ServiceNow,Write,Stable,No,10,8,4,7,Travel_Rarely,No,4,36,6,30,Medium
EMP1665,Research & Development,Manager,4,54,Female,Lab Systems,Write,Stable,No,10,8,4,7,Travel_Rarely,No,4,36,6,30,Medium
EMP1666,Research & Development,Research Director,4,43,Male,Active Directory,Admin,Stable,No,14,10,6,11,Travel_Rarely,No,4,14,3,50,High
EMP1666,Research & Development,Research Director,4,43,Male,SAP,Admin,Stable,No,14,10,6,11,Travel_Rarely,No,4,14,3,50,High
EMP1666,Research & Development,Research Director,4,43,Male,SharePoint,Admin,Stable,No,14,10,6,11,Travel_Rarely,No,4,14,3,50,High
EMP1666,Research & Development,Research Director,4,43,Male,ServiceNow,Admin,Stable,No,14,10,6,11,Travel_Rarely,No,4,14,3,50,High
EMP1666,Research & Development,Research Director,4,43,Male,Lab Systems,Admin,Stable,No,14,10,6,11,Travel_Rarely,No,4,14,3,50,High
EMP1667,Sales,Sales Executive,2,35,Male,Active Directory,Write,Leaver,Yes,11,9,6,7,Travel_Frequently,Yes,4,13,2,90,Critical
EMP1667,Sales,Sales Executive,2,35,Male,Salesforce,Write,Leaver,Yes,11,9,6,7,Travel_Frequently,Yes,4,13,2,90,Critical
EMP1667,Sales,Sales Executive,2,35,Male,SharePoint,Write,Leaver,Yes,11,9,6,7,Travel_Frequently,Yes,4,13,2,90,Critical
EMP1667,Sales,Sales Executive,2,35,Male,ServiceNow,Write,Leaver,Yes,11,9,6,7,Travel_Frequently,Yes,4,13,2,90,Critical
EMP1667,Sales,Sales Executive,2,35,Male,CRM Portal,Write,Leaver,Yes,11,9,6,7,Travel_Frequently,Yes,4,13,2,90,Critical
EMP1668,Research & Development,Research Scientist,2,38,Male,Active Directory,Write,Stable,No,13,11,2,9,Travel_Frequently,No,3,19,4,40,Medium
EMP1668,Research & Development,Research Scientist,2,38,Male,SAP,Write,Stable,No,13,11,2,9,Travel_Frequently,No,3,19,4,40,Medium
EMP1668,Research & Development,Research Scientist,2,38,Male,SharePoint,Write,Stable,No,13,11,2,9,Travel_Frequently,No,3,19,4,40,Medium
EMP1668,Research & Development,Research Scientist,2,38,Male,ServiceNow,Write,Stable,No,13,11,2,9,Travel_Frequently,No,3,19,4,40,Medium
EMP1668,Research & Development,Research Scientist,2,38,Male,Lab Systems,Write,Stable,No,13,11,2,9,Travel_Frequently,No,3,19,4,40,Medium
EMP1669,Sales,Sales Executive,2,29,Male,Active Directory,Write,Mover,No,10,0,0,9,Travel_Rarely,Yes,3,10,3,60,High
EMP1669,Sales,Sales Executive,2,29,Male,Salesforce,Write,Mover,No,10,0,0,9,Travel_Rarely,Yes,3,10,3,60,High
EMP1669,Sales,Sales Executive,2,29,Male,SharePoint,Write,Mover,No,10,0,0,9,Travel_Rarely,Yes,3,10,3,60,High
EMP1669,Sales,Sales Executive,2,29,Male,ServiceNow,Write,Mover,No,10,0,0,9,Travel_Rarely,Yes,3,10,3,60,High
EMP1669,Sales,Sales Executive,2,29,Male,CRM Portal,Write,Mover,No,10,0,0,9,Travel_Rarely,Yes,3,10,3,60,High
EMP1670,Sales,Sales Executive,2,33,Male,Active Directory,Write,Stable,No,6,2,0,4,Travel_Rarely,No,3,6,5,30,Medium
EMP1670,Sales,Sales Executive,2,33,Male,Salesforce,Write,Stable,No,6,2,0,4,Travel_Rarely,No,3,6,5,30,Medium
EMP1670,Sales,Sales Executive,2,33,Male,SharePoint,Write,Stable,No,6,2,0,4,Travel_Rarely,No,3,6,5,30,Medium
EMP1670,Sales,Sales Executive,2,33,Male,ServiceNow,Write,Stable,No,6,2,0,4,Travel_Rarely,No,3,6,5,30,Medium
EMP1670,Sales,Sales Executive,2,33,Male,CRM Portal,Write,Stable,No,6,2,0,4,Travel_Rarely,No,3,6,5,30,Medium
EMP1671,Research & Development,Research Scientist,2,32,Male,Active Directory,Write,Stable,No,9,5,1,6,Travel_Rarely,No,3,10,4,30,Medium
EMP1671,Research & Development,Research Scientist,2,32,Male,SAP,Write,Stable,No,9,5,1,6,Travel_Rarely,No,3,10,4,30,Medium
EMP1671,Research & Development,Research Scientist,2,32,Male,SharePoint,Write,Stable,No,9,5,1,6,Travel_Rarely,No,3,10,4,30,Medium
EMP1671,Research & Development,Research Scientist,2,32,Male,ServiceNow,Write,Stable,No,9,5,1,6,Travel_Rarely,No,3,10,4,30,Medium
EMP1671,Research & Development,Research Scientist,2,32,Male,Lab Systems,Write,Stable,No,9,5,1,6,Travel_Rarely,No,3,10,4,30,Medium
EMP1673,Sales,Sales Executive,2,31,Female,Active Directory,Write,Mover,No,10,0,0,2,Travel_Rarely,No,3,10,2,50,High
EMP1673,Sales,Sales Executive,2,31,Female,Salesforce,Write,Mover,No,10,0,0,2,Travel_Rarely,No,3,10,2,50,High
EMP1673,Sales,Sales Executive,2,31,Female,SharePoint,Write,Mover,No,10,0,0,2,Travel_Rarely,No,3,10,2,50,High
EMP1673,Sales,Sales Executive,2,31,Female,ServiceNow,Write,Mover,No,10,0,0,2,Travel_Rarely,No,3,10,2,50,High
EMP1673,Sales,Sales Executive,2,31,Female,CRM Portal,Write,Mover,No,10,0,0,2,Travel_Rarely,No,3,10,2,50,High
EMP1674,Research & Development,Laboratory Technician,1,49,Female,Active Directory,Read,Stable,No,2,2,2,2,Travel_Rarely,Yes,3,17,2,20,Low
EMP1674,Research & Development,Laboratory Technician,1,49,Female,SAP,Read,Stable,No,2,2,2,2,Travel_Rarely,Yes,3,17,2,20,Low
EMP1674,Research & Development,Laboratory Technician,1,49,Female,SharePoint,Read,Stable,No,2,2,2,2,Travel_Rarely,Yes,3,17,2,20,Low
EMP1674,Research & Development,Laboratory Technician,1,49,Female,ServiceNow,Read,Stable,No,2,2,2,2,Travel_Rarely,Yes,3,17,2,20,Low
EMP1674,Research & Development,Laboratory Technician,1,49,Female,Lab Systems,Read,Stable,No,2,2,2,2,Travel_Rarely,Yes,3,17,2,20,Low
EMP1675,Research & Development,Laboratory Technician,1,38,Female,Active Directory,Read,Stable,No,4,3,3,3,Travel_Frequently,No,4,4,3,15,Low
EMP1675,Research & Development,Laboratory Technician,1,38,Female,SAP,Read,Stable,No,4,3,3,3,Travel_Frequently,No,4,4,3,15,Low
EMP1675,Research & Development,Laboratory Technician,1,38,Female,SharePoint,Read,Stable,No,4,3,3,3,Travel_Frequently,No,4,4,3,15,Low
EMP1675,Research & Development,Laboratory Technician,1,38,Female,ServiceNow,Read,Stable,No,4,3,3,3,Travel_Frequently,No,4,4,3,15,Low
EMP1675,Research & Development,Laboratory Technician,1,38,Female,Lab Systems,Read,Stable,No,4,3,3,3,Travel_Frequently,No,4,4,3,15,Low
EMP1676,Sales,Manager,4,47,Female,Active Directory,Write,Stable,No,3,2,1,2,Travel_Rarely,No,3,29,2,20,Low
EMP1676,Sales,Manager,4,47,Female,Salesforce,Write,Stable,No,3,2,1,2,Travel_Rarely,No,3,29,2,20,Low
EMP1676,Sales,Manager,4,47,Female,SharePoint,Write,Stable,No,3,2,1,2,Travel_Rarely,No,3,29,2,20,Low
EMP1676,Sales,Manager,4,47,Female,ServiceNow,Write,Stable,No,3,2,1,2,Travel_Rarely,No,3,29,2,20,Low
EMP1676,Sales,Manager,4,47,Female,CRM Portal,Write,Stable,No,3,2,1,2,Travel_Rarely,No,3,29,2,20,Low
EMP1677,Research & Development,Manager,4,49,Male,Active Directory,Write,Stable,No,8,7,0,0,Travel_Rarely,No,3,23,2,40,Medium
EMP1677,Research & Development,Manager,4,49,Male,SAP,Write,Stable,No,8,7,0,0,Travel_Rarely,No,3,23,2,40,Medium
EMP1677,Research & Development,Manager,4,49,Male,SharePoint,Write,Stable,No,8,7,0,0,Travel_Rarely,No,3,23,2,40,Medium
EMP1677,Research & Development,Manager,4,49,Male,ServiceNow,Write,Stable,No,8,7,0,0,Travel_Rarely,No,3,23,2,40,Medium
EMP1677,Research & Development,Manager,4,49,Male,Lab Systems,Write,Stable,No,8,7,0,0,Travel_Rarely,No,3,23,2,40,Medium
EMP1678,Sales,Sales Executive,3,41,Male,Active Directory,Write,Mover,No,2,0,0,2,Travel_Rarely,Yes,3,21,2,50,High
EMP1678,Sales,Sales Executive,3,41,Male,Salesforce,Write,Mover,No,2,0,0,2,Travel_Rarely,Yes,3,21,2,50,High
EMP1678,Sales,Sales Executive,3,41,Male,SharePoint,Write,Mover,No,2,0,0,2,Travel_Rarely,Yes,3,21,2,50,High
EMP1678,Sales,Sales Executive,3,41,Male,ServiceNow,Write,Mover,No,2,0,0,2,Travel_Rarely,Yes,3,21,2,50,High
EMP1678,Sales,Sales Executive,3,41,Male,CRM Portal,Write,Mover,No,2,0,0,2,Travel_Rarely,Yes,3,21,2,50,High
EMP1680,Sales,Sales Representative,1,20,Male,Active Directory,Read,Stable,No,2,2,0,2,Travel_Rarely,No,3,2,3,10,Low
EMP1680,Sales,Sales Representative,1,20,Male,Salesforce,Read,Stable,No,2,2,0,2,Travel_Rarely,No,3,2,3,10,Low
EMP1680,Sales,Sales Representative,1,20,Male,SharePoint,Read,Stable,No,2,2,0,2,Travel_Rarely,No,3,2,3,10,Low
EMP1680,Sales,Sales Representative,1,20,Male,ServiceNow,Read,Stable,No,2,2,0,2,Travel_Rarely,No,3,2,3,10,Low
EMP1680,Sales,Sales Representative,1,20,Male,CRM Portal,Read,Stable,No,2,2,0,2,Travel_Rarely,No,3,2,3,10,Low
EMP1681,Sales,Sales Executive,2,33,Female,Active Directory,Write,Stable,No,6,5,1,2,Non-Travel,Yes,4,7,2,35,Medium
EMP1681,Sales,Sales Executive,2,33,Female,Salesforce,Write,Stable,No,6,5,1,2,Non-Travel,Yes,4,7,2,35,Medium
EMP1681,Sales,Sales Executive,2,33,Female,SharePoint,Write,Stable,No,6,5,1,2,Non-Travel,Yes,4,7,2,35,Medium
EMP1681,Sales,Sales Executive,2,33,Female,ServiceNow,Write,Stable,No,6,5,1,2,Non-Travel,Yes,4,7,2,35,Medium
EMP1681,Sales,Sales Executive,2,33,Female,CRM Portal,Write,Stable,No,6,5,1,2,Non-Travel,Yes,4,7,2,35,Medium
EMP1682,Research & Development,Healthcare Representative,2,36,Male,Active Directory,Read,Stable,No,3,2,0,2,Travel_Rarely,No,3,10,2,10,Low
EMP1682,Research & Development,Healthcare Representative,2,36,Male,SAP,Read,Stable,No,3,2,0,2,Travel_Rarely,No,3,10,2,10,Low
EMP1682,Research & Development,Healthcare Representative,2,36,Male,SharePoint,Read,Stable,No,3,2,0,2,Travel_Rarely,No,3,10,2,10,Low
EMP1682,Research & Development,Healthcare Representative,2,36,Male,ServiceNow,Read,Stable,No,3,2,0,2,Travel_Rarely,No,3,10,2,10,Low
EMP1682,Research & Development,Healthcare Representative,2,36,Male,Lab Systems,Read,Stable,No,3,2,0,2,Travel_Rarely,No,3,10,2,10,Low
EMP1683,Human Resources,Human Resources,1,44,Female,Active Directory,Read,Stable,No,2,2,2,2,Travel_Rarely,Yes,3,8,2,20,Low
EMP1683,Human Resources,Human Resources,1,44,Female,Workday,Read,Stable,No,2,2,2,2,Travel_Rarely,Yes,3,8,2,20,Low
EMP1683,Human Resources,Human Resources,1,44,Female,SharePoint,Read,Stable,No,2,2,2,2,Travel_Rarely,Yes,3,8,2,20,Low
EMP1683,Human Resources,Human Resources,1,44,Female,ServiceNow,Read,Stable,No,2,2,2,2,Travel_Rarely,Yes,3,8,2,20,Low
EMP1683,Human Resources,Human Resources,1,44,Female,HR Portal,Read,Stable,No,2,2,2,2,Travel_Rarely,Yes,3,8,2,20,Low
EMP1684,Research & Development,Laboratory Technician,1,23,Male,Active Directory,Read,Leaver,Yes,5,4,1,2,Travel_Rarely,Yes,3,5,2,60,High
EMP1684,Research & Development,Laboratory Technician,1,23,Male,SAP,Read,Leaver,Yes,5,4,1,2,Travel_Rarely,Yes,3,5,2,60,High
EMP1684,Research & Development,Laboratory Technician,1,23,Male,SharePoint,Read,Leaver,Yes,5,4,1,2,Travel_Rarely,Yes,3,5,2,60,High
EMP1684,Research & Development,Laboratory Technician,1,23,Male,ServiceNow,Read,Leaver,Yes,5,4,1,2,Travel_Rarely,Yes,3,5,2,60,High
EMP1684,Research & Development,Laboratory Technician,1,23,Male,Lab Systems,Read,Leaver,Yes,5,4,1,2,Travel_Rarely,Yes,3,5,2,60,High
EMP1687,Research & Development,Laboratory Technician,1,38,Female,Active Directory,Read,Mover,No,0,0,0,0,Travel_Rarely,No,3,7,5,40,Medium
EMP1687,Research & Development,Laboratory Technician,1,38,Female,SAP,Read,Mover,No,0,0,0,0,Travel_Rarely,No,3,7,5,40,Medium
EMP1687,Research & Development,Laboratory Technician,1,38,Female,SharePoint,Read,Mover,No,0,0,0,0,Travel_Rarely,No,3,7,5,40,Medium
EMP1687,Research & Development,Laboratory Technician,1,38,Female,ServiceNow,Read,Mover,No,0,0,0,0,Travel_Rarely,No,3,7,5,40,Medium
EMP1687,Research & Development,Laboratory Technician,1,38,Female,Lab Systems,Read,Mover,No,0,0,0,0,Travel_Rarely,No,3,7,5,40,Medium
EMP1689,Research & Development,Healthcare Representative,3,53,Male,Active Directory,Read,Stable,No,4,3,1,2,Travel_Rarely,No,3,11,2,10,Low
EMP1689,Research & Development,Healthcare Representative,3,53,Male,SAP,Read,Stable,No,4,3,1,2,Travel_Rarely,No,3,11,2,10,Low
EMP1689,Research & Development,Healthcare Representative,3,53,Male,SharePoint,Read,Stable,No,4,3,1,2,Travel_Rarely,No,3,11,2,10,Low
EMP1689,Research & Development,Healthcare Representative,3,53,Male,ServiceNow,Read,Stable,No,4,3,1,2,Travel_Rarely,No,3,11,2,10,Low
EMP1689,Research & Development,Healthcare Representative,3,53,Male,Lab Systems,Read,Stable,No,4,3,1,2,Travel_Rarely,No,3,11,2,10,Low
EMP1691,Sales,Sales Representative,1,48,Female,Active Directory,Read,Leaver,Yes,9,7,7,7,Travel_Frequently,Yes,3,19,3,75,Critical
EMP1691,Sales,Sales Representative,1,48,Female,Salesforce,Read,Leaver,Yes,9,7,7,7,Travel_Frequently,Yes,3,19,3,75,Critical
EMP1691,Sales,Sales Representative,1,48,Female,SharePoint,Read,Leaver,Yes,9,7,7,7,Travel_Frequently,Yes,3,19,3,75,Critical
EMP1691,Sales,Sales Representative,1,48,Female,ServiceNow,Read,Leaver,Yes,9,7,7,7,Travel_Frequently,Yes,3,19,3,75,Critical
EMP1691,Sales,Sales Representative,1,48,Female,CRM Portal,Read,Leaver,Yes,9,7,7,7,Travel_Frequently,Yes,3,19,3,75,Critical
EMP1692,Research & Development,Laboratory Technician,1,32,Male,Active Directory,Read,Leaver,Yes,1,0,0,0,Travel_Rarely,No,3,1,2,60,High
EMP1692,Research & Development,Laboratory Technician,1,32,Male,SAP,Read,Leaver,Yes,1,0,0,0,Travel_Rarely,No,3,1,2,60,High
EMP1692,Research & Development,Laboratory Technician,1,32,Male,SharePoint,Read,Leaver,Yes,1,0,0,0,Travel_Rarely,No,3,1,2,60,High
EMP1692,Research & Development,Laboratory Technician,1,32,Male,ServiceNow,Read,Leaver,Yes,1,0,0,0,Travel_Rarely,No,3,1,2,60,High
EMP1692,Research & Development,Laboratory Technician,1,32,Male,Lab Systems,Read,Leaver,Yes,1,0,0,0,Travel_Rarely,No,3,1,2,60,High
EMP1693,Research & Development,Laboratory Technician,1,26,Male,Active Directory,Read,Stable,No,7,7,5,7,Non-Travel,No,4,7,5,15,Low
EMP1693,Research & Development,Laboratory Technician,1,26,Male,SAP,Read,Stable,No,7,7,5,7,Non-Travel,No,4,7,5,15,Low
EMP1693,Research & Development,Laboratory Technician,1,26,Male,SharePoint,Read,Stable,No,7,7,5,7,Non-Travel,No,4,7,5,15,Low
EMP1693,Research & Development,Laboratory Technician,1,26,Male,ServiceNow,Read,Stable,No,7,7,5,7,Non-Travel,No,4,7,5,15,Low
EMP1693,Research & Development,Laboratory Technician,1,26,Male,Lab Systems,Read,Stable,No,7,7,5,7,Non-Travel,No,4,7,5,15,Low
EMP1694,Research & Development,Research Scientist,1,55,Male,Active Directory,Write,Stable,No,4,2,1,2,Travel_Rarely,No,3,8,1,20,Low
EMP1694,Research & Development,Research Scientist,1,55,Male,SAP,Write,Stable,No,4,2,1,2,Travel_Rarely,No,3,8,1,20,Low
EMP1694,Research & Development,Research Scientist,1,55,Male,SharePoint,Write,Stable,No,4,2,1,2,Travel_Rarely,No,3,8,1,20,Low
EMP1694,Research & Development,Research Scientist,1,55,Male,ServiceNow,Write,Stable,No,4,2,1,2,Travel_Rarely,No,3,8,1,20,Low
EMP1694,Research & Development,Research Scientist,1,55,Male,Lab Systems,Write,Stable,No,4,2,1,2,Travel_Rarely,No,3,8,1,20,Low
EMP1696,Research & Development,Laboratory Technician,2,34,Male,Active Directory,Read,Stable,No,15,10,4,13,Travel_Rarely,No,3,15,3,25,Low
EMP1696,Research & Development,Laboratory Technician,2,34,Male,SAP,Read,Stable,No,15,10,4,13,Travel_Rarely,No,3,15,3,25,Low
EMP1696,Research & Development,Laboratory Technician,2,34,Male,SharePoint,Read,Stable,No,15,10,4,13,Travel_Rarely,No,3,15,3,25,Low
EMP1696,Research & Development,Laboratory Technician,2,34,Male,ServiceNow,Read,Stable,No,15,10,4,13,Travel_Rarely,No,3,15,3,25,Low
EMP1696,Research & Development,Laboratory Technician,2,34,Male,Lab Systems,Read,Stable,No,15,10,4,13,Travel_Rarely,No,3,15,3,25,Low
EMP1697,Research & Development,Healthcare Representative,3,60,Male,Active Directory,Read,Mover,No,1,0,0,0,Travel_Rarely,No,4,19,2,40,Medium
EMP1697,Research & Development,Healthcare Representative,3,60,Male,SAP,Read,Mover,No,1,0,0,0,Travel_Rarely,No,4,19,2,40,Medium
EMP1697,Research & Development,Healthcare Representative,3,60,Male,SharePoint,Read,Mover,No,1,0,0,0,Travel_Rarely,No,4,19,2,40,Medium
EMP1697,Research & Development,Healthcare Representative,3,60,Male,ServiceNow,Read,Mover,No,1,0,0,0,Travel_Rarely,No,4,19,2,40,Medium
EMP1697,Research & Development,Healthcare Representative,3,60,Male,Lab Systems,Read,Mover,No,1,0,0,0,Travel_Rarely,No,4,19,2,40,Medium
EMP1698,Research & Development,Laboratory Technician,1,33,Male,Active Directory,Read,Stable,No,14,11,2,13,Travel_Rarely,No,3,14,6,25,Low
EMP1698,Research & Development,Laboratory Technician,1,33,Male,SAP,Read,Stable,No,14,11,2,13,Travel_Rarely,No,3,14,6,25,Low
EMP1698,Research & Development,Laboratory Technician,1,33,Male,SharePoint,Read,Stable,No,14,11,2,13,Travel_Rarely,No,3,14,6,25,Low
EMP1698,Research & Development,Laboratory Technician,1,33,Male,ServiceNow,Read,Stable,No,14,11,2,13,Travel_Rarely,No,3,14,6,25,Low
EMP1698,Research & Development,Laboratory Technician,1,33,Male,Lab Systems,Read,Stable,No,14,11,2,13,Travel_Rarely,No,3,14,6,25,Low
EMP1700,Sales,Sales Executive,2,37,Male,Active Directory,Write,Stable,No,6,3,1,3,Travel_Frequently,No,3,6,2,35,Medium
EMP1700,Sales,Sales Executive,2,37,Male,Salesforce,Write,Stable,No,6,3,1,3,Travel_Frequently,No,3,6,2,35,Medium
EMP1700,Sales,Sales Executive,2,37,Male,SharePoint,Write,Stable,No,6,3,1,3,Travel_Frequently,No,3,6,2,35,Medium
EMP1700,Sales,Sales Executive,2,37,Male,ServiceNow,Write,Stable,No,6,3,1,3,Travel_Frequently,No,3,6,2,35,Medium
EMP1700,Sales,Sales Executive,2,37,Male,CRM Portal,Write,Stable,No,6,3,1,3,Travel_Frequently,No,3,6,2,35,Medium
EMP1701,Research & Development,Research Scientist,1,34,Female,Active Directory,Write,Stable,No,10,9,8,7,Travel_Rarely,No,3,10,3,30,Medium
EMP1701,Research & Development,Research Scientist,1,34,Female,SAP,Write,Stable,No,10,9,8,7,Travel_Rarely,No,3,10,3,30,Medium
EMP1701,Research & Development,Research Scientist,1,34,Female,SharePoint,Write,Stable,No,10,9,8,7,Travel_Rarely,No,3,10,3,30,Medium
EMP1701,Research & Development,Research Scientist,1,34,Female,ServiceNow,Write,Stable,No,10,9,8,7,Travel_Rarely,No,3,10,3,30,Medium
EMP1701,Research & Development,Research Scientist,1,34,Female,Lab Systems,Write,Stable,No,10,9,8,7,Travel_Rarely,No,3,10,3,30,Medium
EMP1702,Sales,Sales Representative,1,23,Male,Active Directory,Read,Leaver,Yes,3,2,0,2,Travel_Rarely,Yes,4,3,2,60,High
EMP1702,Sales,Sales Representative,1,23,Male,Salesforce,Read,Leaver,Yes,3,2,0,2,Travel_Rarely,Yes,4,3,2,60,High
EMP1702,Sales,Sales Representative,1,23,Male,SharePoint,Read,Leaver,Yes,3,2,0,2,Travel_Rarely,Yes,4,3,2,60,High
EMP1702,Sales,Sales Representative,1,23,Male,ServiceNow,Read,Leaver,Yes,3,2,0,2,Travel_Rarely,Yes,4,3,2,60,High
EMP1702,Sales,Sales Representative,1,23,Male,CRM Portal,Read,Leaver,Yes,3,2,0,2,Travel_Rarely,Yes,4,3,2,60,High
EMP1703,Research & Development,Healthcare Representative,3,44,Female,Active Directory,Read,Stable,No,8,7,6,7,Travel_Rarely,Yes,3,9,2,30,Medium
EMP1703,Research & Development,Healthcare Representative,3,44,Female,SAP,Read,Stable,No,8,7,6,7,Travel_Rarely,Yes,3,9,2,30,Medium
EMP1703,Research & Development,Healthcare Representative,3,44,Female,SharePoint,Read,Stable,No,8,7,6,7,Travel_Rarely,Yes,3,9,2,30,Medium
EMP1703,Research & Development,Healthcare Representative,3,44,Female,ServiceNow,Read,Stable,No,8,7,6,7,Travel_Rarely,Yes,3,9,2,30,Medium
EMP1703,Research & Development,Healthcare Representative,3,44,Female,Lab Systems,Read,Stable,No,8,7,6,7,Travel_Rarely,Yes,3,9,2,30,Medium
EMP1704,Research & Development,Research Scientist,1,35,Male,Active Directory,Write,Stable,No,5,4,1,4,Travel_Frequently,Yes,3,6,2,35,Medium
EMP1704,Research & Development,Research Scientist,1,35,Male,SAP,Write,Stable,No,5,4,1,4,Travel_Frequently,Yes,3,6,2,35,Medium
EMP1704,Research & Development,Research Scientist,1,35,Male,SharePoint,Write,Stable,No,5,4,1,4,Travel_Frequently,Yes,3,6,2,35,Medium
EMP1704,Research & Development,Research Scientist,1,35,Male,ServiceNow,Write,Stable,No,5,4,1,4,Travel_Frequently,Yes,3,6,2,35,Medium
EMP1704,Research & Development,Research Scientist,1,35,Male,Lab Systems,Write,Stable,No,5,4,1,4,Travel_Frequently,Yes,3,6,2,35,Medium
EMP1706,Sales,Sales Executive,2,43,Male,Active Directory,Write,Stable,No,10,9,8,8,Travel_Rarely,Yes,3,10,3,40,Medium
EMP1706,Sales,Sales Executive,2,43,Male,Salesforce,Write,Stable,No,10,9,8,8,Travel_Rarely,Yes,3,10,3,40,Medium
EMP1706,Sales,Sales Executive,2,43,Male,SharePoint,Write,Stable,No,10,9,8,8,Travel_Rarely,Yes,3,10,3,40,Medium
EMP1706,Sales,Sales Executive,2,43,Male,ServiceNow,Write,Stable,No,10,9,8,8,Travel_Rarely,Yes,3,10,3,40,Medium
EMP1706,Sales,Sales Executive,2,43,Male,CRM Portal,Write,Stable,No,10,9,8,8,Travel_Rarely,Yes,3,10,3,40,Medium
EMP1707,Research & Development,Research Scientist,1,24,Male,Active Directory,Write,Stable,No,5,3,0,4,Travel_Rarely,No,3,5,1,20,Low
EMP1707,Research & Development,Research Scientist,1,24,Male,SAP,Write,Stable,No,5,3,0,4,Travel_Rarely,No,3,5,1,20,Low
EMP1707,Research & Development,Research Scientist,1,24,Male,SharePoint,Write,Stable,No,5,3,0,4,Travel_Rarely,No,3,5,1,20,Low
EMP1707,Research & Development,Research Scientist,1,24,Male,ServiceNow,Write,Stable,No,5,3,0,4,Travel_Rarely,No,3,5,1,20,Low
EMP1707,Research & Development,Research Scientist,1,24,Male,Lab Systems,Write,Stable,No,5,3,0,4,Travel_Rarely,No,3,5,1,20,Low
EMP1708,Sales,Sales Executive,3,41,Male,Active Directory,Write,Stable,No,10,8,8,7,Travel_Rarely,No,3,10,3,30,Medium
EMP1708,Sales,Sales Executive,3,41,Male,Salesforce,Write,Stable,No,10,8,8,7,Travel_Rarely,No,3,10,3,30,Medium
EMP1708,Sales,Sales Executive,3,41,Male,SharePoint,Write,Stable,No,10,8,8,7,Travel_Rarely,No,3,10,3,30,Medium
EMP1708,Sales,Sales Executive,3,41,Male,ServiceNow,Write,Stable,No,10,8,8,7,Travel_Rarely,No,3,10,3,30,Medium
EMP1708,Sales,Sales Executive,3,41,Male,CRM Portal,Write,Stable,No,10,8,8,7,Travel_Rarely,No,3,10,3,30,Medium
EMP1709,Research & Development,Laboratory Technician,1,29,Female,Active Directory,Read,Stable,No,5,3,1,2,Travel_Rarely,No,3,9,2,10,Low
EMP1709,Research & Development,Laboratory Technician,1,29,Female,SAP,Read,Stable,No,5,3,1,2,Travel_Rarely,No,3,9,2,10,Low
EMP1709,Research & Development,Laboratory Technician,1,29,Female,SharePoint,Read,Stable,No,5,3,1,2,Travel_Rarely,No,3,9,2,10,Low
EMP1709,Research & Development,Laboratory Technician,1,29,Female,ServiceNow,Read,Stable,No,5,3,1,2,Travel_Rarely,No,3,9,2,10,Low
EMP1709,Research & Development,Laboratory Technician,1,29,Female,Lab Systems,Read,Stable,No,5,3,1,2,Travel_Rarely,No,3,9,2,10,Low
EMP1710,Sales,Sales Representative,2,36,Female,Active Directory,Read,Stable,No,13,7,6,7,Travel_Rarely,No,3,17,2,25,Low
EMP1710,Sales,Sales Representative,2,36,Female,Salesforce,Read,Stable,No,13,7,6,7,Travel_Rarely,No,3,17,2,25,Low
EMP1710,Sales,Sales Representative,2,36,Female,SharePoint,Read,Stable,No,13,7,6,7,Travel_Rarely,No,3,17,2,25,Low
EMP1710,Sales,Sales Representative,2,36,Female,ServiceNow,Read,Stable,No,13,7,6,7,Travel_Rarely,No,3,17,2,25,Low
EMP1710,Sales,Sales Representative,2,36,Female,CRM Portal,Read,Stable,No,13,7,6,7,Travel_Rarely,No,3,17,2,25,Low
EMP1712,Research & Development,Healthcare Representative,3,45,Male,Active Directory,Read,Stable,No,23,15,14,4,Non-Travel,No,4,25,3,20,Low
EMP1712,Research & Development,Healthcare Representative,3,45,Male,SAP,Read,Stable,No,23,15,14,4,Non-Travel,No,4,25,3,20,Low
EMP1712,Research & Development,Healthcare Representative,3,45,Male,SharePoint,Read,Stable,No,23,15,14,4,Non-Travel,No,4,25,3,20,Low
EMP1712,Research & Development,Healthcare Representative,3,45,Male,ServiceNow,Read,Stable,No,23,15,14,4,Non-Travel,No,4,25,3,20,Low
EMP1712,Research & Development,Healthcare Representative,3,45,Male,Lab Systems,Read,Stable,No,23,15,14,4,Non-Travel,No,4,25,3,20,Low
EMP1714,Human Resources,Human Resources,1,24,Male,Active Directory,Read,Leaver,Yes,1,0,0,0,Travel_Rarely,No,3,1,2,60,High
EMP1714,Human Resources,Human Resources,1,24,Male,Workday,Read,Leaver,Yes,1,0,0,0,Travel_Rarely,No,3,1,2,60,High
EMP1714,Human Resources,Human Resources,1,24,Male,SharePoint,Read,Leaver,Yes,1,0,0,0,Travel_Rarely,No,3,1,2,60,High
EMP1714,Human Resources,Human Resources,1,24,Male,ServiceNow,Read,Leaver,Yes,1,0,0,0,Travel_Rarely,No,3,1,2,60,High
EMP1714,Human Resources,Human Resources,1,24,Male,HR Portal,Read,Leaver,Yes,1,0,0,0,Travel_Rarely,No,3,1,2,60,High
EMP1716,Sales,Sales Executive,4,47,Male,Active Directory,Write,Leaver,Yes,23,5,14,10,Travel_Frequently,No,3,25,3,80,Critical
EMP1716,Sales,Sales Executive,4,47,Male,Salesforce,Write,Leaver,Yes,23,5,14,10,Travel_Frequently,No,3,25,3,80,Critical
EMP1716,Sales,Sales Executive,4,47,Male,SharePoint,Write,Leaver,Yes,23,5,14,10,Travel_Frequently,No,3,25,3,80,Critical
EMP1716,Sales,Sales Executive,4,47,Male,ServiceNow,Write,Leaver,Yes,23,5,14,10,Travel_Frequently,No,3,25,3,80,Critical
EMP1716,Sales,Sales Executive,4,47,Male,CRM Portal,Write,Leaver,Yes,23,5,14,10,Travel_Frequently,No,3,25,3,80,Critical
EMP1718,Research & Development,Laboratory Technician,1,26,Male,Active Directory,Read,Stable,No,3,2,0,2,Travel_Rarely,No,3,3,3,10,Low
EMP1718,Research & Development,Laboratory Technician,1,26,Male,SAP,Read,Stable,No,3,2,0,2,Travel_Rarely,No,3,3,3,10,Low
EMP1718,Research & Development,Laboratory Technician,1,26,Male,SharePoint,Read,Stable,No,3,2,0,2,Travel_Rarely,No,3,3,3,10,Low
EMP1718,Research & Development,Laboratory Technician,1,26,Male,ServiceNow,Read,Stable,No,3,2,0,2,Travel_Rarely,No,3,3,3,10,Low
EMP1718,Research & Development,Laboratory Technician,1,26,Male,Lab Systems,Read,Stable,No,3,2,0,2,Travel_Rarely,No,3,3,3,10,Low
EMP1719,Research & Development,Research Director,4,45,Female,Active Directory,Admin,Stable,No,21,6,8,6,Travel_Rarely,No,3,21,2,50,High
EMP1719,Research & Development,Research Director,4,45,Female,SAP,Admin,Stable,No,21,6,8,6,Travel_Rarely,No,3,21,2,50,High
EMP1719,Research & Development,Research Director,4,45,Female,SharePoint,Admin,Stable,No,21,6,8,6,Travel_Rarely,No,3,21,2,50,High
EMP1719,Research & Development,Research Director,4,45,Female,ServiceNow,Admin,Stable,No,21,6,8,6,Travel_Rarely,No,3,21,2,50,High
EMP1719,Research & Development,Research Director,4,45,Female,Lab Systems,Admin,Stable,No,21,6,8,6,Travel_Rarely,No,3,21,2,50,High
EMP1720,Research & Development,Research Scientist,1,32,Male,Active Directory,Write,Stable,No,5,2,1,3,Travel_Frequently,No,3,10,3,25,Low
EMP1720,Research & Development,Research Scientist,1,32,Male,SAP,Write,Stable,No,5,2,1,3,Travel_Frequently,No,3,10,3,25,Low
EMP1720,Research & Development,Research Scientist,1,32,Male,SharePoint,Write,Stable,No,5,2,1,3,Travel_Frequently,No,3,10,3,25,Low
EMP1720,Research & Development,Research Scientist,1,32,Male,ServiceNow,Write,Stable,No,5,2,1,3,Travel_Frequently,No,3,10,3,25,Low
EMP1720,Research & Development,Research Scientist,1,32,Male,Lab Systems,Write,Stable,No,5,2,1,3,Travel_Frequently,No,3,10,3,25,Low
EMP1721,Research & Development,Laboratory Technician,1,31,Male,Active Directory,Read,Stable,No,5,2,0,3,Travel_Rarely,No,3,6,2,10,Low
EMP1721,Research & Development,Laboratory Technician,1,31,Male,SAP,Read,Stable,No,5,2,0,3,Travel_Rarely,No,3,6,2,10,Low
EMP1721,Research & Development,Laboratory Technician,1,31,Male,SharePoint,Read,Stable,No,5,2,0,3,Travel_Rarely,No,3,6,2,10,Low
EMP1721,Research & Development,Laboratory Technician,1,31,Male,ServiceNow,Read,Stable,No,5,2,0,3,Travel_Rarely,No,3,6,2,10,Low
EMP1721,Research & Development,Laboratory Technician,1,31,Male,Lab Systems,Read,Stable,No,5,2,0,3,Travel_Rarely,No,3,6,2,10,Low
EMP1722,Human Resources,Human Resources,2,41,Male,Active Directory,Read,Stable,No,3,2,1,2,Non-Travel,No,3,10,4,5,Low
EMP1722,Human Resources,Human Resources,2,41,Male,Workday,Read,Stable,No,3,2,1,2,Non-Travel,No,3,10,4,5,Low
EMP1722,Human Resources,Human Resources,2,41,Male,SharePoint,Read,Stable,No,3,2,1,2,Non-Travel,No,3,10,4,5,Low
EMP1722,Human Resources,Human Resources,2,41,Male,ServiceNow,Read,Stable,No,3,2,1,2,Non-Travel,No,3,10,4,5,Low
EMP1722,Human Resources,Human Resources,2,41,Male,HR Portal,Read,Stable,No,3,2,1,2,Non-Travel,No,3,10,4,5,Low
EMP1724,Research & Development,Manufacturing Director,2,40,Female,Active Directory,Write,Mover,No,1,0,0,0,Travel_Rarely,Yes,3,18,3,60,High
EMP1724,Research & Development,Manufacturing Director,2,40,Female,SAP,Write,Mover,No,1,0,0,0,Travel_Rarely,Yes,3,18,3,60,High
EMP1724,Research & Development,Manufacturing Director,2,40,Female,SharePoint,Write,Mover,No,1,0,0,0,Travel_Rarely,Yes,3,18,3,60,High
EMP1724,Research & Development,Manufacturing Director,2,40,Female,ServiceNow,Write,Mover,No,1,0,0,0,Travel_Rarely,Yes,3,18,3,60,High
EMP1724,Research & Development,Manufacturing Director,2,40,Female,Lab Systems,Write,Mover,No,1,0,0,0,Travel_Rarely,Yes,3,18,3,60,High
EMP1725,Research & Development,Laboratory Technician,1,24,Male,Active Directory,Read,Stable,No,6,2,1,2,Travel_Rarely,No,3,6,2,20,Low
EMP1725,Research & Development,Laboratory Technician,1,24,Male,SAP,Read,Stable,No,6,2,1,2,Travel_Rarely,No,3,6,2,20,Low
EMP1725,Research & Development,Laboratory Technician,1,24,Male,SharePoint,Read,Stable,No,6,2,1,2,Travel_Rarely,No,3,6,2,20,Low
EMP1725,Research & Development,Laboratory Technician,1,24,Male,ServiceNow,Read,Stable,No,6,2,1,2,Travel_Rarely,No,3,6,2,20,Low
EMP1725,Research & Development,Laboratory Technician,1,24,Male,Lab Systems,Read,Stable,No,6,2,1,2,Travel_Rarely,No,3,6,2,20,Low
EMP1727,Research & Development,Healthcare Representative,2,46,Male,Active Directory,Read,Stable,No,10,7,0,9,Travel_Rarely,No,3,19,3,20,Low
EMP1727,Research & Development,Healthcare Representative,2,46,Male,SAP,Read,Stable,No,10,7,0,9,Travel_Rarely,No,3,19,3,20,Low
EMP1727,Research & Development,Healthcare Representative,2,46,Male,SharePoint,Read,Stable,No,10,7,0,9,Travel_Rarely,No,3,19,3,20,Low
EMP1727,Research & Development,Healthcare Representative,2,46,Male,ServiceNow,Read,Stable,No,10,7,0,9,Travel_Rarely,No,3,19,3,20,Low
EMP1727,Research & Development,Healthcare Representative,2,46,Male,Lab Systems,Read,Stable,No,10,7,0,9,Travel_Rarely,No,3,19,3,20,Low
EMP1728,Research & Development,Manufacturing Director,2,35,Male,Active Directory,Write,Stable,No,7,7,0,7,Travel_Rarely,No,3,17,3,30,Medium
EMP1728,Research & Development,Manufacturing Director,2,35,Male,SAP,Write,Stable,No,7,7,0,7,Travel_Rarely,No,3,17,3,30,Medium
EMP1728,Research & Development,Manufacturing Director,2,35,Male,SharePoint,Write,Stable,No,7,7,0,7,Travel_Rarely,No,3,17,3,30,Medium
EMP1728,Research & Development,Manufacturing Director,2,35,Male,ServiceNow,Write,Stable,No,7,7,0,7,Travel_Rarely,No,3,17,3,30,Medium
EMP1728,Research & Development,Manufacturing Director,2,35,Male,Lab Systems,Write,Stable,No,7,7,0,7,Travel_Rarely,No,3,17,3,30,Medium
EMP1729,Research & Development,Research Scientist,1,30,Male,Active Directory,Write,Mover,No,10,0,0,8,Travel_Rarely,No,3,10,2,50,High
EMP1729,Research & Development,Research Scientist,1,30,Male,SAP,Write,Mover,No,10,0,0,8,Travel_Rarely,No,3,10,2,50,High
EMP1729,Research & Development,Research Scientist,1,30,Male,SharePoint,Write,Mover,No,10,0,0,8,Travel_Rarely,No,3,10,2,50,High
EMP1729,Research & Development,Research Scientist,1,30,Male,ServiceNow,Write,Mover,No,10,0,0,8,Travel_Rarely,No,3,10,2,50,High
EMP1729,Research & Development,Research Scientist,1,30,Male,Lab Systems,Write,Mover,No,10,0,0,8,Travel_Rarely,No,3,10,2,50,High
EMP1731,Sales,Sales Executive,2,47,Male,Active Directory,Write,Mover,No,1,0,0,0,Non-Travel,No,3,4,3,45,Medium
EMP1731,Sales,Sales Executive,2,47,Male,Salesforce,Write,Mover,No,1,0,0,0,Non-Travel,No,3,4,3,45,Medium
EMP1731,Sales,Sales Executive,2,47,Male,SharePoint,Write,Mover,No,1,0,0,0,Non-Travel,No,3,4,3,45,Medium
EMP1731,Sales,Sales Executive,2,47,Male,ServiceNow,Write,Mover,No,1,0,0,0,Non-Travel,No,3,4,3,45,Medium
EMP1731,Sales,Sales Executive,2,47,Male,CRM Portal,Write,Mover,No,1,0,0,0,Non-Travel,No,3,4,3,45,Medium
EMP1732,Sales,Sales Executive,3,46,Male,Active Directory,Write,Stable,No,10,6,0,3,Travel_Rarely,Yes,3,13,5,40,Medium
EMP1732,Sales,Sales Executive,3,46,Male,Salesforce,Write,Stable,No,10,6,0,3,Travel_Rarely,Yes,3,13,5,40,Medium
EMP1732,Sales,Sales Executive,3,46,Male,SharePoint,Write,Stable,No,10,6,0,3,Travel_Rarely,Yes,3,13,5,40,Medium
EMP1732,Sales,Sales Executive,3,46,Male,ServiceNow,Write,Stable,No,10,6,0,3,Travel_Rarely,Yes,3,13,5,40,Medium
EMP1732,Sales,Sales Executive,3,46,Male,CRM Portal,Write,Stable,No,10,6,0,3,Travel_Rarely,Yes,3,13,5,40,Medium
EMP1733,Sales,Sales Executive,2,36,Male,Active Directory,Write,Leaver,Yes,2,2,2,2,Travel_Rarely,Yes,3,16,3,70,Critical
EMP1733,Sales,Sales Executive,2,36,Male,Salesforce,Write,Leaver,Yes,2,2,2,2,Travel_Rarely,Yes,3,16,3,70,Critical
EMP1733,Sales,Sales Executive,2,36,Male,SharePoint,Write,Leaver,Yes,2,2,2,2,Travel_Rarely,Yes,3,16,3,70,Critical
EMP1733,Sales,Sales Executive,2,36,Male,ServiceNow,Write,Leaver,Yes,2,2,2,2,Travel_Rarely,Yes,3,16,3,70,Critical
EMP1733,Sales,Sales Executive,2,36,Male,CRM Portal,Write,Leaver,Yes,2,2,2,2,Travel_Rarely,Yes,3,16,3,70,Critical
EMP1734,Sales,Sales Executive,2,32,Male,Active Directory,Write,Leaver,Yes,0,0,0,0,Travel_Rarely,No,3,10,2,70,Critical
EMP1734,Sales,Sales Executive,2,32,Male,Salesforce,Write,Leaver,Yes,0,0,0,0,Travel_Rarely,No,3,10,2,70,Critical
EMP1734,Sales,Sales Executive,2,32,Male,SharePoint,Write,Leaver,Yes,0,0,0,0,Travel_Rarely,No,3,10,2,70,Critical
EMP1734,Sales,Sales Executive,2,32,Male,ServiceNow,Write,Leaver,Yes,0,0,0,0,Travel_Rarely,No,3,10,2,70,Critical
EMP1734,Sales,Sales Executive,2,32,Male,CRM Portal,Write,Leaver,Yes,0,0,0,0,Travel_Rarely,No,3,10,2,70,Critical
EMP1735,Research & Development,Laboratory Technician,1,23,Female,Active Directory,Read,Stable,No,3,2,1,2,Travel_Rarely,No,3,3,3,10,Low
EMP1735,Research & Development,Laboratory Technician,1,23,Female,SAP,Read,Stable,No,3,2,1,2,Travel_Rarely,No,3,3,3,10,Low
EMP1735,Research & Development,Laboratory Technician,1,23,Female,SharePoint,Read,Stable,No,3,2,1,2,Travel_Rarely,No,3,3,3,10,Low
EMP1735,Research & Development,Laboratory Technician,1,23,Female,ServiceNow,Read,Stable,No,3,2,1,2,Travel_Rarely,No,3,3,3,10,Low
EMP1735,Research & Development,Laboratory Technician,1,23,Female,Lab Systems,Read,Stable,No,3,2,1,2,Travel_Rarely,No,3,3,3,10,Low
EMP1736,Research & Development,Manufacturing Director,2,31,Female,Active Directory,Write,Stable,No,5,4,1,4,Travel_Frequently,No,4,9,3,25,Low
EMP1736,Research & Development,Manufacturing Director,2,31,Female,SAP,Write,Stable,No,5,4,1,4,Travel_Frequently,No,4,9,3,25,Low
EMP1736,Research & Development,Manufacturing Director,2,31,Female,SharePoint,Write,Stable,No,5,4,1,4,Travel_Frequently,No,4,9,3,25,Low
EMP1736,Research & Development,Manufacturing Director,2,31,Female,ServiceNow,Write,Stable,No,5,4,1,4,Travel_Frequently,No,4,9,3,25,Low
EMP1736,Research & Development,Manufacturing Director,2,31,Female,Lab Systems,Write,Stable,No,5,4,1,4,Travel_Frequently,No,4,9,3,25,Low
EMP1737,Research & Development,Laboratory Technician,2,39,Male,Active Directory,Read,Stable,No,9,8,5,8,Non-Travel,Yes,3,9,2,25,Low
EMP1737,Research & Development,Laboratory Technician,2,39,Male,SAP,Read,Stable,No,9,8,5,8,Non-Travel,Yes,3,9,2,25,Low
EMP1737,Research & Development,Laboratory Technician,2,39,Male,SharePoint,Read,Stable,No,9,8,5,8,Non-Travel,Yes,3,9,2,25,Low
EMP1737,Research & Development,Laboratory Technician,2,39,Male,ServiceNow,Read,Stable,No,9,8,5,8,Non-Travel,Yes,3,9,2,25,Low
EMP1737,Research & Development,Laboratory Technician,2,39,Male,Lab Systems,Read,Stable,No,9,8,5,8,Non-Travel,Yes,3,9,2,25,Low
EMP1739,Sales,Sales Executive,3,32,Male,Active Directory,Write,Stable,No,4,3,0,2,Travel_Rarely,No,3,10,2,20,Low
EMP1739,Sales,Sales Executive,3,32,Male,Salesforce,Write,Stable,No,4,3,0,2,Travel_Rarely,No,3,10,2,20,Low
EMP1739,Sales,Sales Executive,3,32,Male,SharePoint,Write,Stable,No,4,3,0,2,Travel_Rarely,No,3,10,2,20,Low
EMP1739,Sales,Sales Executive,3,32,Male,ServiceNow,Write,Stable,No,4,3,0,2,Travel_Rarely,No,3,10,2,20,Low
EMP1739,Sales,Sales Executive,3,32,Male,CRM Portal,Write,Stable,No,4,3,0,2,Travel_Rarely,No,3,10,2,20,Low
EMP1740,Sales,Manager,5,40,Male,Active Directory,Write,Stable,No,21,8,12,8,Travel_Rarely,No,3,21,3,35,Medium
EMP1740,Sales,Manager,5,40,Male,Salesforce,Write,Stable,No,21,8,12,8,Travel_Rarely,No,3,21,3,35,Medium
EMP1740,Sales,Manager,5,40,Male,SharePoint,Write,Stable,No,21,8,12,8,Travel_Rarely,No,3,21,3,35,Medium
EMP1740,Sales,Manager,5,40,Male,ServiceNow,Write,Stable,No,21,8,12,8,Travel_Rarely,No,3,21,3,35,Medium
EMP1740,Sales,Manager,5,40,Male,CRM Portal,Write,Stable,No,21,8,12,8,Travel_Rarely,No,3,21,3,35,Medium
EMP1744,Human Resources,Human Resources,3,45,Female,Active Directory,Read,Mover,No,5,0,0,3,Travel_Rarely,No,4,9,2,30,Medium
EMP1744,Human Resources,Human Resources,3,45,Female,Workday,Read,Mover,No,5,0,0,3,Travel_Rarely,No,4,9,2,30,Medium
EMP1744,Human Resources,Human Resources,3,45,Female,SharePoint,Read,Mover,No,5,0,0,3,Travel_Rarely,No,4,9,2,30,Medium
EMP1744,Human Resources,Human Resources,3,45,Female,ServiceNow,Read,Mover,No,5,0,0,3,Travel_Rarely,No,4,9,2,30,Medium
EMP1744,Human Resources,Human Resources,3,45,Female,HR Portal,Read,Mover,No,5,0,0,3,Travel_Rarely,No,4,9,2,30,Medium
EMP1745,Research & Development,Research Scientist,1,30,Female,Active Directory,Write,Stable,No,9,7,0,7,Travel_Frequently,No,3,10,2,35,Medium
EMP1745,Research & Development,Research Scientist,1,30,Female,SAP,Write,Stable,No,9,7,0,7,Travel_Frequently,No,3,10,2,35,Medium
EMP1745,Research & Development,Research Scientist,1,30,Female,SharePoint,Write,Stable,No,9,7,0,7,Travel_Frequently,No,3,10,2,35,Medium
EMP1745,Research & Development,Research Scientist,1,30,Female,ServiceNow,Write,Stable,No,9,7,0,7,Travel_Frequently,No,3,10,2,35,Medium
EMP1745,Research & Development,Research Scientist,1,30,Female,Lab Systems,Write,Stable,No,9,7,0,7,Travel_Frequently,No,3,10,2,35,Medium
EMP1746,Human Resources,Human Resources,1,24,Male,Active Directory,Read,Stable,No,2,2,2,1,Travel_Frequently,No,3,3,2,25,Low
EMP1746,Human Resources,Human Resources,1,24,Male,Workday,Read,Stable,No,2,2,2,1,Travel_Frequently,No,3,3,2,25,Low
EMP1746,Human Resources,Human Resources,1,24,Male,SharePoint,Read,Stable,No,2,2,2,1,Travel_Frequently,No,3,3,2,25,Low
EMP1746,Human Resources,Human Resources,1,24,Male,ServiceNow,Read,Stable,No,2,2,2,1,Travel_Frequently,No,3,3,2,25,Low
EMP1746,Human Resources,Human Resources,1,24,Male,HR Portal,Read,Stable,No,2,2,2,1,Travel_Frequently,No,3,3,2,25,Low
EMP1747,Human Resources,Human Resources,1,30,Female,Active Directory,Read,Leaver,Yes,4,2,1,2,Travel_Frequently,No,3,6,0,55,High
EMP1747,Human Resources,Human Resources,1,30,Female,Workday,Read,Leaver,Yes,4,2,1,2,Travel_Frequently,No,3,6,0,55,High
EMP1747,Human Resources,Human Resources,1,30,Female,SharePoint,Read,Leaver,Yes,4,2,1,2,Travel_Frequently,No,3,6,0,55,High
EMP1747,Human Resources,Human Resources,1,30,Female,ServiceNow,Read,Leaver,Yes,4,2,1,2,Travel_Frequently,No,3,6,0,55,High
EMP1747,Human Resources,Human Resources,1,30,Female,HR Portal,Read,Leaver,Yes,4,2,1,2,Travel_Frequently,No,3,6,0,55,High
EMP1749,Sales,Sales Executive,2,31,Male,Active Directory,Write,Stable,No,5,2,0,2,Travel_Rarely,No,3,6,3,20,Low
EMP1749,Sales,Sales Executive,2,31,Male,Salesforce,Write,Stable,No,5,2,0,2,Travel_Rarely,No,3,6,3,20,Low
EMP1749,Sales,Sales Executive,2,31,Male,SharePoint,Write,Stable,No,5,2,0,2,Travel_Rarely,No,3,6,3,20,Low
EMP1749,Sales,Sales Executive,2,31,Male,ServiceNow,Write,Stable,No,5,2,0,2,Travel_Rarely,No,3,6,3,20,Low
EMP1749,Sales,Sales Executive,2,31,Male,CRM Portal,Write,Stable,No,5,2,0,2,Travel_Rarely,No,3,6,3,20,Low
EMP1751,Research & Development,Research Scientist,1,27,Female,Active Directory,Write,Stable,No,6,2,1,4,Travel_Rarely,No,3,6,5,30,Medium
EMP1751,Research & Development,Research Scientist,1,27,Female,SAP,Write,Stable,No,6,2,1,4,Travel_Rarely,No,3,6,5,30,Medium
EMP1751,Research & Development,Research Scientist,1,27,Female,SharePoint,Write,Stable,No,6,2,1,4,Travel_Rarely,No,3,6,5,30,Medium
EMP1751,Research & Development,Research Scientist,1,27,Female,ServiceNow,Write,Stable,No,6,2,1,4,Travel_Rarely,No,3,6,5,30,Medium
EMP1751,Research & Development,Research Scientist,1,27,Female,Lab Systems,Write,Stable,No,6,2,1,4,Travel_Rarely,No,3,6,5,30,Medium
EMP1752,Sales,Sales Representative,1,29,Female,Active Directory,Read,Leaver,Yes,2,2,2,2,Travel_Rarely,No,3,2,3,50,High
EMP1752,Sales,Sales Representative,1,29,Female,Salesforce,Read,Leaver,Yes,2,2,2,2,Travel_Rarely,No,3,2,3,50,High
EMP1752,Sales,Sales Representative,1,29,Female,SharePoint,Read,Leaver,Yes,2,2,2,2,Travel_Rarely,No,3,2,3,50,High
EMP1752,Sales,Sales Representative,1,29,Female,ServiceNow,Read,Leaver,Yes,2,2,2,2,Travel_Rarely,No,3,2,3,50,High
EMP1752,Sales,Sales Representative,1,29,Female,CRM Portal,Read,Leaver,Yes,2,2,2,2,Travel_Rarely,No,3,2,3,50,High
EMP1753,Research & Development,Healthcare Representative,2,29,Male,Active Directory,Read,Stable,No,3,2,0,2,Travel_Frequently,Yes,3,10,5,25,Low
EMP1753,Research & Development,Healthcare Representative,2,29,Male,SAP,Read,Stable,No,3,2,0,2,Travel_Frequently,Yes,3,10,5,25,Low
EMP1753,Research & Development,Healthcare Representative,2,29,Male,SharePoint,Read,Stable,No,3,2,0,2,Travel_Frequently,Yes,3,10,5,25,Low
EMP1753,Research & Development,Healthcare Representative,2,29,Male,ServiceNow,Read,Stable,No,3,2,0,2,Travel_Frequently,Yes,3,10,5,25,Low
EMP1753,Research & Development,Healthcare Representative,2,29,Male,Lab Systems,Read,Stable,No,3,2,0,2,Travel_Frequently,Yes,3,10,5,25,Low
EMP1754,Sales,Sales Executive,3,30,Male,Active Directory,Write,Stable,No,7,7,1,7,Travel_Rarely,No,3,12,2,30,Medium
EMP1754,Sales,Sales Executive,3,30,Male,Salesforce,Write,Stable,No,7,7,1,7,Travel_Rarely,No,3,12,2,30,Medium
EMP1754,Sales,Sales Executive,3,30,Male,SharePoint,Write,Stable,No,7,7,1,7,Travel_Rarely,No,3,12,2,30,Medium
EMP1754,Sales,Sales Executive,3,30,Male,ServiceNow,Write,Stable,No,7,7,1,7,Travel_Rarely,No,3,12,2,30,Medium
EMP1754,Sales,Sales Executive,3,30,Male,CRM Portal,Write,Stable,No,7,7,1,7,Travel_Rarely,No,3,12,2,30,Medium
EMP1755,Research & Development,Research Scientist,1,34,Male,Active Directory,Write,Mover,No,5,0,1,2,Travel_Rarely,Yes,3,6,3,50,High
EMP1755,Research & Development,Research Scientist,1,34,Male,SAP,Write,Mover,No,5,0,1,2,Travel_Rarely,Yes,3,6,3,50,High
EMP1755,Research & Development,Research Scientist,1,34,Male,SharePoint,Write,Mover,No,5,0,1,2,Travel_Rarely,Yes,3,6,3,50,High
EMP1755,Research & Development,Research Scientist,1,34,Male,ServiceNow,Write,Mover,No,5,0,1,2,Travel_Rarely,Yes,3,6,3,50,High
EMP1755,Research & Development,Research Scientist,1,34,Male,Lab Systems,Write,Mover,No,5,0,1,2,Travel_Rarely,Yes,3,6,3,50,High
EMP1756,Sales,Sales Executive,2,33,Female,Active Directory,Write,Stable,No,11,7,1,7,Non-Travel,No,3,13,2,30,Medium
EMP1756,Sales,Sales Executive,2,33,Female,Salesforce,Write,Stable,No,11,7,1,7,Non-Travel,No,3,13,2,30,Medium
EMP1756,Sales,Sales Executive,2,33,Female,SharePoint,Write,Stable,No,11,7,1,7,Non-Travel,No,3,13,2,30,Medium
EMP1756,Sales,Sales Executive,2,33,Female,ServiceNow,Write,Stable,No,11,7,1,7,Non-Travel,No,3,13,2,30,Medium
EMP1756,Sales,Sales Executive,2,33,Female,CRM Portal,Write,Stable,No,11,7,1,7,Non-Travel,No,3,13,2,30,Medium
EMP1757,Sales,Sales Executive,2,49,Female,Active Directory,Write,Mover,No,5,1,0,4,Travel_Rarely,No,3,8,1,40,Medium
EMP1757,Sales,Sales Executive,2,49,Female,Salesforce,Write,Mover,No,5,1,0,4,Travel_Rarely,No,3,8,1,40,Medium
EMP1757,Sales,Sales Executive,2,49,Female,SharePoint,Write,Mover,No,5,1,0,4,Travel_Rarely,No,3,8,1,40,Medium
EMP1757,Sales,Sales Executive,2,49,Female,ServiceNow,Write,Mover,No,5,1,0,4,Travel_Rarely,No,3,8,1,40,Medium
EMP1757,Sales,Sales Executive,2,49,Female,CRM Portal,Write,Mover,No,5,1,0,4,Travel_Rarely,No,3,8,1,40,Medium
EMP1758,Sales,Sales Executive,3,33,Female,Active Directory,Write,Leaver,Yes,0,0,0,0,Travel_Rarely,Yes,4,11,2,80,Critical
EMP1758,Sales,Sales Executive,3,33,Female,Salesforce,Write,Leaver,Yes,0,0,0,0,Travel_Rarely,Yes,4,11,2,80,Critical
EMP1758,Sales,Sales Executive,3,33,Female,SharePoint,Write,Leaver,Yes,0,0,0,0,Travel_Rarely,Yes,4,11,2,80,Critical
EMP1758,Sales,Sales Executive,3,33,Female,ServiceNow,Write,Leaver,Yes,0,0,0,0,Travel_Rarely,Yes,4,11,2,80,Critical
EMP1758,Sales,Sales Executive,3,33,Female,CRM Portal,Write,Leaver,Yes,0,0,0,0,Travel_Rarely,Yes,4,11,2,80,Critical
EMP1760,Research & Development,Laboratory Technician,1,38,Female,Active Directory,Read,Mover,No,6,1,0,5,Travel_Frequently,No,3,9,4,45,Medium
EMP1760,Research & Development,Laboratory Technician,1,38,Female,SAP,Read,Mover,No,6,1,0,5,Travel_Frequently,No,3,9,4,45,Medium
EMP1760,Research & Development,Laboratory Technician,1,38,Female,SharePoint,Read,Mover,No,6,1,0,5,Travel_Frequently,No,3,9,4,45,Medium
EMP1760,Research & Development,Laboratory Technician,1,38,Female,ServiceNow,Read,Mover,No,6,1,0,5,Travel_Frequently,No,3,9,4,45,Medium
EMP1760,Research & Development,Laboratory Technician,1,38,Female,Lab Systems,Read,Mover,No,6,1,0,5,Travel_Frequently,No,3,9,4,45,Medium
EMP1761,Sales,Sales Executive,3,31,Male,Active Directory,Write,Leaver,Yes,1,0,0,0,Travel_Rarely,No,3,10,2,70,Critical
EMP1761,Sales,Sales Executive,3,31,Male,Salesforce,Write,Leaver,Yes,1,0,0,0,Travel_Rarely,No,3,10,2,70,Critical
EMP1761,Sales,Sales Executive,3,31,Male,SharePoint,Write,Leaver,Yes,1,0,0,0,Travel_Rarely,No,3,10,2,70,Critical
EMP1761,Sales,Sales Executive,3,31,Male,ServiceNow,Write,Leaver,Yes,1,0,0,0,Travel_Rarely,No,3,10,2,70,Critical
EMP1761,Sales,Sales Executive,3,31,Male,CRM Portal,Write,Leaver,Yes,1,0,0,0,Travel_Rarely,No,3,10,2,70,Critical
EMP1762,Research & Development,Research Scientist,1,29,Female,Active Directory,Write,Mover,No,1,0,0,0,Travel_Rarely,No,3,1,2,50,High
EMP1762,Research & Development,Research Scientist,1,29,Female,SAP,Write,Mover,No,1,0,0,0,Travel_Rarely,No,3,1,2,50,High
EMP1762,Research & Development,Research Scientist,1,29,Female,SharePoint,Write,Mover,No,1,0,0,0,Travel_Rarely,No,3,1,2,50,High
EMP1762,Research & Development,Research Scientist,1,29,Female,ServiceNow,Write,Mover,No,1,0,0,0,Travel_Rarely,No,3,1,2,50,High
EMP1762,Research & Development,Research Scientist,1,29,Female,Lab Systems,Write,Mover,No,1,0,0,0,Travel_Rarely,No,3,1,2,50,High
EMP1763,Research & Development,Healthcare Representative,2,30,Male,Active Directory,Read,Mover,No,7,0,1,7,Travel_Rarely,No,3,10,3,40,Medium
EMP1763,Research & Development,Healthcare Representative,2,30,Male,SAP,Read,Mover,No,7,0,1,7,Travel_Rarely,No,3,10,3,40,Medium
EMP1763,Research & Development,Healthcare Representative,2,30,Male,SharePoint,Read,Mover,No,7,0,1,7,Travel_Rarely,No,3,10,3,40,Medium
EMP1763,Research & Development,Healthcare Representative,2,30,Male,ServiceNow,Read,Mover,No,7,0,1,7,Travel_Rarely,No,3,10,3,40,Medium
EMP1763,Research & Development,Healthcare Representative,2,30,Male,Lab Systems,Read,Mover,No,7,0,1,7,Travel_Rarely,No,3,10,3,40,Medium
EMP1764,Research & Development,Research Scientist,1,32,Male,Active Directory,Write,Stable,No,7,7,0,7,Non-Travel,No,3,12,3,25,Low
EMP1764,Research & Development,Research Scientist,1,32,Male,SAP,Write,Stable,No,7,7,0,7,Non-Travel,No,3,12,3,25,Low
EMP1764,Research & Development,Research Scientist,1,32,Male,SharePoint,Write,Stable,No,7,7,0,7,Non-Travel,No,3,12,3,25,Low
EMP1764,Research & Development,Research Scientist,1,32,Male,ServiceNow,Write,Stable,No,7,7,0,7,Non-Travel,No,3,12,3,25,Low
EMP1764,Research & Development,Research Scientist,1,32,Male,Lab Systems,Write,Stable,No,7,7,0,7,Non-Travel,No,3,12,3,25,Low
EMP1766,Research & Development,Healthcare Representative,2,38,Male,Active Directory,Read,Mover,No,1,0,1,0,Travel_Rarely,Yes,3,15,2,50,High
EMP1766,Research & Development,Healthcare Representative,2,38,Male,SAP,Read,Mover,No,1,0,1,0,Travel_Rarely,Yes,3,15,2,50,High
EMP1766,Research & Development,Healthcare Representative,2,38,Male,SharePoint,Read,Mover,No,1,0,1,0,Travel_Rarely,Yes,3,15,2,50,High
EMP1766,Research & Development,Healthcare Representative,2,38,Male,ServiceNow,Read,Mover,No,1,0,1,0,Travel_Rarely,Yes,3,15,2,50,High
EMP1766,Research & Development,Healthcare Representative,2,38,Male,Lab Systems,Read,Mover,No,1,0,1,0,Travel_Rarely,Yes,3,15,2,50,High
EMP1767,Research & Development,Research Scientist,1,43,Male,Active Directory,Write,Leaver,Yes,1,0,0,0,Travel_Frequently,Yes,3,6,4,85,Critical
EMP1767,Research & Development,Research Scientist,1,43,Male,SAP,Write,Leaver,Yes,1,0,0,0,Travel_Frequently,Yes,3,6,4,85,Critical
EMP1767,Research & Development,Research Scientist,1,43,Male,SharePoint,Write,Leaver,Yes,1,0,0,0,Travel_Frequently,Yes,3,6,4,85,Critical
EMP1767,Research & Development,Research Scientist,1,43,Male,ServiceNow,Write,Leaver,Yes,1,0,0,0,Travel_Frequently,Yes,3,6,4,85,Critical
EMP1767,Research & Development,Research Scientist,1,43,Male,Lab Systems,Write,Leaver,Yes,1,0,0,0,Travel_Frequently,Yes,3,6,4,85,Critical
EMP1768,Research & Development,Laboratory Technician,1,42,Male,Active Directory,Read,Stable,No,5,3,0,4,Travel_Rarely,No,4,7,6,10,Low
EMP1768,Research & Development,Laboratory Technician,1,42,Male,SAP,Read,Stable,No,5,3,0,4,Travel_Rarely,No,4,7,6,10,Low
EMP1768,Research & Development,Laboratory Technician,1,42,Male,SharePoint,Read,Stable,No,5,3,0,4,Travel_Rarely,No,4,7,6,10,Low
EMP1768,Research & Development,Laboratory Technician,1,42,Male,ServiceNow,Read,Stable,No,5,3,0,4,Travel_Rarely,No,4,7,6,10,Low
EMP1768,Research & Development,Laboratory Technician,1,42,Male,Lab Systems,Read,Stable,No,5,3,0,4,Travel_Rarely,No,4,7,6,10,Low
EMP1770,Research & Development,Research Director,5,55,Male,Active Directory,Admin,Mover,No,1,0,0,0,Travel_Rarely,No,3,34,2,65,High
EMP1770,Research & Development,Research Director,5,55,Male,SAP,Admin,Mover,No,1,0,0,0,Travel_Rarely,No,3,34,2,65,High
EMP1770,Research & Development,Research Director,5,55,Male,SharePoint,Admin,Mover,No,1,0,0,0,Travel_Rarely,No,3,34,2,65,High
EMP1770,Research & Development,Research Director,5,55,Male,ServiceNow,Admin,Mover,No,1,0,0,0,Travel_Rarely,No,3,34,2,65,High
EMP1770,Research & Development,Research Director,5,55,Male,Lab Systems,Admin,Mover,No,1,0,0,0,Travel_Rarely,No,3,34,2,65,High
EMP1771,Research & Development,Research Scientist,2,33,Male,Active Directory,Write,Stable,No,9,8,1,7,Non-Travel,No,3,11,2,25,Low
EMP1771,Research & Development,Research Scientist,2,33,Male,SAP,Write,Stable,No,9,8,1,7,Non-Travel,No,3,11,2,25,Low
EMP1771,Research & Development,Research Scientist,2,33,Male,SharePoint,Write,Stable,No,9,8,1,7,Non-Travel,No,3,11,2,25,Low
EMP1771,Research & Development,Research Scientist,2,33,Male,ServiceNow,Write,Stable,No,9,8,1,7,Non-Travel,No,3,11,2,25,Low
EMP1771,Research & Development,Research Scientist,2,33,Male,Lab Systems,Write,Stable,No,9,8,1,7,Non-Travel,No,3,11,2,25,Low
EMP1772,Research & Development,Laboratory Technician,1,41,Male,Active Directory,Read,Stable,No,5,3,0,4,Travel_Rarely,No,4,5,2,10,Low
EMP1772,Research & Development,Laboratory Technician,1,41,Male,SAP,Read,Stable,No,5,3,0,4,Travel_Rarely,No,4,5,2,10,Low
EMP1772,Research & Development,Laboratory Technician,1,41,Male,SharePoint,Read,Stable,No,5,3,0,4,Travel_Rarely,No,4,5,2,10,Low
EMP1772,Research & Development,Laboratory Technician,1,41,Male,ServiceNow,Read,Stable,No,5,3,0,4,Travel_Rarely,No,4,5,2,10,Low
EMP1772,Research & Development,Laboratory Technician,1,41,Male,Lab Systems,Read,Stable,No,5,3,0,4,Travel_Rarely,No,4,5,2,10,Low
EMP1774,Sales,Sales Executive,2,34,Male,Active Directory,Write,Stable,No,15,14,0,7,Non-Travel,Yes,3,15,3,40,Medium
EMP1774,Sales,Sales Executive,2,34,Male,Salesforce,Write,Stable,No,15,14,0,7,Non-Travel,Yes,3,15,3,40,Medium
EMP1774,Sales,Sales Executive,2,34,Male,SharePoint,Write,Stable,No,15,14,0,7,Non-Travel,Yes,3,15,3,40,Medium
EMP1774,Sales,Sales Executive,2,34,Male,ServiceNow,Write,Stable,No,15,14,0,7,Non-Travel,Yes,3,15,3,40,Medium
EMP1774,Sales,Sales Executive,2,34,Male,CRM Portal,Write,Stable,No,15,14,0,7,Non-Travel,Yes,3,15,3,40,Medium
EMP1775,Research & Development,Manufacturing Director,4,53,Female,Active Directory,Write,Stable,No,3,2,0,2,Non-Travel,Yes,4,27,2,25,Low
EMP1775,Research & Development,Manufacturing Director,4,53,Female,SAP,Write,Stable,No,3,2,0,2,Non-Travel,Yes,4,27,2,25,Low
EMP1775,Research & Development,Manufacturing Director,4,53,Female,SharePoint,Write,Stable,No,3,2,0,2,Non-Travel,Yes,4,27,2,25,Low
EMP1775,Research & Development,Manufacturing Director,4,53,Female,ServiceNow,Write,Stable,No,3,2,0,2,Non-Travel,Yes,4,27,2,25,Low
EMP1775,Research & Development,Manufacturing Director,4,53,Female,Lab Systems,Write,Stable,No,3,2,0,2,Non-Travel,Yes,4,27,2,25,Low
EMP1778,Human Resources,Human Resources,1,43,Male,Active Directory,Read,Stable,No,9,7,1,8,Travel_Rarely,No,3,10,5,20,Low
EMP1778,Human Resources,Human Resources,1,43,Male,Workday,Read,Stable,No,9,7,1,8,Travel_Rarely,No,3,10,5,20,Low
EMP1778,Human Resources,Human Resources,1,43,Male,SharePoint,Read,Stable,No,9,7,1,8,Travel_Rarely,No,3,10,5,20,Low
EMP1778,Human Resources,Human Resources,1,43,Male,ServiceNow,Read,Stable,No,9,7,1,8,Travel_Rarely,No,3,10,5,20,Low
EMP1778,Human Resources,Human Resources,1,43,Male,HR Portal,Read,Stable,No,9,7,1,8,Travel_Rarely,No,3,10,5,20,Low
EMP1779,Sales,Sales Executive,2,34,Female,Active Directory,Write,Stable,No,2,2,2,2,Travel_Rarely,No,3,6,3,20,Low
EMP1779,Sales,Sales Executive,2,34,Female,Salesforce,Write,Stable,No,2,2,2,2,Travel_Rarely,No,3,6,3,20,Low
EMP1779,Sales,Sales Executive,2,34,Female,SharePoint,Write,Stable,No,2,2,2,2,Travel_Rarely,No,3,6,3,20,Low
EMP1779,Sales,Sales Executive,2,34,Female,ServiceNow,Write,Stable,No,2,2,2,2,Travel_Rarely,No,3,6,3,20,Low
EMP1779,Sales,Sales Executive,2,34,Female,CRM Portal,Write,Stable,No,2,2,2,2,Travel_Rarely,No,3,6,3,20,Low
EMP1780,Sales,Sales Representative,1,21,Male,Active Directory,Read,Leaver,Yes,1,0,1,0,Travel_Rarely,No,3,1,3,60,High
EMP1780,Sales,Sales Representative,1,21,Male,Salesforce,Read,Leaver,Yes,1,0,1,0,Travel_Rarely,No,3,1,3,60,High
EMP1780,Sales,Sales Representative,1,21,Male,SharePoint,Read,Leaver,Yes,1,0,1,0,Travel_Rarely,No,3,1,3,60,High
EMP1780,Sales,Sales Representative,1,21,Male,ServiceNow,Read,Leaver,Yes,1,0,1,0,Travel_Rarely,No,3,1,3,60,High
EMP1780,Sales,Sales Representative,1,21,Male,CRM Portal,Read,Leaver,Yes,1,0,1,0,Travel_Rarely,No,3,1,3,60,High
EMP1782,Research & Development,Laboratory Technician,1,38,Female,Active Directory,Read,Stable,No,5,4,0,4,Travel_Rarely,No,3,5,3,10,Low
EMP1782,Research & Development,Laboratory Technician,1,38,Female,SAP,Read,Stable,No,5,4,0,4,Travel_Rarely,No,3,5,3,10,Low
EMP1782,Research & Development,Laboratory Technician,1,38,Female,SharePoint,Read,Stable,No,5,4,0,4,Travel_Rarely,No,3,5,3,10,Low
EMP1782,Research & Development,Laboratory Technician,1,38,Female,ServiceNow,Read,Stable,No,5,4,0,4,Travel_Rarely,No,3,5,3,10,Low
EMP1782,Research & Development,Laboratory Technician,1,38,Female,Lab Systems,Read,Stable,No,5,4,0,4,Travel_Rarely,No,3,5,3,10,Low
EMP1783,Research & Development,Laboratory Technician,1,22,Female,Active Directory,Read,Leaver,Yes,1,0,0,0,Travel_Rarely,Yes,3,1,6,70,Critical
EMP1783,Research & Development,Laboratory Technician,1,22,Female,SAP,Read,Leaver,Yes,1,0,0,0,Travel_Rarely,Yes,3,1,6,70,Critical
EMP1783,Research & Development,Laboratory Technician,1,22,Female,SharePoint,Read,Leaver,Yes,1,0,0,0,Travel_Rarely,Yes,3,1,6,70,Critical
EMP1783,Research & Development,Laboratory Technician,1,22,Female,ServiceNow,Read,Leaver,Yes,1,0,0,0,Travel_Rarely,Yes,3,1,6,70,Critical
EMP1783,Research & Development,Laboratory Technician,1,22,Female,Lab Systems,Read,Leaver,Yes,1,0,0,0,Travel_Rarely,Yes,3,1,6,70,Critical
EMP1784,Sales,Sales Executive,2,31,Female,Active Directory,Write,Stable,No,12,7,5,7,Travel_Rarely,No,3,13,3,35,Medium
EMP1784,Sales,Sales Executive,2,31,Female,Salesforce,Write,Stable,No,12,7,5,7,Travel_Rarely,No,3,13,3,35,Medium
EMP1784,Sales,Sales Executive,2,31,Female,SharePoint,Write,Stable,No,12,7,5,7,Travel_Rarely,No,3,13,3,35,Medium
EMP1784,Sales,Sales Executive,2,31,Female,ServiceNow,Write,Stable,No,12,7,5,7,Travel_Rarely,No,3,13,3,35,Medium
EMP1784,Sales,Sales Executive,2,31,Female,CRM Portal,Write,Stable,No,12,7,5,7,Travel_Rarely,No,3,13,3,35,Medium
EMP1786,Research & Development,Manager,3,51,Female,Active Directory,Write,Stable,No,2,2,2,2,Travel_Rarely,No,3,15,2,20,Low
EMP1786,Research & Development,Manager,3,51,Female,SAP,Write,Stable,No,2,2,2,2,Travel_Rarely,No,3,15,2,20,Low
EMP1786,Research & Development,Manager,3,51,Female,SharePoint,Write,Stable,No,2,2,2,2,Travel_Rarely,No,3,15,2,20,Low
EMP1786,Research & Development,Manager,3,51,Female,ServiceNow,Write,Stable,No,2,2,2,2,Travel_Rarely,No,3,15,2,20,Low
EMP1786,Research & Development,Manager,3,51,Female,Lab Systems,Write,Stable,No,2,2,2,2,Travel_Rarely,No,3,15,2,20,Low
EMP1787,Sales,Sales Executive,2,37,Male,Active Directory,Write,Stable,No,5,2,0,3,Travel_Rarely,No,3,5,2,20,Low
EMP1787,Sales,Sales Executive,2,37,Male,Salesforce,Write,Stable,No,5,2,0,3,Travel_Rarely,No,3,5,2,20,Low
EMP1787,Sales,Sales Executive,2,37,Male,SharePoint,Write,Stable,No,5,2,0,3,Travel_Rarely,No,3,5,2,20,Low
EMP1787,Sales,Sales Executive,2,37,Male,ServiceNow,Write,Stable,No,5,2,0,3,Travel_Rarely,No,3,5,2,20,Low
EMP1787,Sales,Sales Executive,2,37,Male,CRM Portal,Write,Stable,No,5,2,0,3,Travel_Rarely,No,3,5,2,20,Low
EMP1789,Research & Development,Research Director,5,46,Male,Active Directory,Admin,Mover,No,2,1,2,2,Travel_Rarely,Yes,3,24,3,65,High
EMP1789,Research & Development,Research Director,5,46,Male,SAP,Admin,Mover,No,2,1,2,2,Travel_Rarely,Yes,3,24,3,65,High
EMP1789,Research & Development,Research Director,5,46,Male,SharePoint,Admin,Mover,No,2,1,2,2,Travel_Rarely,Yes,3,24,3,65,High
EMP1789,Research & Development,Research Director,5,46,Male,ServiceNow,Admin,Mover,No,2,1,2,2,Travel_Rarely,Yes,3,24,3,65,High
EMP1789,Research & Development,Research Director,5,46,Male,Lab Systems,Admin,Mover,No,2,1,2,2,Travel_Rarely,Yes,3,24,3,65,High
EMP1790,Research & Development,Healthcare Representative,3,36,Male,Active Directory,Read,Stable,No,12,8,5,7,Travel_Rarely,Yes,3,15,1,35,Medium
EMP1790,Research & Development,Healthcare Representative,3,36,Male,SAP,Read,Stable,No,12,8,5,7,Travel_Rarely,Yes,3,15,1,35,Medium
EMP1790,Research & Development,Healthcare Representative,3,36,Male,SharePoint,Read,Stable,No,12,8,5,7,Travel_Rarely,Yes,3,15,1,35,Medium
EMP1790,Research & Development,Healthcare Representative,3,36,Male,ServiceNow,Read,Stable,No,12,8,5,7,Travel_Rarely,Yes,3,15,1,35,Medium
EMP1790,Research & Development,Healthcare Representative,3,36,Male,Lab Systems,Read,Stable,No,12,8,5,7,Travel_Rarely,Yes,3,15,1,35,Medium
EMP1792,Research & Development,Research Scientist,1,44,Male,Active Directory,Write,Leaver,Yes,5,3,2,3,Travel_Frequently,Yes,3,6,2,75,Critical
EMP1792,Research & Development,Research Scientist,1,44,Male,SAP,Write,Leaver,Yes,5,3,2,3,Travel_Frequently,Yes,3,6,2,75,Critical
EMP1792,Research & Development,Research Scientist,1,44,Male,SharePoint,Write,Leaver,Yes,5,3,2,3,Travel_Frequently,Yes,3,6,2,75,Critical
EMP1792,Research & Development,Research Scientist,1,44,Male,ServiceNow,Write,Leaver,Yes,5,3,2,3,Travel_Frequently,Yes,3,6,2,75,Critical
EMP1792,Research & Development,Research Scientist,1,44,Male,Lab Systems,Write,Leaver,Yes,5,3,2,3,Travel_Frequently,Yes,3,6,2,75,Critical
EMP1794,Human Resources,Human Resources,2,37,Male,Active Directory,Read,Mover,No,10,0,4,7,Travel_Rarely,No,3,19,4,40,Medium
EMP1794,Human Resources,Human Resources,2,37,Male,Workday,Read,Mover,No,10,0,4,7,Travel_Rarely,No,3,19,4,40,Medium
EMP1794,Human Resources,Human Resources,2,37,Male,SharePoint,Read,Mover,No,10,0,4,7,Travel_Rarely,No,3,19,4,40,Medium
EMP1794,Human Resources,Human Resources,2,37,Male,ServiceNow,Read,Mover,No,10,0,4,7,Travel_Rarely,No,3,19,4,40,Medium
EMP1794,Human Resources,Human Resources,2,37,Male,HR Portal,Read,Mover,No,10,0,4,7,Travel_Rarely,No,3,19,4,40,Medium
EMP1797,Sales,Sales Executive,2,35,Male,Active Directory,Write,Leaver,Yes,10,7,7,7,Travel_Rarely,Yes,3,10,2,80,Critical
EMP1797,Sales,Sales Executive,2,35,Male,Salesforce,Write,Leaver,Yes,10,7,7,7,Travel_Rarely,Yes,3,10,2,80,Critical
EMP1797,Sales,Sales Executive,2,35,Male,SharePoint,Write,Leaver,Yes,10,7,7,7,Travel_Rarely,Yes,3,10,2,80,Critical
EMP1797,Sales,Sales Executive,2,35,Male,ServiceNow,Write,Leaver,Yes,10,7,7,7,Travel_Rarely,Yes,3,10,2,80,Critical
EMP1797,Sales,Sales Executive,2,35,Male,CRM Portal,Write,Leaver,Yes,10,7,7,7,Travel_Rarely,Yes,3,10,2,80,Critical
EMP1798,Research & Development,Research Scientist,1,33,Male,Active Directory,Write,Stable,No,10,8,7,6,Travel_Rarely,No,3,14,1,30,Medium
EMP1798,Research & Development,Research Scientist,1,33,Male,SAP,Write,Stable,No,10,8,7,6,Travel_Rarely,No,3,14,1,30,Medium
EMP1798,Research & Development,Research Scientist,1,33,Male,SharePoint,Write,Stable,No,10,8,7,6,Travel_Rarely,No,3,14,1,30,Medium
EMP1798,Research & Development,Research Scientist,1,33,Male,ServiceNow,Write,Stable,No,10,8,7,6,Travel_Rarely,No,3,14,1,30,Medium
EMP1798,Research & Development,Research Scientist,1,33,Male,Lab Systems,Write,Stable,No,10,8,7,6,Travel_Rarely,No,3,14,1,30,Medium
EMP1799,Research & Development,Research Scientist,1,28,Male,Active Directory,Write,Stable,No,5,3,0,3,Travel_Rarely,No,3,5,6,20,Low
EMP1799,Research & Development,Research Scientist,1,28,Male,SAP,Write,Stable,No,5,3,0,3,Travel_Rarely,No,3,5,6,20,Low
EMP1799,Research & Development,Research Scientist,1,28,Male,SharePoint,Write,Stable,No,5,3,0,3,Travel_Rarely,No,3,5,6,20,Low
EMP1799,Research & Development,Research Scientist,1,28,Male,ServiceNow,Write,Stable,No,5,3,0,3,Travel_Rarely,No,3,5,6,20,Low
EMP1799,Research & Development,Research Scientist,1,28,Male,Lab Systems,Write,Stable,No,5,3,0,3,Travel_Rarely,No,3,5,6,20,Low
EMP1800,Research & Development,Research Director,3,39,Male,Active Directory,Admin,Stable,No,4,3,2,2,Travel_Rarely,No,4,9,3,35,Medium
EMP1800,Research & Development,Research Director,3,39,Male,SAP,Admin,Stable,No,4,3,2,2,Travel_Rarely,No,4,9,3,35,Medium
EMP1800,Research & Development,Research Director,3,39,Male,SharePoint,Admin,Stable,No,4,3,2,2,Travel_Rarely,No,4,9,3,35,Medium
EMP1800,Research & Development,Research Director,3,39,Male,ServiceNow,Admin,Stable,No,4,3,2,2,Travel_Rarely,No,4,9,3,35,Medium
EMP1800,Research & Development,Research Director,3,39,Male,Lab Systems,Admin,Stable,No,4,3,2,2,Travel_Rarely,No,4,9,3,35,Medium
EMP1801,Sales,Sales Executive,2,46,Male,Active Directory,Write,Stable,No,2,2,2,2,Non-Travel,No,3,6,3,15,Low
EMP1801,Sales,Sales Executive,2,46,Male,Salesforce,Write,Stable,No,2,2,2,2,Non-Travel,No,3,6,3,15,Low
EMP1801,Sales,Sales Executive,2,46,Male,SharePoint,Write,Stable,No,2,2,2,2,Non-Travel,No,3,6,3,15,Low
EMP1801,Sales,Sales Executive,2,46,Male,ServiceNow,Write,Stable,No,2,2,2,2,Non-Travel,No,3,6,3,15,Low
EMP1801,Sales,Sales Executive,2,46,Male,CRM Portal,Write,Stable,No,2,2,2,2,Non-Travel,No,3,6,3,15,Low
EMP1802,Research & Development,Laboratory Technician,1,40,Female,Active Directory,Read,Stable,No,4,3,0,2,Travel_Rarely,No,3,7,5,10,Low
EMP1802,Research & Development,Laboratory Technician,1,40,Female,SAP,Read,Stable,No,4,3,0,2,Travel_Rarely,No,3,7,5,10,Low
EMP1802,Research & Development,Laboratory Technician,1,40,Female,SharePoint,Read,Stable,No,4,3,0,2,Travel_Rarely,No,3,7,5,10,Low
EMP1802,Research & Development,Laboratory Technician,1,40,Female,ServiceNow,Read,Stable,No,4,3,0,2,Travel_Rarely,No,3,7,5,10,Low
EMP1802,Research & Development,Laboratory Technician,1,40,Female,Lab Systems,Read,Stable,No,4,3,0,2,Travel_Rarely,No,3,7,5,10,Low
EMP1803,Research & Development,Healthcare Representative,2,42,Male,Active Directory,Read,Mover,No,0,0,0,0,Travel_Rarely,No,3,10,2,40,Medium
EMP1803,Research & Development,Healthcare Representative,2,42,Male,SAP,Read,Mover,No,0,0,0,0,Travel_Rarely,No,3,10,2,40,Medium
EMP1803,Research & Development,Healthcare Representative,2,42,Male,SharePoint,Read,Mover,No,0,0,0,0,Travel_Rarely,No,3,10,2,40,Medium
EMP1803,Research & Development,Healthcare Representative,2,42,Male,ServiceNow,Read,Mover,No,0,0,0,0,Travel_Rarely,No,3,10,2,40,Medium
EMP1803,Research & Development,Healthcare Representative,2,42,Male,Lab Systems,Read,Mover,No,0,0,0,0,Travel_Rarely,No,3,10,2,40,Medium
EMP1804,Research & Development,Manufacturing Director,2,35,Male,Active Directory,Write,Stable,No,7,7,1,7,Non-Travel,No,3,15,6,25,Low
EMP1804,Research & Development,Manufacturing Director,2,35,Male,SAP,Write,Stable,No,7,7,1,7,Non-Travel,No,3,15,6,25,Low
EMP1804,Research & Development,Manufacturing Director,2,35,Male,SharePoint,Write,Stable,No,7,7,1,7,Non-Travel,No,3,15,6,25,Low
EMP1804,Research & Development,Manufacturing Director,2,35,Male,ServiceNow,Write,Stable,No,7,7,1,7,Non-Travel,No,3,15,6,25,Low
EMP1804,Research & Development,Manufacturing Director,2,35,Male,Lab Systems,Write,Stable,No,7,7,1,7,Non-Travel,No,3,15,6,25,Low
EMP1805,Human Resources,Human Resources,1,38,Male,Active Directory,Read,Stable,No,11,10,3,8,Non-Travel,No,3,13,3,20,Low
EMP1805,Human Resources,Human Resources,1,38,Male,Workday,Read,Stable,No,11,10,3,8,Non-Travel,No,3,13,3,20,Low
EMP1805,Human Resources,Human Resources,1,38,Male,SharePoint,Read,Stable,No,11,10,3,8,Non-Travel,No,3,13,3,20,Low
EMP1805,Human Resources,Human Resources,1,38,Male,ServiceNow,Read,Stable,No,11,10,3,8,Non-Travel,No,3,13,3,20,Low
EMP1805,Human Resources,Human Resources,1,38,Male,HR Portal,Read,Stable,No,11,10,3,8,Non-Travel,No,3,13,3,20,Low
EMP1807,Research & Development,Laboratory Technician,2,34,Male,Active Directory,Read,Leaver,Yes,7,1,0,7,Travel_Frequently,No,3,11,3,65,High
EMP1807,Research & Development,Laboratory Technician,2,34,Male,SAP,Read,Leaver,Yes,7,1,0,7,Travel_Frequently,No,3,11,3,65,High
EMP1807,Research & Development,Laboratory Technician,2,34,Male,SharePoint,Read,Leaver,Yes,7,1,0,7,Travel_Frequently,No,3,11,3,65,High
EMP1807,Research & Development,Laboratory Technician,2,34,Male,ServiceNow,Read,Leaver,Yes,7,1,0,7,Travel_Frequently,No,3,11,3,65,High
EMP1807,Research & Development,Laboratory Technician,2,34,Male,Lab Systems,Read,Leaver,Yes,7,1,0,7,Travel_Frequently,No,3,11,3,65,High
EMP1809,Research & Development,Manufacturing Director,2,37,Male,Active Directory,Write,Leaver,Yes,10,3,0,8,Travel_Rarely,No,3,10,4,70,Critical
EMP1809,Research & Development,Manufacturing Director,2,37,Male,SAP,Write,Leaver,Yes,10,3,0,8,Travel_Rarely,No,3,10,4,70,Critical
EMP1809,Research & Development,Manufacturing Director,2,37,Male,SharePoint,Write,Leaver,Yes,10,3,0,8,Travel_Rarely,No,3,10,4,70,Critical
EMP1809,Research & Development,Manufacturing Director,2,37,Male,ServiceNow,Write,Leaver,Yes,10,3,0,8,Travel_Rarely,No,3,10,4,70,Critical
EMP1809,Research & Development,Manufacturing Director,2,37,Male,Lab Systems,Write,Leaver,Yes,10,3,0,8,Travel_Rarely,No,3,10,4,70,Critical
EMP1812,Sales,Sales Executive,2,39,Male,Active Directory,Write,Mover,No,2,1,2,2,Travel_Frequently,No,3,7,6,45,Medium
EMP1812,Sales,Sales Executive,2,39,Male,Salesforce,Write,Mover,No,2,1,2,2,Travel_Frequently,No,3,7,6,45,Medium
EMP1812,Sales,Sales Executive,2,39,Male,SharePoint,Write,Mover,No,2,1,2,2,Travel_Frequently,No,3,7,6,45,Medium
EMP1812,Sales,Sales Executive,2,39,Male,ServiceNow,Write,Mover,No,2,1,2,2,Travel_Frequently,No,3,7,6,45,Medium
EMP1812,Sales,Sales Executive,2,39,Male,CRM Portal,Write,Mover,No,2,1,2,2,Travel_Frequently,No,3,7,6,45,Medium
EMP1813,Research & Development,Research Scientist,1,43,Male,Active Directory,Write,Stable,No,3,2,1,2,Non-Travel,No,3,7,2,15,Low
EMP1813,Research & Development,Research Scientist,1,43,Male,SAP,Write,Stable,No,3,2,1,2,Non-Travel,No,3,7,2,15,Low
EMP1813,Research & Development,Research Scientist,1,43,Male,SharePoint,Write,Stable,No,3,2,1,2,Non-Travel,No,3,7,2,15,Low
EMP1813,Research & Development,Research Scientist,1,43,Male,ServiceNow,Write,Stable,No,3,2,1,2,Non-Travel,No,3,7,2,15,Low
EMP1813,Research & Development,Research Scientist,1,43,Male,Lab Systems,Write,Stable,No,3,2,1,2,Non-Travel,No,3,7,2,15,Low
EMP1814,Research & Development,Healthcare Representative,2,41,Male,Active Directory,Read,Stable,No,3,2,1,2,Travel_Rarely,No,3,11,3,10,Low
EMP1814,Research & Development,Healthcare Representative,2,41,Male,SAP,Read,Stable,No,3,2,1,2,Travel_Rarely,No,3,11,3,10,Low
EMP1814,Research & Development,Healthcare Representative,2,41,Male,SharePoint,Read,Stable,No,3,2,1,2,Travel_Rarely,No,3,11,3,10,Low
EMP1814,Research & Development,Healthcare Representative,2,41,Male,ServiceNow,Read,Stable,No,3,2,1,2,Travel_Rarely,No,3,11,3,10,Low
EMP1814,Research & Development,Healthcare Representative,2,41,Male,Lab Systems,Read,Stable,No,3,2,1,2,Travel_Rarely,No,3,11,3,10,Low
EMP1815,Sales,Sales Executive,3,41,Female,Active Directory,Write,Stable,No,22,14,13,5,Travel_Rarely,Yes,3,23,3,45,Medium
EMP1815,Sales,Sales Executive,3,41,Female,Salesforce,Write,Stable,No,22,14,13,5,Travel_Rarely,Yes,3,23,3,45,Medium
EMP1815,Sales,Sales Executive,3,41,Female,SharePoint,Write,Stable,No,22,14,13,5,Travel_Rarely,Yes,3,23,3,45,Medium
EMP1815,Sales,Sales Executive,3,41,Female,ServiceNow,Write,Stable,No,22,14,13,5,Travel_Rarely,Yes,3,23,3,45,Medium
EMP1815,Sales,Sales Executive,3,41,Female,CRM Portal,Write,Stable,No,22,14,13,5,Travel_Rarely,Yes,3,23,3,45,Medium
EMP1816,Research & Development,Manufacturing Director,3,30,Female,Active Directory,Write,Stable,No,7,7,0,2,Travel_Rarely,No,3,9,3,30,Medium
EMP1816,Research & Development,Manufacturing Director,3,30,Female,SAP,Write,Stable,No,7,7,0,2,Travel_Rarely,No,3,9,3,30,Medium
EMP1816,Research & Development,Manufacturing Director,3,30,Female,SharePoint,Write,Stable,No,7,7,0,2,Travel_Rarely,No,3,9,3,30,Medium
EMP1816,Research & Development,Manufacturing Director,3,30,Female,ServiceNow,Write,Stable,No,7,7,0,2,Travel_Rarely,No,3,9,3,30,Medium
EMP1816,Research & Development,Manufacturing Director,3,30,Female,Lab Systems,Write,Stable,No,7,7,0,2,Travel_Rarely,No,3,9,3,30,Medium
EMP1818,Human Resources,Human Resources,1,26,Female,Active Directory,Read,Leaver,Yes,5,1,1,4,Travel_Rarely,Yes,3,6,3,60,High
EMP1818,Human Resources,Human Resources,1,26,Female,Workday,Read,Leaver,Yes,5,1,1,4,Travel_Rarely,Yes,3,6,3,60,High
EMP1818,Human Resources,Human Resources,1,26,Female,SharePoint,Read,Leaver,Yes,5,1,1,4,Travel_Rarely,Yes,3,6,3,60,High
EMP1818,Human Resources,Human Resources,1,26,Female,ServiceNow,Read,Leaver,Yes,5,1,1,4,Travel_Rarely,Yes,3,6,3,60,High
EMP1818,Human Resources,Human Resources,1,26,Female,HR Portal,Read,Leaver,Yes,5,1,1,4,Travel_Rarely,Yes,3,6,3,60,High
EMP1821,Research & Development,Healthcare Representative,2,46,Female,Active Directory,Read,Leaver,Yes,9,7,3,7,Travel_Rarely,No,4,13,2,60,High
EMP1821,Research & Development,Healthcare Representative,2,46,Female,SAP,Read,Leaver,Yes,9,7,3,7,Travel_Rarely,No,4,13,2,60,High
EMP1821,Research & Development,Healthcare Representative,2,46,Female,SharePoint,Read,Leaver,Yes,9,7,3,7,Travel_Rarely,No,4,13,2,60,High
EMP1821,Research & Development,Healthcare Representative,2,46,Female,ServiceNow,Read,Leaver,Yes,9,7,3,7,Travel_Rarely,No,4,13,2,60,High
EMP1821,Research & Development,Healthcare Representative,2,46,Female,Lab Systems,Read,Leaver,Yes,9,7,3,7,Travel_Rarely,No,4,13,2,60,High
EMP1822,Research & Development,Healthcare Representative,2,40,Female,Active Directory,Read,Stable,No,5,3,0,3,Travel_Rarely,No,3,12,3,10,Low
EMP1822,Research & Development,Healthcare Representative,2,40,Female,SAP,Read,Stable,No,5,3,0,3,Travel_Rarely,No,3,12,3,10,Low
EMP1822,Research & Development,Healthcare Representative,2,40,Female,SharePoint,Read,Stable,No,5,3,0,3,Travel_Rarely,No,3,12,3,10,Low
EMP1822,Research & Development,Healthcare Representative,2,40,Female,ServiceNow,Read,Stable,No,5,3,0,3,Travel_Rarely,No,3,12,3,10,Low
EMP1822,Research & Development,Healthcare Representative,2,40,Female,Lab Systems,Read,Stable,No,5,3,0,3,Travel_Rarely,No,3,12,3,10,Low
EMP1823,Sales,Sales Executive,2,34,Male,Active Directory,Write,Stable,No,10,8,4,8,Travel_Rarely,No,4,10,5,30,Medium
EMP1823,Sales,Sales Executive,2,34,Male,Salesforce,Write,Stable,No,10,8,4,8,Travel_Rarely,No,4,10,5,30,Medium
EMP1823,Sales,Sales Executive,2,34,Male,SharePoint,Write,Stable,No,10,8,4,8,Travel_Rarely,No,4,10,5,30,Medium
EMP1823,Sales,Sales Executive,2,34,Male,ServiceNow,Write,Stable,No,10,8,4,8,Travel_Rarely,No,4,10,5,30,Medium
EMP1823,Sales,Sales Executive,2,34,Male,CRM Portal,Write,Stable,No,10,8,4,8,Travel_Rarely,No,4,10,5,30,Medium
EMP1824,Sales,Manager,4,58,Male,Active Directory,Write,Stable,No,16,9,14,14,Non-Travel,No,4,37,0,30,Medium
EMP1824,Sales,Manager,4,58,Male,Salesforce,Write,Stable,No,16,9,14,14,Non-Travel,No,4,37,0,30,Medium
EMP1824,Sales,Manager,4,58,Male,SharePoint,Write,Stable,No,16,9,14,14,Non-Travel,No,4,37,0,30,Medium
EMP1824,Sales,Manager,4,58,Male,ServiceNow,Write,Stable,No,16,9,14,14,Non-Travel,No,4,37,0,30,Medium
EMP1824,Sales,Manager,4,58,Male,CRM Portal,Write,Stable,No,16,9,14,14,Non-Travel,No,4,37,0,30,Medium
EMP1826,Research & Development,Laboratory Technician,1,35,Male,Active Directory,Read,Stable,No,5,4,0,3,Travel_Rarely,No,3,6,2,10,Low
EMP1826,Research & Development,Laboratory Technician,1,35,Male,SAP,Read,Stable,No,5,4,0,3,Travel_Rarely,No,3,6,2,10,Low
EMP1826,Research & Development,Laboratory Technician,1,35,Male,SharePoint,Read,Stable,No,5,4,0,3,Travel_Rarely,No,3,6,2,10,Low
EMP1826,Research & Development,Laboratory Technician,1,35,Male,ServiceNow,Read,Stable,No,5,4,0,3,Travel_Rarely,No,3,6,2,10,Low
EMP1826,Research & Development,Laboratory Technician,1,35,Male,Lab Systems,Read,Stable,No,5,4,0,3,Travel_Rarely,No,3,6,2,10,Low
EMP1827,Research & Development,Manufacturing Director,3,47,Female,Active Directory,Write,Stable,No,22,11,14,10,Travel_Rarely,Yes,3,28,4,45,Medium
EMP1827,Research & Development,Manufacturing Director,3,47,Female,SAP,Write,Stable,No,22,11,14,10,Travel_Rarely,Yes,3,28,4,45,Medium
EMP1827,Research & Development,Manufacturing Director,3,47,Female,SharePoint,Write,Stable,No,22,11,14,10,Travel_Rarely,Yes,3,28,4,45,Medium
EMP1827,Research & Development,Manufacturing Director,3,47,Female,ServiceNow,Write,Stable,No,22,11,14,10,Travel_Rarely,Yes,3,28,4,45,Medium
EMP1827,Research & Development,Manufacturing Director,3,47,Female,Lab Systems,Write,Stable,No,22,11,14,10,Travel_Rarely,Yes,3,28,4,45,Medium
EMP1829,Research & Development,Healthcare Representative,2,40,Female,Active Directory,Read,Stable,No,7,4,7,7,Travel_Rarely,No,3,15,3,20,Low
EMP1829,Research & Development,Healthcare Representative,2,40,Female,SAP,Read,Stable,No,7,4,7,7,Travel_Rarely,No,3,15,3,20,Low
EMP1829,Research & Development,Healthcare Representative,2,40,Female,SharePoint,Read,Stable,No,7,4,7,7,Travel_Rarely,No,3,15,3,20,Low
EMP1829,Research & Development,Healthcare Representative,2,40,Female,ServiceNow,Read,Stable,No,7,4,7,7,Travel_Rarely,No,3,15,3,20,Low
EMP1829,Research & Development,Healthcare Representative,2,40,Female,Lab Systems,Read,Stable,No,7,4,7,7,Travel_Rarely,No,3,15,3,20,Low
EMP1830,Research & Development,Research Scientist,2,54,Female,Active Directory,Write,Mover,No,7,1,1,7,Travel_Rarely,No,3,14,2,50,High
EMP1830,Research & Development,Research Scientist,2,54,Female,SAP,Write,Mover,No,7,1,1,7,Travel_Rarely,No,3,14,2,50,High
EMP1830,Research & Development,Research Scientist,2,54,Female,SharePoint,Write,Mover,No,7,1,1,7,Travel_Rarely,No,3,14,2,50,High
EMP1830,Research & Development,Research Scientist,2,54,Female,ServiceNow,Write,Mover,No,7,1,1,7,Travel_Rarely,No,3,14,2,50,High
EMP1830,Research & Development,Research Scientist,2,54,Female,Lab Systems,Write,Mover,No,7,1,1,7,Travel_Rarely,No,3,14,2,50,High
EMP1833,Sales,Sales Executive,3,31,Female,Active Directory,Write,Stable,No,3,2,2,2,Travel_Frequently,No,3,9,3,25,Low
EMP1833,Sales,Sales Executive,3,31,Female,Salesforce,Write,Stable,No,3,2,2,2,Travel_Frequently,No,3,9,3,25,Low
EMP1833,Sales,Sales Executive,3,31,Female,SharePoint,Write,Stable,No,3,2,2,2,Travel_Frequently,No,3,9,3,25,Low
EMP1833,Sales,Sales Executive,3,31,Female,ServiceNow,Write,Stable,No,3,2,2,2,Travel_Frequently,No,3,9,3,25,Low
EMP1833,Sales,Sales Executive,3,31,Female,CRM Portal,Write,Stable,No,3,2,2,2,Travel_Frequently,No,3,9,3,25,Low
EMP1834,Research & Development,Research Scientist,1,28,Female,Active Directory,Write,Stable,No,3,2,1,2,Travel_Rarely,No,4,3,3,20,Low
EMP1834,Research & Development,Research Scientist,1,28,Female,SAP,Write,Stable,No,3,2,1,2,Travel_Rarely,No,4,3,3,20,Low
EMP1834,Research & Development,Research Scientist,1,28,Female,SharePoint,Write,Stable,No,3,2,1,2,Travel_Rarely,No,4,3,3,20,Low
EMP1834,Research & Development,Research Scientist,1,28,Female,ServiceNow,Write,Stable,No,3,2,1,2,Travel_Rarely,No,4,3,3,20,Low
EMP1834,Research & Development,Research Scientist,1,28,Female,Lab Systems,Write,Stable,No,3,2,1,2,Travel_Rarely,No,4,3,3,20,Low
EMP1835,Sales,Sales Representative,2,38,Female,Active Directory,Read,Stable,No,4,2,0,3,Travel_Rarely,Yes,4,20,4,20,Low
EMP1835,Sales,Sales Representative,2,38,Female,Salesforce,Read,Stable,No,4,2,0,3,Travel_Rarely,Yes,4,20,4,20,Low
EMP1835,Sales,Sales Representative,2,38,Female,SharePoint,Read,Stable,No,4,2,0,3,Travel_Rarely,Yes,4,20,4,20,Low
EMP1835,Sales,Sales Representative,2,38,Female,ServiceNow,Read,Stable,No,4,2,0,3,Travel_Rarely,Yes,4,20,4,20,Low
EMP1835,Sales,Sales Representative,2,38,Female,CRM Portal,Read,Stable,No,4,2,0,3,Travel_Rarely,Yes,4,20,4,20,Low
EMP1836,Sales,Sales Executive,2,26,Male,Active Directory,Write,Stable,No,5,3,1,2,Travel_Rarely,No,3,5,4,20,Low
EMP1836,Sales,Sales Executive,2,26,Male,Salesforce,Write,Stable,No,5,3,1,2,Travel_Rarely,No,3,5,4,20,Low
EMP1836,Sales,Sales Executive,2,26,Male,SharePoint,Write,Stable,No,5,3,1,2,Travel_Rarely,No,3,5,4,20,Low
EMP1836,Sales,Sales Executive,2,26,Male,ServiceNow,Write,Stable,No,5,3,1,2,Travel_Rarely,No,3,5,4,20,Low
EMP1836,Sales,Sales Executive,2,26,Male,CRM Portal,Write,Stable,No,5,3,1,2,Travel_Rarely,No,3,5,4,20,Low
EMP1837,Research & Development,Research Director,4,58,Male,Active Directory,Admin,Stable,No,2,2,2,2,Travel_Frequently,Yes,3,23,3,50,High
EMP1837,Research & Development,Research Director,4,58,Male,SAP,Admin,Stable,No,2,2,2,2,Travel_Frequently,Yes,3,23,3,50,High
EMP1837,Research & Development,Research Director,4,58,Male,SharePoint,Admin,Stable,No,2,2,2,2,Travel_Frequently,Yes,3,23,3,50,High
EMP1837,Research & Development,Research Director,4,58,Male,ServiceNow,Admin,Stable,No,2,2,2,2,Travel_Frequently,Yes,3,23,3,50,High
EMP1837,Research & Development,Research Director,4,58,Male,Lab Systems,Admin,Stable,No,2,2,2,2,Travel_Frequently,Yes,3,23,3,50,High
EMP1839,Research & Development,Research Scientist,1,18,Female,Active Directory,Write,Mover,No,0,0,0,0,Non-Travel,No,3,0,4,45,Medium
EMP1839,Research & Development,Research Scientist,1,18,Female,SAP,Write,Mover,No,0,0,0,0,Non-Travel,No,3,0,4,45,Medium
EMP1839,Research & Development,Research Scientist,1,18,Female,SharePoint,Write,Mover,No,0,0,0,0,Non-Travel,No,3,0,4,45,Medium
EMP1839,Research & Development,Research Scientist,1,18,Female,ServiceNow,Write,Mover,No,0,0,0,0,Non-Travel,No,3,0,4,45,Medium
EMP1839,Research & Development,Research Scientist,1,18,Female,Lab Systems,Write,Mover,No,0,0,0,0,Non-Travel,No,3,0,4,45,Medium
EMP1842,Human Resources,Human Resources,1,31,Male,Active Directory,Read,Leaver,Yes,1,0,0,0,Travel_Rarely,No,3,2,4,60,High
EMP1842,Human Resources,Human Resources,1,31,Male,Workday,Read,Leaver,Yes,1,0,0,0,Travel_Rarely,No,3,2,4,60,High
EMP1842,Human Resources,Human Resources,1,31,Male,SharePoint,Read,Leaver,Yes,1,0,0,0,Travel_Rarely,No,3,2,4,60,High
EMP1842,Human Resources,Human Resources,1,31,Male,ServiceNow,Read,Leaver,Yes,1,0,0,0,Travel_Rarely,No,3,2,4,60,High
EMP1842,Human Resources,Human Resources,1,31,Male,HR Portal,Read,Leaver,Yes,1,0,0,0,Travel_Rarely,No,3,2,4,60,High
EMP1844,Human Resources,Human Resources,1,29,Male,Active Directory,Read,Leaver,Yes,2,2,2,0,Travel_Rarely,Yes,3,4,3,70,Critical
EMP1844,Human Resources,Human Resources,1,29,Male,Workday,Read,Leaver,Yes,2,2,2,0,Travel_Rarely,Yes,3,4,3,70,Critical
EMP1844,Human Resources,Human Resources,1,29,Male,SharePoint,Read,Leaver,Yes,2,2,2,0,Travel_Rarely,Yes,3,4,3,70,Critical
EMP1844,Human Resources,Human Resources,1,29,Male,ServiceNow,Read,Leaver,Yes,2,2,2,0,Travel_Rarely,Yes,3,4,3,70,Critical
EMP1844,Human Resources,Human Resources,1,29,Male,HR Portal,Read,Leaver,Yes,2,2,2,0,Travel_Rarely,Yes,3,4,3,70,Critical
EMP1845,Sales,Sales Executive,2,45,Female,Active Directory,Write,Stable,No,8,7,5,7,Non-Travel,No,4,10,3,25,Low
EMP1845,Sales,Sales Executive,2,45,Female,Salesforce,Write,Stable,No,8,7,5,7,Non-Travel,No,4,10,3,25,Low
EMP1845,Sales,Sales Executive,2,45,Female,SharePoint,Write,Stable,No,8,7,5,7,Non-Travel,No,4,10,3,25,Low
EMP1845,Sales,Sales Executive,2,45,Female,ServiceNow,Write,Stable,No,8,7,5,7,Non-Travel,No,4,10,3,25,Low
EMP1845,Sales,Sales Executive,2,45,Female,CRM Portal,Write,Stable,No,8,7,5,7,Non-Travel,No,4,10,3,25,Low
EMP1847,Research & Development,Research Scientist,2,36,Female,Active Directory,Write,Mover,No,1,0,0,0,Travel_Rarely,Yes,4,15,2,60,High
EMP1847,Research & Development,Research Scientist,2,36,Female,SAP,Write,Mover,No,1,0,0,0,Travel_Rarely,Yes,4,15,2,60,High
EMP1847,Research & Development,Research Scientist,2,36,Female,SharePoint,Write,Mover,No,1,0,0,0,Travel_Rarely,Yes,4,15,2,60,High
EMP1847,Research & Development,Research Scientist,2,36,Female,ServiceNow,Write,Mover,No,1,0,0,0,Travel_Rarely,Yes,4,15,2,60,High
EMP1847,Research & Development,Research Scientist,2,36,Female,Lab Systems,Write,Mover,No,1,0,0,0,Travel_Rarely,Yes,4,15,2,60,High
EMP1849,Sales,Sales Executive,2,43,Male,Active Directory,Write,Stable,No,7,7,7,7,Travel_Frequently,No,4,7,5,35,Medium
EMP1849,Sales,Sales Executive,2,43,Male,Salesforce,Write,Stable,No,7,7,7,7,Travel_Frequently,No,4,7,5,35,Medium
EMP1849,Sales,Sales Executive,2,43,Male,SharePoint,Write,Stable,No,7,7,7,7,Travel_Frequently,No,4,7,5,35,Medium
EMP1849,Sales,Sales Executive,2,43,Male,ServiceNow,Write,Stable,No,7,7,7,7,Travel_Frequently,No,4,7,5,35,Medium
EMP1849,Sales,Sales Executive,2,43,Male,CRM Portal,Write,Stable,No,7,7,7,7,Travel_Frequently,No,4,7,5,35,Medium
EMP1850,Research & Development,Laboratory Technician,1,27,Female,Active Directory,Read,Stable,No,5,4,0,2,Travel_Frequently,Yes,3,6,3,25,Low
EMP1850,Research & Development,Laboratory Technician,1,27,Female,SAP,Read,Stable,No,5,4,0,2,Travel_Frequently,Yes,3,6,3,25,Low
EMP1850,Research & Development,Laboratory Technician,1,27,Female,SharePoint,Read,Stable,No,5,4,0,2,Travel_Frequently,Yes,3,6,3,25,Low
EMP1850,Research & Development,Laboratory Technician,1,27,Female,ServiceNow,Read,Stable,No,5,4,0,2,Travel_Frequently,Yes,3,6,3,25,Low
EMP1850,Research & Development,Laboratory Technician,1,27,Female,Lab Systems,Read,Stable,No,5,4,0,2,Travel_Frequently,Yes,3,6,3,25,Low
EMP1852,Research & Development,Laboratory Technician,1,29,Male,Active Directory,Read,Stable,No,11,8,3,10,Travel_Frequently,No,3,11,3,30,Medium
EMP1852,Research & Development,Laboratory Technician,1,29,Male,SAP,Read,Stable,No,11,8,3,10,Travel_Frequently,No,3,11,3,30,Medium
EMP1852,Research & Development,Laboratory Technician,1,29,Male,SharePoint,Read,Stable,No,11,8,3,10,Travel_Frequently,No,3,11,3,30,Medium
EMP1852,Research & Development,Laboratory Technician,1,29,Male,ServiceNow,Read,Stable,No,11,8,3,10,Travel_Frequently,No,3,11,3,30,Medium
EMP1852,Research & Development,Laboratory Technician,1,29,Male,Lab Systems,Read,Stable,No,11,8,3,10,Travel_Frequently,No,3,11,3,30,Medium
EMP1853,Sales,Sales Executive,2,32,Male,Active Directory,Write,Mover,No,0,0,0,0,Travel_Frequently,No,3,4,2,55,High
EMP1853,Sales,Sales Executive,2,32,Male,Salesforce,Write,Mover,No,0,0,0,0,Travel_Frequently,No,3,4,2,55,High
EMP1853,Sales,Sales Executive,2,32,Male,SharePoint,Write,Mover,No,0,0,0,0,Travel_Frequently,No,3,4,2,55,High
EMP1853,Sales,Sales Executive,2,32,Male,ServiceNow,Write,Mover,No,0,0,0,0,Travel_Frequently,No,3,4,2,55,High
EMP1853,Sales,Sales Executive,2,32,Male,CRM Portal,Write,Mover,No,0,0,0,0,Travel_Frequently,No,3,4,2,55,High
EMP1854,Research & Development,Research Scientist,1,42,Male,Active Directory,Write,Stable,No,6,3,3,3,Non-Travel,No,4,10,1,25,Low
EMP1854,Research & Development,Research Scientist,1,42,Male,SAP,Write,Stable,No,6,3,3,3,Non-Travel,No,4,10,1,25,Low
EMP1854,Research & Development,Research Scientist,1,42,Male,SharePoint,Write,Stable,No,6,3,3,3,Non-Travel,No,4,10,1,25,Low
EMP1854,Research & Development,Research Scientist,1,42,Male,ServiceNow,Write,Stable,No,6,3,3,3,Non-Travel,No,4,10,1,25,Low
EMP1854,Research & Development,Research Scientist,1,42,Male,Lab Systems,Write,Stable,No,6,3,3,3,Non-Travel,No,4,10,1,25,Low
EMP1856,Research & Development,Laboratory Technician,1,47,Female,Active Directory,Read,Stable,No,2,2,2,0,Travel_Rarely,No,3,7,2,20,Low
EMP1856,Research & Development,Laboratory Technician,1,47,Female,SAP,Read,Stable,No,2,2,2,0,Travel_Rarely,No,3,7,2,20,Low
EMP1856,Research & Development,Laboratory Technician,1,47,Female,SharePoint,Read,Stable,No,2,2,2,0,Travel_Rarely,No,3,7,2,20,Low
EMP1856,Research & Development,Laboratory Technician,1,47,Female,ServiceNow,Read,Stable,No,2,2,2,0,Travel_Rarely,No,3,7,2,20,Low
EMP1856,Research & Development,Laboratory Technician,1,47,Female,Lab Systems,Read,Stable,No,2,2,2,0,Travel_Rarely,No,3,7,2,20,Low
EMP1857,Research & Development,Manufacturing Director,3,46,Male,Active Directory,Write,Stable,No,9,8,4,7,Travel_Rarely,No,3,12,4,30,Medium
EMP1857,Research & Development,Manufacturing Director,3,46,Male,SAP,Write,Stable,No,9,8,4,7,Travel_Rarely,No,3,12,4,30,Medium
EMP1857,Research & Development,Manufacturing Director,3,46,Male,SharePoint,Write,Stable,No,9,8,4,7,Travel_Rarely,No,3,12,4,30,Medium
EMP1857,Research & Development,Manufacturing Director,3,46,Male,ServiceNow,Write,Stable,No,9,8,4,7,Travel_Rarely,No,3,12,4,30,Medium
EMP1857,Research & Development,Manufacturing Director,3,46,Male,Lab Systems,Write,Stable,No,9,8,4,7,Travel_Rarely,No,3,12,4,30,Medium
EMP1858,Human Resources,Human Resources,1,28,Male,Active Directory,Read,Stable,No,3,2,2,2,Non-Travel,No,3,3,2,5,Low
EMP1858,Human Resources,Human Resources,1,28,Male,Workday,Read,Stable,No,3,2,2,2,Non-Travel,No,3,3,2,5,Low
EMP1858,Human Resources,Human Resources,1,28,Male,SharePoint,Read,Stable,No,3,2,2,2,Non-Travel,No,3,3,2,5,Low
EMP1858,Human Resources,Human Resources,1,28,Male,ServiceNow,Read,Stable,No,3,2,2,2,Non-Travel,No,3,3,2,5,Low
EMP1858,Human Resources,Human Resources,1,28,Male,HR Portal,Read,Stable,No,3,2,2,2,Non-Travel,No,3,3,2,5,Low
EMP1859,Research & Development,Healthcare Representative,2,29,Male,Active Directory,Read,Mover,No,7,0,1,6,Travel_Rarely,No,3,11,3,40,Medium
EMP1859,Research & Development,Healthcare Representative,2,29,Male,SAP,Read,Mover,No,7,0,1,6,Travel_Rarely,No,3,11,3,40,Medium
EMP1859,Research & Development,Healthcare Representative,2,29,Male,SharePoint,Read,Mover,No,7,0,1,6,Travel_Rarely,No,3,11,3,40,Medium
EMP1859,Research & Development,Healthcare Representative,2,29,Male,ServiceNow,Read,Mover,No,7,0,1,6,Travel_Rarely,No,3,11,3,40,Medium
EMP1859,Research & Development,Healthcare Representative,2,29,Male,Lab Systems,Read,Mover,No,7,0,1,6,Travel_Rarely,No,3,11,3,40,Medium
EMP1860,Research & Development,Laboratory Technician,1,42,Male,Active Directory,Read,Mover,No,0,0,0,0,Travel_Rarely,No,3,8,3,40,Medium
EMP1860,Research & Development,Laboratory Technician,1,42,Male,SAP,Read,Mover,No,0,0,0,0,Travel_Rarely,No,3,8,3,40,Medium
EMP1860,Research & Development,Laboratory Technician,1,42,Male,SharePoint,Read,Mover,No,0,0,0,0,Travel_Rarely,No,3,8,3,40,Medium
EMP1860,Research & Development,Laboratory Technician,1,42,Male,ServiceNow,Read,Mover,No,0,0,0,0,Travel_Rarely,No,3,8,3,40,Medium
EMP1860,Research & Development,Laboratory Technician,1,42,Male,Lab Systems,Read,Mover,No,0,0,0,0,Travel_Rarely,No,3,8,3,40,Medium
EMP1862,Sales,Sales Executive,2,32,Male,Active Directory,Write,Leaver,Yes,2,2,2,2,Travel_Rarely,Yes,3,7,3,70,Critical
EMP1862,Sales,Sales Executive,2,32,Male,Salesforce,Write,Leaver,Yes,2,2,2,2,Travel_Rarely,Yes,3,7,3,70,Critical
EMP1862,Sales,Sales Executive,2,32,Male,SharePoint,Write,Leaver,Yes,2,2,2,2,Travel_Rarely,Yes,3,7,3,70,Critical
EMP1862,Sales,Sales Executive,2,32,Male,ServiceNow,Write,Leaver,Yes,2,2,2,2,Travel_Rarely,Yes,3,7,3,70,Critical
EMP1862,Sales,Sales Executive,2,32,Male,CRM Portal,Write,Leaver,Yes,2,2,2,2,Travel_Rarely,Yes,3,7,3,70,Critical
EMP1863,Sales,Sales Executive,4,46,Female,Active Directory,Write,Stable,No,19,17,2,8,Travel_Rarely,No,3,25,5,35,Medium
EMP1863,Sales,Sales Executive,4,46,Female,Salesforce,Write,Stable,No,19,17,2,8,Travel_Rarely,No,3,25,5,35,Medium
EMP1863,Sales,Sales Executive,4,46,Female,SharePoint,Write,Stable,No,19,17,2,8,Travel_Rarely,No,3,25,5,35,Medium
EMP1863,Sales,Sales Executive,4,46,Female,ServiceNow,Write,Stable,No,19,17,2,8,Travel_Rarely,No,3,25,5,35,Medium
EMP1863,Sales,Sales Executive,4,46,Female,CRM Portal,Write,Stable,No,19,17,2,8,Travel_Rarely,No,3,25,5,35,Medium
EMP1864,Sales,Sales Representative,2,27,Female,Active Directory,Read,Stable,No,9,8,5,8,Travel_Rarely,No,4,9,5,20,Low
EMP1864,Sales,Sales Representative,2,27,Female,Salesforce,Read,Stable,No,9,8,5,8,Travel_Rarely,No,4,9,5,20,Low
EMP1864,Sales,Sales Representative,2,27,Female,SharePoint,Read,Stable,No,9,8,5,8,Travel_Rarely,No,4,9,5,20,Low
EMP1864,Sales,Sales Representative,2,27,Female,ServiceNow,Read,Stable,No,9,8,5,8,Travel_Rarely,No,4,9,5,20,Low
EMP1864,Sales,Sales Representative,2,27,Female,CRM Portal,Read,Stable,No,9,8,5,8,Travel_Rarely,No,4,9,5,20,Low
EMP1865,Human Resources,Human Resources,1,29,Male,Active Directory,Read,Mover,No,1,0,0,0,Travel_Rarely,No,3,1,3,40,Medium
EMP1865,Human Resources,Human Resources,1,29,Male,Workday,Read,Mover,No,1,0,0,0,Travel_Rarely,No,3,1,3,40,Medium
EMP1865,Human Resources,Human Resources,1,29,Male,SharePoint,Read,Mover,No,1,0,0,0,Travel_Rarely,No,3,1,3,40,Medium
EMP1865,Human Resources,Human Resources,1,29,Male,ServiceNow,Read,Mover,No,1,0,0,0,Travel_Rarely,No,3,1,3,40,Medium
EMP1865,Human Resources,Human Resources,1,29,Male,HR Portal,Read,Mover,No,1,0,0,0,Travel_Rarely,No,3,1,3,40,Medium
EMP1866,Research & Development,Manager,5,43,Female,Active Directory,Write,Stable,No,16,12,6,14,Travel_Rarely,No,3,21,2,35,Medium
EMP1866,Research & Development,Manager,5,43,Female,SAP,Write,Stable,No,16,12,6,14,Travel_Rarely,No,3,21,2,35,Medium
EMP1866,Research & Development,Manager,5,43,Female,SharePoint,Write,Stable,No,16,12,6,14,Travel_Rarely,No,3,21,2,35,Medium
EMP1866,Research & Development,Manager,5,43,Female,ServiceNow,Write,Stable,No,16,12,6,14,Travel_Rarely,No,3,21,2,35,Medium
EMP1866,Research & Development,Manager,5,43,Female,Lab Systems,Write,Stable,No,16,12,6,14,Travel_Rarely,No,3,21,2,35,Medium
EMP1867,Research & Development,Research Director,5,48,Male,Active Directory,Admin,Stable,No,22,10,12,9,Travel_Rarely,No,3,29,3,50,High
EMP1867,Research & Development,Research Director,5,48,Male,SAP,Admin,Stable,No,22,10,12,9,Travel_Rarely,No,3,29,3,50,High
EMP1867,Research & Development,Research Director,5,48,Male,SharePoint,Admin,Stable,No,22,10,12,9,Travel_Rarely,No,3,29,3,50,High
EMP1867,Research & Development,Research Director,5,48,Male,ServiceNow,Admin,Stable,No,22,10,12,9,Travel_Rarely,No,3,29,3,50,High
EMP1867,Research & Development,Research Director,5,48,Male,Lab Systems,Admin,Stable,No,22,10,12,9,Travel_Rarely,No,3,29,3,50,High
EMP1868,Research & Development,Research Scientist,1,29,Male,Active Directory,Write,Leaver,Yes,1,0,1,0,Travel_Frequently,Yes,4,1,3,85,Critical
EMP1868,Research & Development,Research Scientist,1,29,Male,SAP,Write,Leaver,Yes,1,0,1,0,Travel_Frequently,Yes,4,1,3,85,Critical
EMP1868,Research & Development,Research Scientist,1,29,Male,SharePoint,Write,Leaver,Yes,1,0,1,0,Travel_Frequently,Yes,4,1,3,85,Critical
EMP1868,Research & Development,Research Scientist,1,29,Male,ServiceNow,Write,Leaver,Yes,1,0,1,0,Travel_Frequently,Yes,4,1,3,85,Critical
EMP1868,Research & Development,Research Scientist,1,29,Male,Lab Systems,Write,Leaver,Yes,1,0,1,0,Travel_Frequently,Yes,4,1,3,85,Critical
EMP1869,Sales,Sales Executive,3,46,Female,Active Directory,Write,Leaver,Yes,8,7,0,7,Travel_Rarely,No,4,14,2,70,Critical
EMP1869,Sales,Sales Executive,3,46,Female,Salesforce,Write,Leaver,Yes,8,7,0,7,Travel_Rarely,No,4,14,2,70,Critical
EMP1869,Sales,Sales Executive,3,46,Female,SharePoint,Write,Leaver,Yes,8,7,0,7,Travel_Rarely,No,4,14,2,70,Critical
EMP1869,Sales,Sales Executive,3,46,Female,ServiceNow,Write,Leaver,Yes,8,7,0,7,Travel_Rarely,No,4,14,2,70,Critical
EMP1869,Sales,Sales Executive,3,46,Female,CRM Portal,Write,Leaver,Yes,8,7,0,7,Travel_Rarely,No,4,14,2,70,Critical
EMP1870,Research & Development,Research Scientist,1,27,Female,Active Directory,Write,Stable,No,7,6,7,3,Travel_Frequently,No,3,8,2,35,Medium
EMP1870,Research & Development,Research Scientist,1,27,Female,SAP,Write,Stable,No,7,6,7,3,Travel_Frequently,No,3,8,2,35,Medium
EMP1870,Research & Development,Research Scientist,1,27,Female,SharePoint,Write,Stable,No,7,6,7,3,Travel_Frequently,No,3,8,2,35,Medium
EMP1870,Research & Development,Research Scientist,1,27,Female,ServiceNow,Write,Stable,No,7,6,7,3,Travel_Frequently,No,3,8,2,35,Medium
EMP1870,Research & Development,Research Scientist,1,27,Female,Lab Systems,Write,Stable,No,7,6,7,3,Travel_Frequently,No,3,8,2,35,Medium
EMP1871,Research & Development,Research Scientist,2,39,Male,Active Directory,Write,Stable,No,2,2,2,2,Travel_Rarely,No,3,7,2,20,Low
EMP1871,Research & Development,Research Scientist,2,39,Male,SAP,Write,Stable,No,2,2,2,2,Travel_Rarely,No,3,7,2,20,Low
EMP1871,Research & Development,Research Scientist,2,39,Male,SharePoint,Write,Stable,No,2,2,2,2,Travel_Rarely,No,3,7,2,20,Low
EMP1871,Research & Development,Research Scientist,2,39,Male,ServiceNow,Write,Stable,No,2,2,2,2,Travel_Rarely,No,3,7,2,20,Low
EMP1871,Research & Development,Research Scientist,2,39,Male,Lab Systems,Write,Stable,No,2,2,2,2,Travel_Rarely,No,3,7,2,20,Low
EMP1873,Research & Development,Research Scientist,1,55,Male,Active Directory,Write,Stable,No,5,2,0,4,Travel_Rarely,No,4,19,2,20,Low
EMP1873,Research & Development,Research Scientist,1,55,Male,SAP,Write,Stable,No,5,2,0,4,Travel_Rarely,No,4,19,2,20,Low
EMP1873,Research & Development,Research Scientist,1,55,Male,SharePoint,Write,Stable,No,5,2,0,4,Travel_Rarely,No,4,19,2,20,Low
EMP1873,Research & Development,Research Scientist,1,55,Male,ServiceNow,Write,Stable,No,5,2,0,4,Travel_Rarely,No,4,19,2,20,Low
EMP1873,Research & Development,Research Scientist,1,55,Male,Lab Systems,Write,Stable,No,5,2,0,4,Travel_Rarely,No,4,19,2,20,Low
EMP1875,Sales,Sales Representative,1,28,Female,Active Directory,Read,Mover,No,1,0,0,0,Travel_Rarely,No,3,1,3,40,Medium
EMP1875,Sales,Sales Representative,1,28,Female,Salesforce,Read,Mover,No,1,0,0,0,Travel_Rarely,No,3,1,3,40,Medium
EMP1875,Sales,Sales Representative,1,28,Female,SharePoint,Read,Mover,No,1,0,0,0,Travel_Rarely,No,3,1,3,40,Medium
EMP1875,Sales,Sales Representative,1,28,Female,ServiceNow,Read,Mover,No,1,0,0,0,Travel_Rarely,No,3,1,3,40,Medium
EMP1875,Sales,Sales Representative,1,28,Female,CRM Portal,Read,Mover,No,1,0,0,0,Travel_Rarely,No,3,1,3,40,Medium
EMP1876,Sales,Sales Representative,1,30,Male,Active Directory,Read,Leaver,Yes,1,0,0,0,Travel_Rarely,No,3,1,3,60,High
EMP1876,Sales,Sales Representative,1,30,Male,Salesforce,Read,Leaver,Yes,1,0,0,0,Travel_Rarely,No,3,1,3,60,High
EMP1876,Sales,Sales Representative,1,30,Male,SharePoint,Read,Leaver,Yes,1,0,0,0,Travel_Rarely,No,3,1,3,60,High
EMP1876,Sales,Sales Representative,1,30,Male,ServiceNow,Read,Leaver,Yes,1,0,0,0,Travel_Rarely,No,3,1,3,60,High
EMP1876,Sales,Sales Representative,1,30,Male,CRM Portal,Read,Leaver,Yes,1,0,0,0,Travel_Rarely,No,3,1,3,60,High
EMP1878,Research & Development,Research Scientist,1,22,Male,Active Directory,Write,Leaver,Yes,1,0,0,0,Travel_Rarely,Yes,4,1,2,80,Critical
EMP1878,Research & Development,Research Scientist,1,22,Male,SAP,Write,Leaver,Yes,1,0,0,0,Travel_Rarely,Yes,4,1,2,80,Critical
EMP1878,Research & Development,Research Scientist,1,22,Male,SharePoint,Write,Leaver,Yes,1,0,0,0,Travel_Rarely,Yes,4,1,2,80,Critical
EMP1878,Research & Development,Research Scientist,1,22,Male,ServiceNow,Write,Leaver,Yes,1,0,0,0,Travel_Rarely,Yes,4,1,2,80,Critical
EMP1878,Research & Development,Research Scientist,1,22,Male,Lab Systems,Write,Leaver,Yes,1,0,0,0,Travel_Rarely,Yes,4,1,2,80,Critical
EMP1880,Sales,Sales Executive,2,36,Female,Active Directory,Write,Stable,No,10,9,1,7,Travel_Rarely,Yes,3,10,4,40,Medium
EMP1880,Sales,Sales Executive,2,36,Female,Salesforce,Write,Stable,No,10,9,1,7,Travel_Rarely,Yes,3,10,4,40,Medium
EMP1880,Sales,Sales Executive,2,36,Female,SharePoint,Write,Stable,No,10,9,1,7,Travel_Rarely,Yes,3,10,4,40,Medium
EMP1880,Sales,Sales Executive,2,36,Female,ServiceNow,Write,Stable,No,10,9,1,7,Travel_Rarely,Yes,3,10,4,40,Medium
EMP1880,Sales,Sales Executive,2,36,Female,CRM Portal,Write,Stable,No,10,9,1,7,Travel_Rarely,Yes,3,10,4,40,Medium
EMP1881,Research & Development,Laboratory Technician,2,31,Male,Active Directory,Read,Stable,No,10,8,0,2,Travel_Rarely,No,3,10,2,20,Low
EMP1881,Research & Development,Laboratory Technician,2,31,Male,SAP,Read,Stable,No,10,8,0,2,Travel_Rarely,No,3,10,2,20,Low
EMP1881,Research & Development,Laboratory Technician,2,31,Male,SharePoint,Read,Stable,No,10,8,0,2,Travel_Rarely,No,3,10,2,20,Low
EMP1881,Research & Development,Laboratory Technician,2,31,Male,ServiceNow,Read,Stable,No,10,8,0,2,Travel_Rarely,No,3,10,2,20,Low
EMP1881,Research & Development,Laboratory Technician,2,31,Male,Lab Systems,Read,Stable,No,10,8,0,2,Travel_Rarely,No,3,10,2,20,Low
EMP1882,Sales,Sales Executive,3,34,Male,Active Directory,Write,Stable,No,5,3,1,0,Travel_Rarely,Yes,3,9,3,40,Medium
EMP1882,Sales,Sales Executive,3,34,Male,Salesforce,Write,Stable,No,5,3,1,0,Travel_Rarely,Yes,3,9,3,40,Medium
EMP1882,Sales,Sales Executive,3,34,Male,SharePoint,Write,Stable,No,5,3,1,0,Travel_Rarely,Yes,3,9,3,40,Medium
EMP1882,Sales,Sales Executive,3,34,Male,ServiceNow,Write,Stable,No,5,3,1,0,Travel_Rarely,Yes,3,9,3,40,Medium
EMP1882,Sales,Sales Executive,3,34,Male,CRM Portal,Write,Stable,No,5,3,1,0,Travel_Rarely,Yes,3,9,3,40,Medium
EMP1883,Research & Development,Laboratory Technician,1,29,Male,Active Directory,Read,Stable,No,3,2,1,2,Travel_Rarely,No,3,11,2,10,Low
EMP1883,Research & Development,Laboratory Technician,1,29,Male,SAP,Read,Stable,No,3,2,1,2,Travel_Rarely,No,3,11,2,10,Low
EMP1883,Research & Development,Laboratory Technician,1,29,Male,SharePoint,Read,Stable,No,3,2,1,2,Travel_Rarely,No,3,11,2,10,Low
EMP1883,Research & Development,Laboratory Technician,1,29,Male,ServiceNow,Read,Stable,No,3,2,1,2,Travel_Rarely,No,3,11,2,10,Low
EMP1883,Research & Development,Laboratory Technician,1,29,Male,Lab Systems,Read,Stable,No,3,2,1,2,Travel_Rarely,No,3,11,2,10,Low
EMP1885,Research & Development,Research Scientist,2,37,Male,Active Directory,Write,Stable,No,5,3,0,4,Travel_Rarely,Yes,4,16,2,30,Medium
EMP1885,Research & Development,Research Scientist,2,37,Male,SAP,Write,Stable,No,5,3,0,4,Travel_Rarely,Yes,4,16,2,30,Medium
EMP1885,Research & Development,Research Scientist,2,37,Male,SharePoint,Write,Stable,No,5,3,0,4,Travel_Rarely,Yes,4,16,2,30,Medium
EMP1885,Research & Development,Research Scientist,2,37,Male,ServiceNow,Write,Stable,No,5,3,0,4,Travel_Rarely,Yes,4,16,2,30,Medium
EMP1885,Research & Development,Research Scientist,2,37,Male,Lab Systems,Write,Stable,No,5,3,0,4,Travel_Rarely,Yes,4,16,2,30,Medium
EMP1886,Research & Development,Manufacturing Director,2,35,Female,Active Directory,Write,Stable,No,3,2,0,2,Travel_Rarely,Yes,3,4,2,30,Medium
EMP1886,Research & Development,Manufacturing Director,2,35,Female,SAP,Write,Stable,No,3,2,0,2,Travel_Rarely,Yes,3,4,2,30,Medium
EMP1886,Research & Development,Manufacturing Director,2,35,Female,SharePoint,Write,Stable,No,3,2,0,2,Travel_Rarely,Yes,3,4,2,30,Medium
EMP1886,Research & Development,Manufacturing Director,2,35,Female,ServiceNow,Write,Stable,No,3,2,0,2,Travel_Rarely,Yes,3,4,2,30,Medium
EMP1886,Research & Development,Manufacturing Director,2,35,Female,Lab Systems,Write,Stable,No,3,2,0,2,Travel_Rarely,Yes,3,4,2,30,Medium
EMP1888,Research & Development,Manufacturing Director,2,45,Female,Active Directory,Write,Stable,No,9,8,3,8,Travel_Rarely,No,3,10,2,30,Medium
EMP1888,Research & Development,Manufacturing Director,2,45,Female,SAP,Write,Stable,No,9,8,3,8,Travel_Rarely,No,3,10,2,30,Medium
EMP1888,Research & Development,Manufacturing Director,2,45,Female,SharePoint,Write,Stable,No,9,8,3,8,Travel_Rarely,No,3,10,2,30,Medium
EMP1888,Research & Development,Manufacturing Director,2,45,Female,ServiceNow,Write,Stable,No,9,8,3,8,Travel_Rarely,No,3,10,2,30,Medium
EMP1888,Research & Development,Manufacturing Director,2,45,Female,Lab Systems,Write,Stable,No,9,8,3,8,Travel_Rarely,No,3,10,2,30,Medium
EMP1890,Human Resources,Human Resources,2,36,Male,Active Directory,Read,Mover,No,10,1,0,8,Travel_Frequently,No,4,10,2,45,Medium
EMP1890,Human Resources,Human Resources,2,36,Male,Workday,Read,Mover,No,10,1,0,8,Travel_Frequently,No,4,10,2,45,Medium
EMP1890,Human Resources,Human Resources,2,36,Male,SharePoint,Read,Mover,No,10,1,0,8,Travel_Frequently,No,4,10,2,45,Medium
EMP1890,Human Resources,Human Resources,2,36,Male,ServiceNow,Read,Mover,No,10,1,0,8,Travel_Frequently,No,4,10,2,45,Medium
EMP1890,Human Resources,Human Resources,2,36,Male,HR Portal,Read,Mover,No,10,1,0,8,Travel_Frequently,No,4,10,2,45,Medium
EMP1892,Research & Development,Manager,4,40,Male,Active Directory,Write,Stable,No,19,7,11,16,Travel_Rarely,No,3,22,3,35,Medium
EMP1892,Research & Development,Manager,4,40,Male,SAP,Write,Stable,No,19,7,11,16,Travel_Rarely,No,3,22,3,35,Medium
EMP1892,Research & Development,Manager,4,40,Male,SharePoint,Write,Stable,No,19,7,11,16,Travel_Rarely,No,3,22,3,35,Medium
EMP1892,Research & Development,Manager,4,40,Male,ServiceNow,Write,Stable,No,19,7,11,16,Travel_Rarely,No,3,22,3,35,Medium
EMP1892,Research & Development,Manager,4,40,Male,Lab Systems,Write,Stable,No,19,7,11,16,Travel_Rarely,No,3,22,3,35,Medium
EMP1893,Research & Development,Research Scientist,1,26,Female,Active Directory,Write,Mover,No,1,0,1,0,Travel_Rarely,Yes,3,1,3,60,High
EMP1893,Research & Development,Research Scientist,1,26,Female,SAP,Write,Mover,No,1,0,1,0,Travel_Rarely,Yes,3,1,3,60,High
EMP1893,Research & Development,Research Scientist,1,26,Female,SharePoint,Write,Mover,No,1,0,1,0,Travel_Rarely,Yes,3,1,3,60,High
EMP1893,Research & Development,Research Scientist,1,26,Female,ServiceNow,Write,Mover,No,1,0,1,0,Travel_Rarely,Yes,3,1,3,60,High
EMP1893,Research & Development,Research Scientist,1,26,Female,Lab Systems,Write,Mover,No,1,0,1,0,Travel_Rarely,Yes,3,1,3,60,High
EMP1898,Sales,Sales Executive,2,27,Female,Active Directory,Write,Stable,No,8,7,0,7,Travel_Rarely,No,3,9,5,30,Medium
EMP1898,Sales,Sales Executive,2,27,Female,Salesforce,Write,Stable,No,8,7,0,7,Travel_Rarely,No,3,9,5,30,Medium
EMP1898,Sales,Sales Executive,2,27,Female,SharePoint,Write,Stable,No,8,7,0,7,Travel_Rarely,No,3,9,5,30,Medium
EMP1898,Sales,Sales Executive,2,27,Female,ServiceNow,Write,Stable,No,8,7,0,7,Travel_Rarely,No,3,9,5,30,Medium
EMP1898,Sales,Sales Executive,2,27,Female,CRM Portal,Write,Stable,No,8,7,0,7,Travel_Rarely,No,3,9,5,30,Medium
EMP1900,Research & Development,Manager,4,48,Female,Active Directory,Write,Stable,No,22,17,4,7,Travel_Frequently,No,3,24,3,40,Medium
EMP1900,Research & Development,Manager,4,48,Female,SAP,Write,Stable,No,22,17,4,7,Travel_Frequently,No,3,24,3,40,Medium
EMP1900,Research & Development,Manager,4,48,Female,SharePoint,Write,Stable,No,22,17,4,7,Travel_Frequently,No,3,24,3,40,Medium
EMP1900,Research & Development,Manager,4,48,Female,ServiceNow,Write,Stable,No,22,17,4,7,Travel_Frequently,No,3,24,3,40,Medium
EMP1900,Research & Development,Manager,4,48,Female,Lab Systems,Write,Stable,No,22,17,4,7,Travel_Frequently,No,3,24,3,40,Medium
EMP1903,Research & Development,Healthcare Representative,2,44,Male,Active Directory,Read,Mover,No,2,0,2,2,Travel_Rarely,No,3,10,5,30,Medium
EMP1903,Research & Development,Healthcare Representative,2,44,Male,SAP,Read,Mover,No,2,0,2,2,Travel_Rarely,No,3,10,5,30,Medium
EMP1903,Research & Development,Healthcare Representative,2,44,Male,SharePoint,Read,Mover,No,2,0,2,2,Travel_Rarely,No,3,10,5,30,Medium
EMP1903,Research & Development,Healthcare Representative,2,44,Male,ServiceNow,Read,Mover,No,2,0,2,2,Travel_Rarely,No,3,10,5,30,Medium
EMP1903,Research & Development,Healthcare Representative,2,44,Male,Lab Systems,Read,Mover,No,2,0,2,2,Travel_Rarely,No,3,10,5,30,Medium
EMP1905,Research & Development,Research Scientist,1,34,Male,Active Directory,Write,Leaver,Yes,5,2,3,0,Non-Travel,Yes,4,5,2,75,Critical
EMP1905,Research & Development,Research Scientist,1,34,Male,SAP,Write,Leaver,Yes,5,2,3,0,Non-Travel,Yes,4,5,2,75,Critical
EMP1905,Research & Development,Research Scientist,1,34,Male,SharePoint,Write,Leaver,Yes,5,2,3,0,Non-Travel,Yes,4,5,2,75,Critical
EMP1905,Research & Development,Research Scientist,1,34,Male,ServiceNow,Write,Leaver,Yes,5,2,3,0,Non-Travel,Yes,4,5,2,75,Critical
EMP1905,Research & Development,Research Scientist,1,34,Male,Lab Systems,Write,Leaver,Yes,5,2,3,0,Non-Travel,Yes,4,5,2,75,Critical
EMP1907,Research & Development,Laboratory Technician,1,56,Male,Active Directory,Read,Leaver,Yes,4,2,1,0,Travel_Rarely,No,3,5,3,60,High
EMP1907,Research & Development,Laboratory Technician,1,56,Male,SAP,Read,Leaver,Yes,4,2,1,0,Travel_Rarely,No,3,5,3,60,High
EMP1907,Research & Development,Laboratory Technician,1,56,Male,SharePoint,Read,Leaver,Yes,4,2,1,0,Travel_Rarely,No,3,5,3,60,High
EMP1907,Research & Development,Laboratory Technician,1,56,Male,ServiceNow,Read,Leaver,Yes,4,2,1,0,Travel_Rarely,No,3,5,3,60,High
EMP1907,Research & Development,Laboratory Technician,1,56,Male,Lab Systems,Read,Leaver,Yes,4,2,1,0,Travel_Rarely,No,3,5,3,60,High
EMP1908,Sales,Sales Executive,2,36,Male,Active Directory,Write,Stable,No,4,2,1,3,Travel_Rarely,No,3,12,1,20,Low
EMP1908,Sales,Sales Executive,2,36,Male,Salesforce,Write,Stable,No,4,2,1,3,Travel_Rarely,No,3,12,1,20,Low
EMP1908,Sales,Sales Executive,2,36,Male,SharePoint,Write,Stable,No,4,2,1,3,Travel_Rarely,No,3,12,1,20,Low
EMP1908,Sales,Sales Executive,2,36,Male,ServiceNow,Write,Stable,No,4,2,1,3,Travel_Rarely,No,3,12,1,20,Low
EMP1908,Sales,Sales Executive,2,36,Male,CRM Portal,Write,Stable,No,4,2,1,3,Travel_Rarely,No,3,12,1,20,Low
EMP1909,Sales,Sales Executive,2,41,Female,Active Directory,Write,Stable,No,5,4,1,4,Travel_Rarely,No,4,14,3,20,Low
EMP1909,Sales,Sales Executive,2,41,Female,Salesforce,Write,Stable,No,5,4,1,4,Travel_Rarely,No,4,14,3,20,Low
EMP1909,Sales,Sales Executive,2,41,Female,SharePoint,Write,Stable,No,5,4,1,4,Travel_Rarely,No,4,14,3,20,Low
EMP1909,Sales,Sales Executive,2,41,Female,ServiceNow,Write,Stable,No,5,4,1,4,Travel_Rarely,No,4,14,3,20,Low
EMP1909,Sales,Sales Executive,2,41,Female,CRM Portal,Write,Stable,No,5,4,1,4,Travel_Rarely,No,4,14,3,20,Low
EMP1911,Research & Development,Research Director,3,42,Male,Active Directory,Admin,Stable,No,13,7,5,7,Travel_Rarely,No,3,18,3,50,High
EMP1911,Research & Development,Research Director,3,42,Male,SAP,Admin,Stable,No,13,7,5,7,Travel_Rarely,No,3,18,3,50,High
EMP1911,Research & Development,Research Director,3,42,Male,SharePoint,Admin,Stable,No,13,7,5,7,Travel_Rarely,No,3,18,3,50,High
EMP1911,Research & Development,Research Director,3,42,Male,ServiceNow,Admin,Stable,No,13,7,5,7,Travel_Rarely,No,3,18,3,50,High
EMP1911,Research & Development,Research Director,3,42,Male,Lab Systems,Admin,Stable,No,13,7,5,7,Travel_Rarely,No,3,18,3,50,High
EMP1912,Sales,Sales Executive,2,31,Female,Active Directory,Write,Stable,No,5,2,1,4,Travel_Rarely,Yes,3,8,2,30,Medium
EMP1912,Sales,Sales Executive,2,31,Female,Salesforce,Write,Stable,No,5,2,1,4,Travel_Rarely,Yes,3,8,2,30,Medium
EMP1912,Sales,Sales Executive,2,31,Female,SharePoint,Write,Stable,No,5,2,1,4,Travel_Rarely,Yes,3,8,2,30,Medium
EMP1912,Sales,Sales Executive,2,31,Female,ServiceNow,Write,Stable,No,5,2,1,4,Travel_Rarely,Yes,3,8,2,30,Medium
EMP1912,Sales,Sales Executive,2,31,Female,CRM Portal,Write,Stable,No,5,2,1,4,Travel_Rarely,Yes,3,8,2,30,Medium
EMP1915,Sales,Sales Executive,2,34,Female,Active Directory,Write,Stable,No,4,2,0,1,Travel_Rarely,Yes,3,9,3,40,Medium
EMP1915,Sales,Sales Executive,2,34,Female,Salesforce,Write,Stable,No,4,2,0,1,Travel_Rarely,Yes,3,9,3,40,Medium
EMP1915,Sales,Sales Executive,2,34,Female,SharePoint,Write,Stable,No,4,2,0,1,Travel_Rarely,Yes,3,9,3,40,Medium
EMP1915,Sales,Sales Executive,2,34,Female,ServiceNow,Write,Stable,No,4,2,0,1,Travel_Rarely,Yes,3,9,3,40,Medium
EMP1915,Sales,Sales Executive,2,34,Female,CRM Portal,Write,Stable,No,4,2,0,1,Travel_Rarely,Yes,3,9,3,40,Medium
EMP1916,Research & Development,Laboratory Technician,1,31,Female,Active Directory,Read,Stable,No,2,2,2,2,Travel_Rarely,No,3,4,0,10,Low
EMP1916,Research & Development,Laboratory Technician,1,31,Female,SAP,Read,Stable,No,2,2,2,2,Travel_Rarely,No,3,4,0,10,Low
EMP1916,Research & Development,Laboratory Technician,1,31,Female,SharePoint,Read,Stable,No,2,2,2,2,Travel_Rarely,No,3,4,0,10,Low
EMP1916,Research & Development,Laboratory Technician,1,31,Female,ServiceNow,Read,Stable,No,2,2,2,2,Travel_Rarely,No,3,4,0,10,Low
EMP1916,Research & Development,Laboratory Technician,1,31,Female,Lab Systems,Read,Stable,No,2,2,2,2,Travel_Rarely,No,3,4,0,10,Low
EMP1918,Research & Development,Laboratory Technician,1,26,Male,Active Directory,Read,Stable,No,7,7,7,7,Travel_Frequently,No,3,8,3,25,Low
EMP1918,Research & Development,Laboratory Technician,1,26,Male,SAP,Read,Stable,No,7,7,7,7,Travel_Frequently,No,3,8,3,25,Low
EMP1918,Research & Development,Laboratory Technician,1,26,Male,SharePoint,Read,Stable,No,7,7,7,7,Travel_Frequently,No,3,8,3,25,Low
EMP1918,Research & Development,Laboratory Technician,1,26,Male,ServiceNow,Read,Stable,No,7,7,7,7,Travel_Frequently,No,3,8,3,25,Low
EMP1918,Research & Development,Laboratory Technician,1,26,Male,Lab Systems,Read,Stable,No,7,7,7,7,Travel_Frequently,No,3,8,3,25,Low
EMP1922,Research & Development,Healthcare Representative,2,45,Male,Active Directory,Read,Stable,No,4,2,0,3,Travel_Frequently,No,3,12,3,15,Low
EMP1922,Research & Development,Healthcare Representative,2,45,Male,SAP,Read,Stable,No,4,2,0,3,Travel_Frequently,No,3,12,3,15,Low
EMP1922,Research & Development,Healthcare Representative,2,45,Male,SharePoint,Read,Stable,No,4,2,0,3,Travel_Frequently,No,3,12,3,15,Low
EMP1922,Research & Development,Healthcare Representative,2,45,Male,ServiceNow,Read,Stable,No,4,2,0,3,Travel_Frequently,No,3,12,3,15,Low
EMP1922,Research & Development,Healthcare Representative,2,45,Male,Lab Systems,Read,Stable,No,4,2,0,3,Travel_Frequently,No,3,12,3,15,Low
EMP1924,Sales,Sales Executive,2,33,Male,Active Directory,Write,Stable,No,10,4,0,9,Travel_Rarely,No,3,10,2,30,Medium
EMP1924,Sales,Sales Executive,2,33,Male,Salesforce,Write,Stable,No,10,4,0,9,Travel_Rarely,No,3,10,2,30,Medium
EMP1924,Sales,Sales Executive,2,33,Male,SharePoint,Write,Stable,No,10,4,0,9,Travel_Rarely,No,3,10,2,30,Medium
EMP1924,Sales,Sales Executive,2,33,Male,ServiceNow,Write,Stable,No,10,4,0,9,Travel_Rarely,No,3,10,2,30,Medium
EMP1924,Sales,Sales Executive,2,33,Male,CRM Portal,Write,Stable,No,10,4,0,9,Travel_Rarely,No,3,10,2,30,Medium
EMP1927,Sales,Sales Executive,2,28,Male,Active Directory,Write,Stable,No,7,7,0,7,Travel_Frequently,Yes,3,7,2,45,Medium
EMP1927,Sales,Sales Executive,2,28,Male,Salesforce,Write,Stable,No,7,7,0,7,Travel_Frequently,Yes,3,7,2,45,Medium
EMP1927,Sales,Sales Executive,2,28,Male,SharePoint,Write,Stable,No,7,7,0,7,Travel_Frequently,Yes,3,7,2,45,Medium
EMP1927,Sales,Sales Executive,2,28,Male,ServiceNow,Write,Stable,No,7,7,0,7,Travel_Frequently,Yes,3,7,2,45,Medium
EMP1927,Sales,Sales Executive,2,28,Male,CRM Portal,Write,Stable,No,7,7,0,7,Travel_Frequently,Yes,3,7,2,45,Medium
EMP1928,Sales,Sales Representative,1,29,Male,Active Directory,Read,Leaver,Yes,1,0,0,0,Travel_Frequently,No,3,1,3,65,High
EMP1928,Sales,Sales Representative,1,29,Male,Salesforce,Read,Leaver,Yes,1,0,0,0,Travel_Frequently,No,3,1,3,65,High
EMP1928,Sales,Sales Representative,1,29,Male,SharePoint,Read,Leaver,Yes,1,0,0,0,Travel_Frequently,No,3,1,3,65,High
EMP1928,Sales,Sales Representative,1,29,Male,ServiceNow,Read,Leaver,Yes,1,0,0,0,Travel_Frequently,No,3,1,3,65,High
EMP1928,Sales,Sales Representative,1,29,Male,CRM Portal,Read,Leaver,Yes,1,0,0,0,Travel_Frequently,No,3,1,3,65,High
EMP1929,Sales,Sales Executive,2,39,Female,Active Directory,Write,Stable,No,3,2,1,2,Non-Travel,No,3,10,1,15,Low
EMP1929,Sales,Sales Executive,2,39,Female,Salesforce,Write,Stable,No,3,2,1,2,Non-Travel,No,3,10,1,15,Low
EMP1929,Sales,Sales Executive,2,39,Female,SharePoint,Write,Stable,No,3,2,1,2,Non-Travel,No,3,10,1,15,Low
EMP1929,Sales,Sales Executive,2,39,Female,ServiceNow,Write,Stable,No,3,2,1,2,Non-Travel,No,3,10,1,15,Low
EMP1929,Sales,Sales Executive,2,39,Female,CRM Portal,Write,Stable,No,3,2,1,2,Non-Travel,No,3,10,1,15,Low
EMP1931,Research & Development,Research Scientist,1,27,Male,Active Directory,Write,Stable,No,5,3,1,2,Travel_Rarely,No,3,6,3,20,Low
EMP1931,Research & Development,Research Scientist,1,27,Male,SAP,Write,Stable,No,5,3,1,2,Travel_Rarely,No,3,6,3,20,Low
EMP1931,Research & Development,Research Scientist,1,27,Male,SharePoint,Write,Stable,No,5,3,1,2,Travel_Rarely,No,3,6,3,20,Low
EMP1931,Research & Development,Research Scientist,1,27,Male,ServiceNow,Write,Stable,No,5,3,1,2,Travel_Rarely,No,3,6,3,20,Low
EMP1931,Research & Development,Research Scientist,1,27,Male,Lab Systems,Write,Stable,No,5,3,1,2,Travel_Rarely,No,3,6,3,20,Low
EMP1932,Research & Development,Research Scientist,2,34,Male,Active Directory,Write,Stable,No,15,10,6,11,Travel_Frequently,Yes,3,16,3,50,High
EMP1932,Research & Development,Research Scientist,2,34,Male,SAP,Write,Stable,No,15,10,6,11,Travel_Frequently,Yes,3,16,3,50,High
EMP1932,Research & Development,Research Scientist,2,34,Male,SharePoint,Write,Stable,No,15,10,6,11,Travel_Frequently,Yes,3,16,3,50,High
EMP1932,Research & Development,Research Scientist,2,34,Male,ServiceNow,Write,Stable,No,15,10,6,11,Travel_Frequently,Yes,3,16,3,50,High
EMP1932,Research & Development,Research Scientist,2,34,Male,Lab Systems,Write,Stable,No,15,10,6,11,Travel_Frequently,Yes,3,16,3,50,High
EMP1933,Sales,Sales Executive,2,28,Female,Active Directory,Write,Leaver,Yes,2,0,2,2,Travel_Rarely,Yes,3,6,0,70,Critical
EMP1933,Sales,Sales Executive,2,28,Female,Salesforce,Write,Leaver,Yes,2,0,2,2,Travel_Rarely,Yes,3,6,0,70,Critical
EMP1933,Sales,Sales Executive,2,28,Female,SharePoint,Write,Leaver,Yes,2,0,2,2,Travel_Rarely,Yes,3,6,0,70,Critical
EMP1933,Sales,Sales Executive,2,28,Female,ServiceNow,Write,Leaver,Yes,2,0,2,2,Travel_Rarely,Yes,3,6,0,70,Critical
EMP1933,Sales,Sales Executive,2,28,Female,CRM Portal,Write,Leaver,Yes,2,0,2,2,Travel_Rarely,Yes,3,6,0,70,Critical
EMP1934,Research & Development,Research Scientist,2,47,Male,Active Directory,Write,Stable,No,8,7,1,7,Non-Travel,No,3,16,4,25,Low
EMP1934,Research & Development,Research Scientist,2,47,Male,SAP,Write,Stable,No,8,7,1,7,Non-Travel,No,3,16,4,25,Low
EMP1934,Research & Development,Research Scientist,2,47,Male,SharePoint,Write,Stable,No,8,7,1,7,Non-Travel,No,3,16,4,25,Low
EMP1934,Research & Development,Research Scientist,2,47,Male,ServiceNow,Write,Stable,No,8,7,1,7,Non-Travel,No,3,16,4,25,Low
EMP1934,Research & Development,Research Scientist,2,47,Male,Lab Systems,Write,Stable,No,8,7,1,7,Non-Travel,No,3,16,4,25,Low
EMP1935,Sales,Sales Executive,2,56,Female,Active Directory,Write,Mover,No,0,0,0,0,Travel_Rarely,No,3,6,3,50,High
EMP1935,Sales,Sales Executive,2,56,Female,Salesforce,Write,Mover,No,0,0,0,0,Travel_Rarely,No,3,6,3,50,High
EMP1935,Sales,Sales Executive,2,56,Female,SharePoint,Write,Mover,No,0,0,0,0,Travel_Rarely,No,3,6,3,50,High
EMP1935,Sales,Sales Executive,2,56,Female,ServiceNow,Write,Mover,No,0,0,0,0,Travel_Rarely,No,3,6,3,50,High
EMP1935,Sales,Sales Executive,2,56,Female,CRM Portal,Write,Mover,No,0,0,0,0,Travel_Rarely,No,3,6,3,50,High
EMP1936,Research & Development,Manufacturing Director,2,39,Male,Active Directory,Write,Mover,No,10,0,7,9,Travel_Rarely,No,4,10,3,50,High
EMP1936,Research & Development,Manufacturing Director,2,39,Male,SAP,Write,Mover,No,10,0,7,9,Travel_Rarely,No,4,10,3,50,High
EMP1936,Research & Development,Manufacturing Director,2,39,Male,SharePoint,Write,Mover,No,10,0,7,9,Travel_Rarely,No,4,10,3,50,High
EMP1936,Research & Development,Manufacturing Director,2,39,Male,ServiceNow,Write,Mover,No,10,0,7,9,Travel_Rarely,No,4,10,3,50,High
EMP1936,Research & Development,Manufacturing Director,2,39,Male,Lab Systems,Write,Mover,No,10,0,7,9,Travel_Rarely,No,4,10,3,50,High
EMP1937,Research & Development,Research Scientist,2,38,Female,Active Directory,Write,Stable,No,20,11,0,7,Travel_Frequently,Yes,3,20,3,50,High
EMP1937,Research & Development,Research Scientist,2,38,Female,SAP,Write,Stable,No,20,11,0,7,Travel_Frequently,Yes,3,20,3,50,High
EMP1937,Research & Development,Research Scientist,2,38,Female,SharePoint,Write,Stable,No,20,11,0,7,Travel_Frequently,Yes,3,20,3,50,High
EMP1937,Research & Development,Research Scientist,2,38,Female,ServiceNow,Write,Stable,No,20,11,0,7,Travel_Frequently,Yes,3,20,3,50,High
EMP1937,Research & Development,Research Scientist,2,38,Female,Lab Systems,Write,Stable,No,20,11,0,7,Travel_Frequently,Yes,3,20,3,50,High
EMP1938,Sales,Manager,4,58,Female,Active Directory,Write,Mover,No,1,0,0,0,Travel_Rarely,Yes,3,29,2,60,High
EMP1938,Sales,Manager,4,58,Female,Salesforce,Write,Mover,No,1,0,0,0,Travel_Rarely,Yes,3,29,2,60,High
EMP1938,Sales,Manager,4,58,Female,SharePoint,Write,Mover,No,1,0,0,0,Travel_Rarely,Yes,3,29,2,60,High
EMP1938,Sales,Manager,4,58,Female,ServiceNow,Write,Mover,No,1,0,0,0,Travel_Rarely,Yes,3,29,2,60,High
EMP1938,Sales,Manager,4,58,Female,CRM Portal,Write,Mover,No,1,0,0,0,Travel_Rarely,Yes,3,29,2,60,High
EMP1939,Research & Development,Research Scientist,1,32,Female,Active Directory,Write,Leaver,Yes,4,1,0,3,Travel_Frequently,Yes,3,8,2,75,Critical
EMP1939,Research & Development,Research Scientist,1,32,Female,SAP,Write,Leaver,Yes,4,1,0,3,Travel_Frequently,Yes,3,8,2,75,Critical
EMP1939,Research & Development,Research Scientist,1,32,Female,SharePoint,Write,Leaver,Yes,4,1,0,3,Travel_Frequently,Yes,3,8,2,75,Critical
EMP1939,Research & Development,Research Scientist,1,32,Female,ServiceNow,Write,Leaver,Yes,4,1,0,3,Travel_Frequently,Yes,3,8,2,75,Critical
EMP1939,Research & Development,Research Scientist,1,32,Female,Lab Systems,Write,Leaver,Yes,4,1,0,3,Travel_Frequently,Yes,3,8,2,75,Critical
EMP1940,Research & Development,Research Scientist,1,38,Male,Active Directory,Write,Stable,No,5,2,0,3,Travel_Rarely,No,3,10,0,20,Low
EMP1940,Research & Development,Research Scientist,1,38,Male,SAP,Write,Stable,No,5,2,0,3,Travel_Rarely,No,3,10,0,20,Low
EMP1940,Research & Development,Research Scientist,1,38,Male,SharePoint,Write,Stable,No,5,2,0,3,Travel_Rarely,No,3,10,0,20,Low
EMP1940,Research & Development,Research Scientist,1,38,Male,ServiceNow,Write,Stable,No,5,2,0,3,Travel_Rarely,No,3,10,0,20,Low
EMP1940,Research & Development,Research Scientist,1,38,Male,Lab Systems,Write,Stable,No,5,2,0,3,Travel_Rarely,No,3,10,0,20,Low
EMP1941,Research & Development,Research Director,5,49,Male,Active Directory,Admin,Stable,No,5,4,4,3,Travel_Frequently,No,3,28,3,40,Medium
EMP1941,Research & Development,Research Director,5,49,Male,SAP,Admin,Stable,No,5,4,4,3,Travel_Frequently,No,3,28,3,40,Medium
EMP1941,Research & Development,Research Director,5,49,Male,SharePoint,Admin,Stable,No,5,4,4,3,Travel_Frequently,No,3,28,3,40,Medium
EMP1941,Research & Development,Research Director,5,49,Male,ServiceNow,Admin,Stable,No,5,4,4,3,Travel_Frequently,No,3,28,3,40,Medium
EMP1941,Research & Development,Research Director,5,49,Male,Lab Systems,Admin,Stable,No,5,4,4,3,Travel_Frequently,No,3,28,3,40,Medium
EMP1943,Sales,Sales Executive,2,42,Male,Active Directory,Write,Mover,No,0,0,0,0,Travel_Rarely,Yes,3,14,4,60,High
EMP1943,Sales,Sales Executive,2,42,Male,Salesforce,Write,Mover,No,0,0,0,0,Travel_Rarely,Yes,3,14,4,60,High
EMP1943,Sales,Sales Executive,2,42,Male,SharePoint,Write,Mover,No,0,0,0,0,Travel_Rarely,Yes,3,14,4,60,High
EMP1943,Sales,Sales Executive,2,42,Male,ServiceNow,Write,Mover,No,0,0,0,0,Travel_Rarely,Yes,3,14,4,60,High
EMP1943,Sales,Sales Executive,2,42,Male,CRM Portal,Write,Mover,No,0,0,0,0,Travel_Rarely,Yes,3,14,4,60,High
EMP1944,Human Resources,Human Resources,1,27,Female,Active Directory,Read,Leaver,Yes,1,0,0,0,Travel_Frequently,No,3,1,2,65,High
EMP1944,Human Resources,Human Resources,1,27,Female,Workday,Read,Leaver,Yes,1,0,0,0,Travel_Frequently,No,3,1,2,65,High
EMP1944,Human Resources,Human Resources,1,27,Female,SharePoint,Read,Leaver,Yes,1,0,0,0,Travel_Frequently,No,3,1,2,65,High
EMP1944,Human Resources,Human Resources,1,27,Female,ServiceNow,Read,Leaver,Yes,1,0,0,0,Travel_Frequently,No,3,1,2,65,High
EMP1944,Human Resources,Human Resources,1,27,Female,HR Portal,Read,Leaver,Yes,1,0,0,0,Travel_Frequently,No,3,1,2,65,High
EMP1945,Sales,Sales Executive,2,35,Male,Active Directory,Write,Stable,No,5,3,0,4,Travel_Rarely,No,3,6,2,20,Low
EMP1945,Sales,Sales Executive,2,35,Male,Salesforce,Write,Stable,No,5,3,0,4,Travel_Rarely,No,3,6,2,20,Low
EMP1945,Sales,Sales Executive,2,35,Male,SharePoint,Write,Stable,No,5,3,0,4,Travel_Rarely,No,3,6,2,20,Low
EMP1945,Sales,Sales Executive,2,35,Male,ServiceNow,Write,Stable,No,5,3,0,4,Travel_Rarely,No,3,6,2,20,Low
EMP1945,Sales,Sales Executive,2,35,Male,CRM Portal,Write,Stable,No,5,3,0,4,Travel_Rarely,No,3,6,2,20,Low
EMP1947,Research & Development,Research Scientist,1,28,Male,Active Directory,Write,Stable,No,5,3,1,4,Non-Travel,No,3,5,3,15,Low
EMP1947,Research & Development,Research Scientist,1,28,Male,SAP,Write,Stable,No,5,3,1,4,Non-Travel,No,3,5,3,15,Low
EMP1947,Research & Development,Research Scientist,1,28,Male,SharePoint,Write,Stable,No,5,3,1,4,Non-Travel,No,3,5,3,15,Low
EMP1947,Research & Development,Research Scientist,1,28,Male,ServiceNow,Write,Stable,No,5,3,1,4,Non-Travel,No,3,5,3,15,Low
EMP1947,Research & Development,Research Scientist,1,28,Male,Lab Systems,Write,Stable,No,5,3,1,4,Non-Travel,No,3,5,3,15,Low
EMP1948,Research & Development,Research Scientist,1,31,Male,Active Directory,Write,Stable,No,4,2,2,3,Non-Travel,Yes,3,4,3,25,Low
EMP1948,Research & Development,Research Scientist,1,31,Male,SAP,Write,Stable,No,4,2,2,3,Non-Travel,Yes,3,4,3,25,Low
EMP1948,Research & Development,Research Scientist,1,31,Male,SharePoint,Write,Stable,No,4,2,2,3,Non-Travel,Yes,3,4,3,25,Low
EMP1948,Research & Development,Research Scientist,1,31,Male,ServiceNow,Write,Stable,No,4,2,2,3,Non-Travel,Yes,3,4,3,25,Low
EMP1948,Research & Development,Research Scientist,1,31,Male,Lab Systems,Write,Stable,No,4,2,2,3,Non-Travel,Yes,3,4,3,25,Low
EMP1949,Research & Development,Laboratory Technician,1,36,Male,Active Directory,Read,Stable,No,5,4,0,2,Non-Travel,No,4,5,3,5,Low
EMP1949,Research & Development,Laboratory Technician,1,36,Male,SAP,Read,Stable,No,5,4,0,2,Non-Travel,No,4,5,3,5,Low
EMP1949,Research & Development,Laboratory Technician,1,36,Male,SharePoint,Read,Stable,No,5,4,0,2,Non-Travel,No,4,5,3,5,Low
EMP1949,Research & Development,Laboratory Technician,1,36,Male,ServiceNow,Read,Stable,No,5,4,0,2,Non-Travel,No,4,5,3,5,Low
EMP1949,Research & Development,Laboratory Technician,1,36,Male,Lab Systems,Read,Stable,No,5,4,0,2,Non-Travel,No,4,5,3,5,Low
EMP1950,Sales,Sales Executive,3,34,Male,Active Directory,Write,Stable,No,14,8,2,1,Travel_Rarely,No,4,14,3,45,Medium
EMP1950,Sales,Sales Executive,3,34,Male,Salesforce,Write,Stable,No,14,8,2,1,Travel_Rarely,No,4,14,3,45,Medium
EMP1950,Sales,Sales Executive,3,34,Male,SharePoint,Write,Stable,No,14,8,2,1,Travel_Rarely,No,4,14,3,45,Medium
EMP1950,Sales,Sales Executive,3,34,Male,ServiceNow,Write,Stable,No,14,8,2,1,Travel_Rarely,No,4,14,3,45,Medium
EMP1950,Sales,Sales Executive,3,34,Male,CRM Portal,Write,Stable,No,14,8,2,1,Travel_Rarely,No,4,14,3,45,Medium
EMP1951,Sales,Sales Executive,3,34,Male,Active Directory,Write,Stable,No,8,7,1,1,Travel_Rarely,No,3,9,2,40,Medium
EMP1951,Sales,Sales Executive,3,34,Male,Salesforce,Write,Stable,No,8,7,1,1,Travel_Rarely,No,3,9,2,40,Medium
EMP1951,Sales,Sales Executive,3,34,Male,SharePoint,Write,Stable,No,8,7,1,1,Travel_Rarely,No,3,9,2,40,Medium
EMP1951,Sales,Sales Executive,3,34,Male,ServiceNow,Write,Stable,No,8,7,1,1,Travel_Rarely,No,3,9,2,40,Medium
EMP1951,Sales,Sales Executive,3,34,Male,CRM Portal,Write,Stable,No,8,7,1,1,Travel_Rarely,No,3,9,2,40,Medium
EMP1952,Research & Development,Laboratory Technician,1,26,Male,Active Directory,Read,Stable,No,7,7,7,6,Travel_Rarely,No,3,8,6,20,Low
EMP1952,Research & Development,Laboratory Technician,1,26,Male,SAP,Read,Stable,No,7,7,7,6,Travel_Rarely,No,3,8,6,20,Low
EMP1952,Research & Development,Laboratory Technician,1,26,Male,SharePoint,Read,Stable,No,7,7,7,6,Travel_Rarely,No,3,8,6,20,Low
EMP1952,Research & Development,Laboratory Technician,1,26,Male,ServiceNow,Read,Stable,No,7,7,7,6,Travel_Rarely,No,3,8,6,20,Low
EMP1952,Research & Development,Laboratory Technician,1,26,Male,Lab Systems,Read,Stable,No,7,7,7,6,Travel_Rarely,No,3,8,6,20,Low
EMP1954,Research & Development,Healthcare Representative,2,29,Male,Active Directory,Read,Stable,No,5,3,0,2,Travel_Rarely,No,3,6,5,10,Low
EMP1954,Research & Development,Healthcare Representative,2,29,Male,SAP,Read,Stable,No,5,3,0,2,Travel_Rarely,No,3,6,5,10,Low
EMP1954,Research & Development,Healthcare Representative,2,29,Male,SharePoint,Read,Stable,No,5,3,0,2,Travel_Rarely,No,3,6,5,10,Low
EMP1954,Research & Development,Healthcare Representative,2,29,Male,ServiceNow,Read,Stable,No,5,3,0,2,Travel_Rarely,No,3,6,5,10,Low
EMP1954,Research & Development,Healthcare Representative,2,29,Male,Lab Systems,Read,Stable,No,5,3,0,2,Travel_Rarely,No,3,6,5,10,Low
EMP1955,Research & Development,Healthcare Representative,2,32,Female,Active Directory,Read,Mover,No,5,1,1,2,Non-Travel,No,3,9,6,25,Low
EMP1955,Research & Development,Healthcare Representative,2,32,Female,SAP,Read,Mover,No,5,1,1,2,Non-Travel,No,3,9,6,25,Low
EMP1955,Research & Development,Healthcare Representative,2,32,Female,SharePoint,Read,Mover,No,5,1,1,2,Non-Travel,No,3,9,6,25,Low
EMP1955,Research & Development,Healthcare Representative,2,32,Female,ServiceNow,Read,Mover,No,5,1,1,2,Non-Travel,No,3,9,6,25,Low
EMP1955,Research & Development,Healthcare Representative,2,32,Female,Lab Systems,Read,Mover,No,5,1,1,2,Non-Travel,No,3,9,6,25,Low
EMP1956,Research & Development,Research Scientist,2,31,Male,Active Directory,Write,Stable,No,10,8,8,7,Travel_Frequently,No,4,10,6,35,Medium
EMP1956,Research & Development,Research Scientist,2,31,Male,SAP,Write,Stable,No,10,8,8,7,Travel_Frequently,No,4,10,6,35,Medium
EMP1956,Research & Development,Research Scientist,2,31,Male,SharePoint,Write,Stable,No,10,8,8,7,Travel_Frequently,No,4,10,6,35,Medium
EMP1956,Research & Development,Research Scientist,2,31,Male,ServiceNow,Write,Stable,No,10,8,8,7,Travel_Frequently,No,4,10,6,35,Medium
EMP1956,Research & Development,Research Scientist,2,31,Male,Lab Systems,Write,Stable,No,10,8,8,7,Travel_Frequently,No,4,10,6,35,Medium
EMP1960,Research & Development,Laboratory Technician,1,28,Male,Active Directory,Read,Leaver,Yes,4,1,0,3,Travel_Rarely,No,3,6,2,50,High
EMP1960,Research & Development,Laboratory Technician,1,28,Male,SAP,Read,Leaver,Yes,4,1,0,3,Travel_Rarely,No,3,6,2,50,High
EMP1960,Research & Development,Laboratory Technician,1,28,Male,SharePoint,Read,Leaver,Yes,4,1,0,3,Travel_Rarely,No,3,6,2,50,High
EMP1960,Research & Development,Laboratory Technician,1,28,Male,ServiceNow,Read,Leaver,Yes,4,1,0,3,Travel_Rarely,No,3,6,2,50,High
EMP1960,Research & Development,Laboratory Technician,1,28,Male,Lab Systems,Read,Leaver,Yes,4,1,0,3,Travel_Rarely,No,3,6,2,50,High
EMP1961,Sales,Sales Representative,1,38,Male,Active Directory,Read,Mover,No,1,0,0,0,Travel_Rarely,No,3,20,3,40,Medium
EMP1961,Sales,Sales Representative,1,38,Male,Salesforce,Read,Mover,No,1,0,0,0,Travel_Rarely,No,3,20,3,40,Medium
EMP1961,Sales,Sales Representative,1,38,Male,SharePoint,Read,Mover,No,1,0,0,0,Travel_Rarely,No,3,20,3,40,Medium
EMP1961,Sales,Sales Representative,1,38,Male,ServiceNow,Read,Mover,No,1,0,0,0,Travel_Rarely,No,3,20,3,40,Medium
EMP1961,Sales,Sales Representative,1,38,Male,CRM Portal,Read,Mover,No,1,0,0,0,Travel_Rarely,No,3,20,3,40,Medium
EMP1962,Sales,Sales Executive,2,35,Female,Active Directory,Write,Stable,No,10,8,0,9,Travel_Rarely,Yes,3,10,2,40,Medium
EMP1962,Sales,Sales Executive,2,35,Female,Salesforce,Write,Stable,No,10,8,0,9,Travel_Rarely,Yes,3,10,2,40,Medium
EMP1962,Sales,Sales Executive,2,35,Female,SharePoint,Write,Stable,No,10,8,0,9,Travel_Rarely,Yes,3,10,2,40,Medium
EMP1962,Sales,Sales Executive,2,35,Female,ServiceNow,Write,Stable,No,10,8,0,9,Travel_Rarely,Yes,3,10,2,40,Medium
EMP1962,Sales,Sales Executive,2,35,Female,CRM Portal,Write,Stable,No,10,8,0,9,Travel_Rarely,Yes,3,10,2,40,Medium
EMP1965,Sales,Sales Executive,2,27,Male,Active Directory,Write,Stable,No,7,7,0,7,Travel_Rarely,No,3,7,5,30,Medium
EMP1965,Sales,Sales Executive,2,27,Male,Salesforce,Write,Stable,No,7,7,0,7,Travel_Rarely,No,3,7,5,30,Medium
EMP1965,Sales,Sales Executive,2,27,Male,SharePoint,Write,Stable,No,7,7,0,7,Travel_Rarely,No,3,7,5,30,Medium
EMP1965,Sales,Sales Executive,2,27,Male,ServiceNow,Write,Stable,No,7,7,0,7,Travel_Rarely,No,3,7,5,30,Medium
EMP1965,Sales,Sales Executive,2,27,Male,CRM Portal,Write,Stable,No,7,7,0,7,Travel_Rarely,No,3,7,5,30,Medium
EMP1966,Research & Development,Manufacturing Director,2,32,Male,Active Directory,Write,Mover,No,1,0,0,0,Travel_Rarely,No,4,8,1,50,High
EMP1966,Research & Development,Manufacturing Director,2,32,Male,SAP,Write,Mover,No,1,0,0,0,Travel_Rarely,No,4,8,1,50,High
EMP1966,Research & Development,Manufacturing Director,2,32,Male,SharePoint,Write,Mover,No,1,0,0,0,Travel_Rarely,No,4,8,1,50,High
EMP1966,Research & Development,Manufacturing Director,2,32,Male,ServiceNow,Write,Mover,No,1,0,0,0,Travel_Rarely,No,4,8,1,50,High
EMP1966,Research & Development,Manufacturing Director,2,32,Male,Lab Systems,Write,Mover,No,1,0,0,0,Travel_Rarely,No,4,8,1,50,High
EMP1967,Sales,Sales Executive,2,31,Male,Active Directory,Write,Leaver,Yes,10,7,0,8,Travel_Frequently,Yes,3,10,4,85,Critical
EMP1967,Sales,Sales Executive,2,31,Male,Salesforce,Write,Leaver,Yes,10,7,0,8,Travel_Frequently,Yes,3,10,4,85,Critical
EMP1967,Sales,Sales Executive,2,31,Male,SharePoint,Write,Leaver,Yes,10,7,0,8,Travel_Frequently,Yes,3,10,4,85,Critical
EMP1967,Sales,Sales Executive,2,31,Male,ServiceNow,Write,Leaver,Yes,10,7,0,8,Travel_Frequently,Yes,3,10,4,85,Critical
EMP1967,Sales,Sales Executive,2,31,Male,CRM Portal,Write,Leaver,Yes,10,7,0,8,Travel_Frequently,Yes,3,10,4,85,Critical
EMP1968,Sales,Sales Executive,3,53,Male,Active Directory,Write,Leaver,Yes,2,2,2,2,Travel_Rarely,Yes,3,15,2,70,Critical
EMP1968,Sales,Sales Executive,3,53,Male,Salesforce,Write,Leaver,Yes,2,2,2,2,Travel_Rarely,Yes,3,15,2,70,Critical
EMP1968,Sales,Sales Executive,3,53,Male,SharePoint,Write,Leaver,Yes,2,2,2,2,Travel_Rarely,Yes,3,15,2,70,Critical
EMP1968,Sales,Sales Executive,3,53,Male,ServiceNow,Write,Leaver,Yes,2,2,2,2,Travel_Rarely,Yes,3,15,2,70,Critical
EMP1968,Sales,Sales Executive,3,53,Male,CRM Portal,Write,Leaver,Yes,2,2,2,2,Travel_Rarely,Yes,3,15,2,70,Critical
EMP1969,Research & Development,Research Scientist,2,54,Female,Active Directory,Write,Stable,No,4,3,2,3,Travel_Rarely,No,3,9,6,20,Low
EMP1969,Research & Development,Research Scientist,2,54,Female,SAP,Write,Stable,No,4,3,2,3,Travel_Rarely,No,3,9,6,20,Low
EMP1969,Research & Development,Research Scientist,2,54,Female,SharePoint,Write,Stable,No,4,3,2,3,Travel_Rarely,No,3,9,6,20,Low
EMP1969,Research & Development,Research Scientist,2,54,Female,ServiceNow,Write,Stable,No,4,3,2,3,Travel_Rarely,No,3,9,6,20,Low
EMP1969,Research & Development,Research Scientist,2,54,Female,Lab Systems,Write,Stable,No,4,3,2,3,Travel_Rarely,No,3,9,6,20,Low
EMP1970,Research & Development,Healthcare Representative,2,33,Male,Active Directory,Read,Stable,No,9,7,2,8,Travel_Frequently,No,4,9,2,25,Low
EMP1970,Research & Development,Healthcare Representative,2,33,Male,SAP,Read,Stable,No,9,7,2,8,Travel_Frequently,No,4,9,2,25,Low
EMP1970,Research & Development,Healthcare Representative,2,33,Male,SharePoint,Read,Stable,No,9,7,2,8,Travel_Frequently,No,4,9,2,25,Low
EMP1970,Research & Development,Healthcare Representative,2,33,Male,ServiceNow,Read,Stable,No,9,7,2,8,Travel_Frequently,No,4,9,2,25,Low
EMP1970,Research & Development,Healthcare Representative,2,33,Male,Lab Systems,Read,Stable,No,9,7,2,8,Travel_Frequently,No,4,9,2,25,Low
EMP1971,Research & Development,Healthcare Representative,3,43,Male,Active Directory,Read,Stable,No,10,9,0,9,Travel_Rarely,No,3,10,1,20,Low
EMP1971,Research & Development,Healthcare Representative,3,43,Male,SAP,Read,Stable,No,10,9,0,9,Travel_Rarely,No,3,10,1,20,Low
EMP1971,Research & Development,Healthcare Representative,3,43,Male,SharePoint,Read,Stable,No,10,9,0,9,Travel_Rarely,No,3,10,1,20,Low
EMP1971,Research & Development,Healthcare Representative,3,43,Male,ServiceNow,Read,Stable,No,10,9,0,9,Travel_Rarely,No,3,10,1,20,Low
EMP1971,Research & Development,Healthcare Representative,3,43,Male,Lab Systems,Read,Stable,No,10,9,0,9,Travel_Rarely,No,3,10,1,20,Low
EMP1972,Human Resources,Human Resources,1,38,Male,Active Directory,Read,Stable,No,6,2,1,2,Travel_Frequently,Yes,3,7,2,35,Medium
EMP1972,Human Resources,Human Resources,1,38,Male,Workday,Read,Stable,No,6,2,1,2,Travel_Frequently,Yes,3,7,2,35,Medium
EMP1972,Human Resources,Human Resources,1,38,Male,SharePoint,Read,Stable,No,6,2,1,2,Travel_Frequently,Yes,3,7,2,35,Medium
EMP1972,Human Resources,Human Resources,1,38,Male,ServiceNow,Read,Stable,No,6,2,1,2,Travel_Frequently,Yes,3,7,2,35,Medium
EMP1972,Human Resources,Human Resources,1,38,Male,HR Portal,Read,Stable,No,6,2,1,2,Travel_Frequently,Yes,3,7,2,35,Medium
EMP1973,Human Resources,Manager,5,55,Male,Active Directory,Write,Stable,No,10,9,1,4,Travel_Rarely,Yes,3,35,0,40,Medium
EMP1973,Human Resources,Manager,5,55,Male,Workday,Write,Stable,No,10,9,1,4,Travel_Rarely,Yes,3,35,0,40,Medium
EMP1973,Human Resources,Manager,5,55,Male,SharePoint,Write,Stable,No,10,9,1,4,Travel_Rarely,Yes,3,35,0,40,Medium
EMP1973,Human Resources,Manager,5,55,Male,ServiceNow,Write,Stable,No,10,9,1,4,Travel_Rarely,Yes,3,35,0,40,Medium
EMP1973,Human Resources,Manager,5,55,Male,HR Portal,Write,Stable,No,10,9,1,4,Travel_Rarely,Yes,3,35,0,40,Medium
EMP1974,Research & Development,Laboratory Technician,1,31,Female,Active Directory,Read,Mover,No,1,0,0,0,Travel_Rarely,Yes,3,1,4,50,High
EMP1974,Research & Development,Laboratory Technician,1,31,Female,SAP,Read,Mover,No,1,0,0,0,Travel_Rarely,Yes,3,1,4,50,High
EMP1974,Research & Development,Laboratory Technician,1,31,Female,SharePoint,Read,Mover,No,1,0,0,0,Travel_Rarely,Yes,3,1,4,50,High
EMP1974,Research & Development,Laboratory Technician,1,31,Female,ServiceNow,Read,Mover,No,1,0,0,0,Travel_Rarely,Yes,3,1,4,50,High
EMP1974,Research & Development,Laboratory Technician,1,31,Female,Lab Systems,Read,Mover,No,1,0,0,0,Travel_Rarely,Yes,3,1,4,50,High
EMP1975,Sales,Sales Executive,4,39,Male,Active Directory,Write,Stable,No,20,8,11,10,Travel_Rarely,No,3,21,3,35,Medium
EMP1975,Sales,Sales Executive,4,39,Male,Salesforce,Write,Stable,No,20,8,11,10,Travel_Rarely,No,3,21,3,35,Medium
EMP1975,Sales,Sales Executive,4,39,Male,SharePoint,Write,Stable,No,20,8,11,10,Travel_Rarely,No,3,21,3,35,Medium
EMP1975,Sales,Sales Executive,4,39,Male,ServiceNow,Write,Stable,No,20,8,11,10,Travel_Rarely,No,3,21,3,35,Medium
EMP1975,Sales,Sales Executive,4,39,Male,CRM Portal,Write,Stable,No,20,8,11,10,Travel_Rarely,No,3,21,3,35,Medium
EMP1976,Research & Development,Research Scientist,2,42,Male,Active Directory,Write,Stable,No,20,9,3,7,Non-Travel,No,3,20,2,30,Medium
EMP1976,Research & Development,Research Scientist,2,42,Male,SAP,Write,Stable,No,20,9,3,7,Non-Travel,No,3,20,2,30,Medium
EMP1976,Research & Development,Research Scientist,2,42,Male,SharePoint,Write,Stable,No,20,9,3,7,Non-Travel,No,3,20,2,30,Medium
EMP1976,Research & Development,Research Scientist,2,42,Male,ServiceNow,Write,Stable,No,20,9,3,7,Non-Travel,No,3,20,2,30,Medium
EMP1976,Research & Development,Research Scientist,2,42,Male,Lab Systems,Write,Stable,No,20,9,3,7,Non-Travel,No,3,20,2,30,Medium
EMP1979,Research & Development,Research Director,3,31,Female,Active Directory,Admin,Stable,No,11,7,4,8,Non-Travel,No,4,13,2,45,Medium
EMP1979,Research & Development,Research Director,3,31,Female,SAP,Admin,Stable,No,11,7,4,8,Non-Travel,No,4,13,2,45,Medium
EMP1979,Research & Development,Research Director,3,31,Female,SharePoint,Admin,Stable,No,11,7,4,8,Non-Travel,No,4,13,2,45,Medium
EMP1979,Research & Development,Research Director,3,31,Female,ServiceNow,Admin,Stable,No,11,7,4,8,Non-Travel,No,4,13,2,45,Medium
EMP1979,Research & Development,Research Director,3,31,Female,Lab Systems,Admin,Stable,No,11,7,4,8,Non-Travel,No,4,13,2,45,Medium
EMP1980,Research & Development,Manufacturing Director,2,54,Female,Active Directory,Write,Stable,No,5,2,1,4,Travel_Rarely,Yes,3,9,3,30,Medium
EMP1980,Research & Development,Manufacturing Director,2,54,Female,SAP,Write,Stable,No,5,2,1,4,Travel_Rarely,Yes,3,9,3,30,Medium
EMP1980,Research & Development,Manufacturing Director,2,54,Female,SharePoint,Write,Stable,No,5,2,1,4,Travel_Rarely,Yes,3,9,3,30,Medium
EMP1980,Research & Development,Manufacturing Director,2,54,Female,ServiceNow,Write,Stable,No,5,2,1,4,Travel_Rarely,Yes,3,9,3,30,Medium
EMP1980,Research & Development,Manufacturing Director,2,54,Female,Lab Systems,Write,Stable,No,5,2,1,4,Travel_Rarely,Yes,3,9,3,30,Medium
EMP1981,Research & Development,Healthcare Representative,2,24,Male,Active Directory,Read,Stable,No,4,3,1,2,Travel_Rarely,No,3,4,2,10,Low
EMP1981,Research & Development,Healthcare Representative,2,24,Male,SAP,Read,Stable,No,4,3,1,2,Travel_Rarely,No,3,4,2,10,Low
EMP1981,Research & Development,Healthcare Representative,2,24,Male,SharePoint,Read,Stable,No,4,3,1,2,Travel_Rarely,No,3,4,2,10,Low
EMP1981,Research & Development,Healthcare Representative,2,24,Male,ServiceNow,Read,Stable,No,4,3,1,2,Travel_Rarely,No,3,4,2,10,Low
EMP1981,Research & Development,Healthcare Representative,2,24,Male,Lab Systems,Read,Stable,No,4,3,1,2,Travel_Rarely,No,3,4,2,10,Low
EMP1982,Research & Development,Laboratory Technician,1,23,Male,Active Directory,Read,Stable,No,5,2,1,4,Travel_Rarely,No,3,5,6,10,Low
EMP1982,Research & Development,Laboratory Technician,1,23,Male,SAP,Read,Stable,No,5,2,1,4,Travel_Rarely,No,3,5,6,10,Low
EMP1982,Research & Development,Laboratory Technician,1,23,Male,SharePoint,Read,Stable,No,5,2,1,4,Travel_Rarely,No,3,5,6,10,Low
EMP1982,Research & Development,Laboratory Technician,1,23,Male,ServiceNow,Read,Stable,No,5,2,1,4,Travel_Rarely,No,3,5,6,10,Low
EMP1982,Research & Development,Laboratory Technician,1,23,Male,Lab Systems,Read,Stable,No,5,2,1,4,Travel_Rarely,No,3,5,6,10,Low
EMP1985,Research & Development,Laboratory Technician,2,40,Female,Active Directory,Read,Stable,No,10,9,9,4,Travel_Frequently,No,3,10,2,25,Low
EMP1985,Research & Development,Laboratory Technician,2,40,Female,SAP,Read,Stable,No,10,9,9,4,Travel_Frequently,No,3,10,2,25,Low
EMP1985,Research & Development,Laboratory Technician,2,40,Female,SharePoint,Read,Stable,No,10,9,9,4,Travel_Frequently,No,3,10,2,25,Low
EMP1985,Research & Development,Laboratory Technician,2,40,Female,ServiceNow,Read,Stable,No,10,9,9,4,Travel_Frequently,No,3,10,2,25,Low
EMP1985,Research & Development,Laboratory Technician,2,40,Female,Lab Systems,Read,Stable,No,10,9,9,4,Travel_Frequently,No,3,10,2,25,Low
EMP1986,Sales,Sales Executive,2,40,Female,Active Directory,Write,Stable,No,11,8,5,10,Travel_Rarely,No,3,15,4,35,Medium
EMP1986,Sales,Sales Executive,2,40,Female,Salesforce,Write,Stable,No,11,8,5,10,Travel_Rarely,No,3,15,4,35,Medium
EMP1986,Sales,Sales Executive,2,40,Female,SharePoint,Write,Stable,No,11,8,5,10,Travel_Rarely,No,3,15,4,35,Medium
EMP1986,Sales,Sales Executive,2,40,Female,ServiceNow,Write,Stable,No,11,8,5,10,Travel_Rarely,No,3,15,4,35,Medium
EMP1986,Sales,Sales Executive,2,40,Female,CRM Portal,Write,Stable,No,11,8,5,10,Travel_Rarely,No,3,15,4,35,Medium
EMP1987,Human Resources,Human Resources,1,25,Female,Active Directory,Read,Mover,No,2,0,1,2,Travel_Rarely,No,3,6,3,30,Medium
EMP1987,Human Resources,Human Resources,1,25,Female,Workday,Read,Mover,No,2,0,1,2,Travel_Rarely,No,3,6,3,30,Medium
EMP1987,Human Resources,Human Resources,1,25,Female,SharePoint,Read,Mover,No,2,0,1,2,Travel_Rarely,No,3,6,3,30,Medium
EMP1987,Human Resources,Human Resources,1,25,Female,ServiceNow,Read,Mover,No,2,0,1,2,Travel_Rarely,No,3,6,3,30,Medium
EMP1987,Human Resources,Human Resources,1,25,Female,HR Portal,Read,Mover,No,2,0,1,2,Travel_Rarely,No,3,6,3,30,Medium
EMP1989,Research & Development,Laboratory Technician,1,30,Male,Active Directory,Read,Stable,No,12,8,1,7,Travel_Rarely,No,3,12,6,25,Low
EMP1989,Research & Development,Laboratory Technician,1,30,Male,SAP,Read,Stable,No,12,8,1,7,Travel_Rarely,No,3,12,6,25,Low
EMP1989,Research & Development,Laboratory Technician,1,30,Male,SharePoint,Read,Stable,No,12,8,1,7,Travel_Rarely,No,3,12,6,25,Low
EMP1989,Research & Development,Laboratory Technician,1,30,Male,ServiceNow,Read,Stable,No,12,8,1,7,Travel_Rarely,No,3,12,6,25,Low
EMP1989,Research & Development,Laboratory Technician,1,30,Male,Lab Systems,Read,Stable,No,12,8,1,7,Travel_Rarely,No,3,12,6,25,Low
EMP1992,Research & Development,Laboratory Technician,1,25,Male,Active Directory,Read,Stable,No,2,2,0,2,Travel_Rarely,Yes,3,7,2,20,Low
EMP1992,Research & Development,Laboratory Technician,1,25,Male,SAP,Read,Stable,No,2,2,0,2,Travel_Rarely,Yes,3,7,2,20,Low
EMP1992,Research & Development,Laboratory Technician,1,25,Male,SharePoint,Read,Stable,No,2,2,0,2,Travel_Rarely,Yes,3,7,2,20,Low
EMP1992,Research & Development,Laboratory Technician,1,25,Male,ServiceNow,Read,Stable,No,2,2,0,2,Travel_Rarely,Yes,3,7,2,20,Low
EMP1992,Research & Development,Laboratory Technician,1,25,Male,Lab Systems,Read,Stable,No,2,2,0,2,Travel_Rarely,Yes,3,7,2,20,Low
EMP1993,Research & Development,Healthcare Representative,3,47,Male,Active Directory,Read,Stable,No,17,14,12,11,Travel_Rarely,No,4,25,3,25,Low
EMP1993,Research & Development,Healthcare Representative,3,47,Male,SAP,Read,Stable,No,17,14,12,11,Travel_Rarely,No,4,25,3,25,Low
EMP1993,Research & Development,Healthcare Representative,3,47,Male,SharePoint,Read,Stable,No,17,14,12,11,Travel_Rarely,No,4,25,3,25,Low
EMP1993,Research & Development,Healthcare Representative,3,47,Male,ServiceNow,Read,Stable,No,17,14,12,11,Travel_Rarely,No,4,25,3,25,Low
EMP1993,Research & Development,Healthcare Representative,3,47,Male,Lab Systems,Read,Stable,No,17,14,12,11,Travel_Rarely,No,4,25,3,25,Low
EMP1994,Research & Development,Laboratory Technician,1,33,Male,Active Directory,Read,Mover,No,1,1,0,0,Non-Travel,No,3,1,2,35,Medium
EMP1994,Research & Development,Laboratory Technician,1,33,Male,SAP,Read,Mover,No,1,1,0,0,Non-Travel,No,3,1,2,35,Medium
EMP1994,Research & Development,Laboratory Technician,1,33,Male,SharePoint,Read,Mover,No,1,1,0,0,Non-Travel,No,3,1,2,35,Medium
EMP1994,Research & Development,Laboratory Technician,1,33,Male,ServiceNow,Read,Mover,No,1,1,0,0,Non-Travel,No,3,1,2,35,Medium
EMP1994,Research & Development,Laboratory Technician,1,33,Male,Lab Systems,Read,Mover,No,1,1,0,0,Non-Travel,No,3,1,2,35,Medium
EMP1995,Sales,Sales Executive,2,38,Male,Active Directory,Write,Stable,No,15,13,5,8,Travel_Rarely,No,3,16,3,35,Medium
EMP1995,Sales,Sales Executive,2,38,Male,Salesforce,Write,Stable,No,15,13,5,8,Travel_Rarely,No,3,16,3,35,Medium
EMP1995,Sales,Sales Executive,2,38,Male,SharePoint,Write,Stable,No,15,13,5,8,Travel_Rarely,No,3,16,3,35,Medium
EMP1995,Sales,Sales Executive,2,38,Male,ServiceNow,Write,Stable,No,15,13,5,8,Travel_Rarely,No,3,16,3,35,Medium
EMP1995,Sales,Sales Executive,2,38,Male,CRM Portal,Write,Stable,No,15,13,5,8,Travel_Rarely,No,3,16,3,35,Medium
EMP1996,Sales,Sales Representative,1,31,Male,Active Directory,Read,Stable,No,2,2,1,2,Travel_Rarely,No,3,3,1,10,Low
EMP1996,Sales,Sales Representative,1,31,Male,Salesforce,Read,Stable,No,2,2,1,2,Travel_Rarely,No,3,3,1,10,Low
EMP1996,Sales,Sales Representative,1,31,Male,SharePoint,Read,Stable,No,2,2,1,2,Travel_Rarely,No,3,3,1,10,Low
EMP1996,Sales,Sales Representative,1,31,Male,ServiceNow,Read,Stable,No,2,2,1,2,Travel_Rarely,No,3,3,1,10,Low
EMP1996,Sales,Sales Representative,1,31,Male,CRM Portal,Read,Stable,No,2,2,1,2,Travel_Rarely,No,3,3,1,10,Low
EMP1997,Research & Development,Manufacturing Director,2,38,Male,Active Directory,Write,Stable,No,8,3,7,7,Travel_Frequently,No,3,10,1,35,Medium
EMP1997,Research & Development,Manufacturing Director,2,38,Male,SAP,Write,Stable,No,8,3,7,7,Travel_Frequently,No,3,10,1,35,Medium
EMP1997,Research & Development,Manufacturing Director,2,38,Male,SharePoint,Write,Stable,No,8,3,7,7,Travel_Frequently,No,3,10,1,35,Medium
EMP1997,Research & Development,Manufacturing Director,2,38,Male,ServiceNow,Write,Stable,No,8,3,7,7,Travel_Frequently,No,3,10,1,35,Medium
EMP1997,Research & Development,Manufacturing Director,2,38,Male,Lab Systems,Write,Stable,No,8,3,7,7,Travel_Frequently,No,3,10,1,35,Medium
EMP1998,Research & Development,Research Scientist,2,42,Male,Active Directory,Write,Stable,No,4,3,1,2,Travel_Rarely,Yes,3,9,3,30,Medium
EMP1998,Research & Development,Research Scientist,2,42,Male,SAP,Write,Stable,No,4,3,1,2,Travel_Rarely,Yes,3,9,3,30,Medium
EMP1998,Research & Development,Research Scientist,2,42,Male,SharePoint,Write,Stable,No,4,3,1,2,Travel_Rarely,Yes,3,9,3,30,Medium
EMP1998,Research & Development,Research Scientist,2,42,Male,ServiceNow,Write,Stable,No,4,3,1,2,Travel_Rarely,Yes,3,9,3,30,Medium
EMP1998,Research & Development,Research Scientist,2,42,Male,Lab Systems,Write,Stable,No,4,3,1,2,Travel_Rarely,Yes,3,9,3,30,Medium
EMP1999,Research & Development,Research Scientist,1,41,Male,Active Directory,Write,Stable,No,5,3,1,0,Travel_Rarely,No,4,12,3,30,Medium
EMP1999,Research & Development,Research Scientist,1,41,Male,SAP,Write,Stable,No,5,3,1,0,Travel_Rarely,No,4,12,3,30,Medium
EMP1999,Research & Development,Research Scientist,1,41,Male,SharePoint,Write,Stable,No,5,3,1,0,Travel_Rarely,No,4,12,3,30,Medium
EMP1999,Research & Development,Research Scientist,1,41,Male,ServiceNow,Write,Stable,No,5,3,1,0,Travel_Rarely,No,4,12,3,30,Medium
EMP1999,Research & Development,Research Scientist,1,41,Male,Lab Systems,Write,Stable,No,5,3,1,0,Travel_Rarely,No,4,12,3,30,Medium
EMP2000,Research & Development,Research Director,3,47,Female,Active Directory,Admin,Stable,No,13,8,5,12,Non-Travel,No,3,14,3,45,Medium
EMP2000,Research & Development,Research Director,3,47,Female,SAP,Admin,Stable,No,13,8,5,12,Non-Travel,No,3,14,3,45,Medium
EMP2000,Research & Development,Research Director,3,47,Female,SharePoint,Admin,Stable,No,13,8,5,12,Non-Travel,No,3,14,3,45,Medium
EMP2000,Research & Development,Research Director,3,47,Female,ServiceNow,Admin,Stable,No,13,8,5,12,Non-Travel,No,3,14,3,45,Medium
EMP2000,Research & Development,Research Director,3,47,Female,Lab Systems,Admin,Stable,No,13,8,5,12,Non-Travel,No,3,14,3,45,Medium
EMP2003,Research & Development,Laboratory Technician,1,35,Male,Active Directory,Read,Stable,No,2,2,2,2,Travel_Rarely,Yes,3,5,3,20,Low
EMP2003,Research & Development,Laboratory Technician,1,35,Male,SAP,Read,Stable,No,2,2,2,2,Travel_Rarely,Yes,3,5,3,20,Low
EMP2003,Research & Development,Laboratory Technician,1,35,Male,SharePoint,Read,Stable,No,2,2,2,2,Travel_Rarely,Yes,3,5,3,20,Low
EMP2003,Research & Development,Laboratory Technician,1,35,Male,ServiceNow,Read,Stable,No,2,2,2,2,Travel_Rarely,Yes,3,5,3,20,Low
EMP2003,Research & Development,Laboratory Technician,1,35,Male,Lab Systems,Read,Stable,No,2,2,2,2,Travel_Rarely,Yes,3,5,3,20,Low
EMP2007,Research & Development,Research Scientist,1,22,Male,Active Directory,Write,Stable,No,3,2,1,2,Travel_Rarely,No,3,4,2,20,Low
EMP2007,Research & Development,Research Scientist,1,22,Male,SAP,Write,Stable,No,3,2,1,2,Travel_Rarely,No,3,4,2,20,Low
EMP2007,Research & Development,Research Scientist,1,22,Male,SharePoint,Write,Stable,No,3,2,1,2,Travel_Rarely,No,3,4,2,20,Low
EMP2007,Research & Development,Research Scientist,1,22,Male,ServiceNow,Write,Stable,No,3,2,1,2,Travel_Rarely,No,3,4,2,20,Low
EMP2007,Research & Development,Research Scientist,1,22,Male,Lab Systems,Write,Stable,No,3,2,1,2,Travel_Rarely,No,3,4,2,20,Low
EMP2008,Research & Development,Research Scientist,2,35,Male,Active Directory,Write,Stable,No,10,7,0,8,Travel_Rarely,No,3,10,5,30,Medium
EMP2008,Research & Development,Research Scientist,2,35,Male,SAP,Write,Stable,No,10,7,0,8,Travel_Rarely,No,3,10,5,30,Medium
EMP2008,Research & Development,Research Scientist,2,35,Male,SharePoint,Write,Stable,No,10,7,0,8,Travel_Rarely,No,3,10,5,30,Medium
EMP2008,Research & Development,Research Scientist,2,35,Male,ServiceNow,Write,Stable,No,10,7,0,8,Travel_Rarely,No,3,10,5,30,Medium
EMP2008,Research & Development,Research Scientist,2,35,Male,Lab Systems,Write,Stable,No,10,7,0,8,Travel_Rarely,No,3,10,5,30,Medium
EMP2009,Research & Development,Healthcare Representative,2,33,Female,Active Directory,Read,Stable,No,9,7,8,1,Travel_Rarely,Yes,3,10,6,40,Medium
EMP2009,Research & Development,Healthcare Representative,2,33,Female,SAP,Read,Stable,No,9,7,8,1,Travel_Rarely,Yes,3,10,6,40,Medium
EMP2009,Research & Development,Healthcare Representative,2,33,Female,SharePoint,Read,Stable,No,9,7,8,1,Travel_Rarely,Yes,3,10,6,40,Medium
EMP2009,Research & Development,Healthcare Representative,2,33,Female,ServiceNow,Read,Stable,No,9,7,8,1,Travel_Rarely,Yes,3,10,6,40,Medium
EMP2009,Research & Development,Healthcare Representative,2,33,Female,Lab Systems,Read,Stable,No,9,7,8,1,Travel_Rarely,Yes,3,10,6,40,Medium
EMP2010,Research & Development,Laboratory Technician,1,32,Female,Active Directory,Read,Stable,No,6,2,4,1,Travel_Rarely,No,3,6,3,30,Medium
EMP2010,Research & Development,Laboratory Technician,1,32,Female,SAP,Read,Stable,No,6,2,4,1,Travel_Rarely,No,3,6,3,30,Medium
EMP2010,Research & Development,Laboratory Technician,1,32,Female,SharePoint,Read,Stable,No,6,2,4,1,Travel_Rarely,No,3,6,3,30,Medium
EMP2010,Research & Development,Laboratory Technician,1,32,Female,ServiceNow,Read,Stable,No,6,2,4,1,Travel_Rarely,No,3,6,3,30,Medium
EMP2010,Research & Development,Laboratory Technician,1,32,Female,Lab Systems,Read,Stable,No,6,2,4,1,Travel_Rarely,No,3,6,3,30,Medium
EMP2012,Research & Development,Laboratory Technician,1,40,Male,Active Directory,Read,Mover,No,1,0,0,0,Travel_Rarely,No,3,8,3,40,Medium
EMP2012,Research & Development,Laboratory Technician,1,40,Male,SAP,Read,Mover,No,1,0,0,0,Travel_Rarely,No,3,8,3,40,Medium
EMP2012,Research & Development,Laboratory Technician,1,40,Male,SharePoint,Read,Mover,No,1,0,0,0,Travel_Rarely,No,3,8,3,40,Medium
EMP2012,Research & Development,Laboratory Technician,1,40,Male,ServiceNow,Read,Mover,No,1,0,0,0,Travel_Rarely,No,3,8,3,40,Medium
EMP2012,Research & Development,Laboratory Technician,1,40,Male,Lab Systems,Read,Mover,No,1,0,0,0,Travel_Rarely,No,3,8,3,40,Medium
EMP2013,Sales,Sales Representative,1,32,Male,Active Directory,Read,Stable,No,2,2,2,2,Travel_Rarely,No,3,3,2,10,Low
EMP2013,Sales,Sales Representative,1,32,Male,Salesforce,Read,Stable,No,2,2,2,2,Travel_Rarely,No,3,3,2,10,Low
EMP2013,Sales,Sales Representative,1,32,Male,SharePoint,Read,Stable,No,2,2,2,2,Travel_Rarely,No,3,3,2,10,Low
EMP2013,Sales,Sales Representative,1,32,Male,ServiceNow,Read,Stable,No,2,2,2,2,Travel_Rarely,No,3,3,2,10,Low
EMP2013,Sales,Sales Representative,1,32,Male,CRM Portal,Read,Stable,No,2,2,2,2,Travel_Rarely,No,3,3,2,10,Low
EMP2014,Research & Development,Research Scientist,2,39,Male,Active Directory,Write,Stable,No,7,7,1,7,Travel_Rarely,No,3,18,2,30,Medium
EMP2014,Research & Development,Research Scientist,2,39,Male,SAP,Write,Stable,No,7,7,1,7,Travel_Rarely,No,3,18,2,30,Medium
EMP2014,Research & Development,Research Scientist,2,39,Male,SharePoint,Write,Stable,No,7,7,1,7,Travel_Rarely,No,3,18,2,30,Medium
EMP2014,Research & Development,Research Scientist,2,39,Male,ServiceNow,Write,Stable,No,7,7,1,7,Travel_Rarely,No,3,18,2,30,Medium
EMP2014,Research & Development,Research Scientist,2,39,Male,Lab Systems,Write,Stable,No,7,7,1,7,Travel_Rarely,No,3,18,2,30,Medium
EMP2015,Research & Development,Research Director,3,38,Female,Active Directory,Admin,Stable,No,18,16,1,11,Travel_Rarely,No,3,20,3,50,High
EMP2015,Research & Development,Research Director,3,38,Female,SAP,Admin,Stable,No,18,16,1,11,Travel_Rarely,No,3,20,3,50,High
EMP2015,Research & Development,Research Director,3,38,Female,SharePoint,Admin,Stable,No,18,16,1,11,Travel_Rarely,No,3,20,3,50,High
EMP2015,Research & Development,Research Director,3,38,Female,ServiceNow,Admin,Stable,No,18,16,1,11,Travel_Rarely,No,3,20,3,50,High
EMP2015,Research & Development,Research Director,3,38,Female,Lab Systems,Admin,Stable,No,18,16,1,11,Travel_Rarely,No,3,20,3,50,High
EMP2016,Sales,Sales Executive,3,32,Female,Active Directory,Write,Stable,No,14,10,5,7,Travel_Rarely,No,3,14,3,35,Medium
EMP2016,Sales,Sales Executive,3,32,Female,Salesforce,Write,Stable,No,14,10,5,7,Travel_Rarely,No,3,14,3,35,Medium
EMP2016,Sales,Sales Executive,3,32,Female,SharePoint,Write,Stable,No,14,10,5,7,Travel_Rarely,No,3,14,3,35,Medium
EMP2016,Sales,Sales Executive,3,32,Female,ServiceNow,Write,Stable,No,14,10,5,7,Travel_Rarely,No,3,14,3,35,Medium
EMP2016,Sales,Sales Executive,3,32,Female,CRM Portal,Write,Stable,No,14,10,5,7,Travel_Rarely,No,3,14,3,35,Medium
EMP2017,Research & Development,Research Director,3,37,Female,Active Directory,Admin,Stable,No,16,11,6,8,Travel_Rarely,Yes,4,16,2,60,High
EMP2017,Research & Development,Research Director,3,37,Female,SAP,Admin,Stable,No,16,11,6,8,Travel_Rarely,Yes,4,16,2,60,High
EMP2017,Research & Development,Research Director,3,37,Female,SharePoint,Admin,Stable,No,16,11,6,8,Travel_Rarely,Yes,4,16,2,60,High
EMP2017,Research & Development,Research Director,3,37,Female,ServiceNow,Admin,Stable,No,16,11,6,8,Travel_Rarely,Yes,4,16,2,60,High
EMP2017,Research & Development,Research Director,3,37,Female,Lab Systems,Admin,Stable,No,16,11,6,8,Travel_Rarely,Yes,4,16,2,60,High
EMP2018,Sales,Sales Executive,2,25,Female,Active Directory,Write,Stable,No,5,3,0,4,Travel_Rarely,Yes,4,6,3,30,Medium
EMP2018,Sales,Sales Executive,2,25,Female,Salesforce,Write,Stable,No,5,3,0,4,Travel_Rarely,Yes,4,6,3,30,Medium
EMP2018,Sales,Sales Executive,2,25,Female,SharePoint,Write,Stable,No,5,3,0,4,Travel_Rarely,Yes,4,6,3,30,Medium
EMP2018,Sales,Sales Executive,2,25,Female,ServiceNow,Write,Stable,No,5,3,0,4,Travel_Rarely,Yes,4,6,3,30,Medium
EMP2018,Sales,Sales Executive,2,25,Female,CRM Portal,Write,Stable,No,5,3,0,4,Travel_Rarely,Yes,4,6,3,30,Medium
EMP2019,Sales,Sales Representative,1,52,Male,Active Directory,Read,Stable,No,9,8,0,0,Non-Travel,No,3,16,3,25,Low
EMP2019,Sales,Sales Representative,1,52,Male,Salesforce,Read,Stable,No,9,8,0,0,Non-Travel,No,3,16,3,25,Low
EMP2019,Sales,Sales Representative,1,52,Male,SharePoint,Read,Stable,No,9,8,0,0,Non-Travel,No,3,16,3,25,Low
EMP2019,Sales,Sales Representative,1,52,Male,ServiceNow,Read,Stable,No,9,8,0,0,Non-Travel,No,3,16,3,25,Low
EMP2019,Sales,Sales Representative,1,52,Male,CRM Portal,Read,Stable,No,9,8,0,0,Non-Travel,No,3,16,3,25,Low
EMP2020,Research & Development,Research Scientist,1,44,Male,Active Directory,Write,Stable,No,4,3,1,2,Travel_Rarely,Yes,3,6,2,30,Medium
EMP2020,Research & Development,Research Scientist,1,44,Male,SAP,Write,Stable,No,4,3,1,2,Travel_Rarely,Yes,3,6,2,30,Medium
EMP2020,Research & Development,Research Scientist,1,44,Male,SharePoint,Write,Stable,No,4,3,1,2,Travel_Rarely,Yes,3,6,2,30,Medium
EMP2020,Research & Development,Research Scientist,1,44,Male,ServiceNow,Write,Stable,No,4,3,1,2,Travel_Rarely,Yes,3,6,2,30,Medium
EMP2020,Research & Development,Research Scientist,1,44,Male,Lab Systems,Write,Stable,No,4,3,1,2,Travel_Rarely,Yes,3,6,2,30,Medium
EMP2021,Sales,Sales Representative,1,21,Male,Active Directory,Read,Stable,No,2,2,1,2,Travel_Rarely,Yes,3,2,6,20,Low
EMP2021,Sales,Sales Representative,1,21,Male,Salesforce,Read,Stable,No,2,2,1,2,Travel_Rarely,Yes,3,2,6,20,Low
EMP2021,Sales,Sales Representative,1,21,Male,SharePoint,Read,Stable,No,2,2,1,2,Travel_Rarely,Yes,3,2,6,20,Low
EMP2021,Sales,Sales Representative,1,21,Male,ServiceNow,Read,Stable,No,2,2,1,2,Travel_Rarely,Yes,3,2,6,20,Low
EMP2021,Sales,Sales Representative,1,21,Male,CRM Portal,Read,Stable,No,2,2,1,2,Travel_Rarely,Yes,3,2,6,20,Low
EMP2022,Research & Development,Manager,5,39,Male,Active Directory,Write,Mover,No,6,0,1,3,Non-Travel,No,3,21,3,45,Medium
EMP2022,Research & Development,Manager,5,39,Male,SAP,Write,Mover,No,6,0,1,3,Non-Travel,No,3,21,3,45,Medium
EMP2022,Research & Development,Manager,5,39,Male,SharePoint,Write,Mover,No,6,0,1,3,Non-Travel,No,3,21,3,45,Medium
EMP2022,Research & Development,Manager,5,39,Male,ServiceNow,Write,Mover,No,6,0,1,3,Non-Travel,No,3,21,3,45,Medium
EMP2022,Research & Development,Manager,5,39,Male,Lab Systems,Write,Mover,No,6,0,1,3,Non-Travel,No,3,21,3,45,Medium
EMP2023,Sales,Sales Representative,1,23,Male,Active Directory,Read,Leaver,Yes,1,0,1,0,Travel_Frequently,No,3,1,3,65,High
EMP2023,Sales,Sales Representative,1,23,Male,Salesforce,Read,Leaver,Yes,1,0,1,0,Travel_Frequently,No,3,1,3,65,High
EMP2023,Sales,Sales Representative,1,23,Male,SharePoint,Read,Leaver,Yes,1,0,1,0,Travel_Frequently,No,3,1,3,65,High
EMP2023,Sales,Sales Representative,1,23,Male,ServiceNow,Read,Leaver,Yes,1,0,1,0,Travel_Frequently,No,3,1,3,65,High
EMP2023,Sales,Sales Representative,1,23,Male,CRM Portal,Read,Leaver,Yes,1,0,1,0,Travel_Frequently,No,3,1,3,65,High
EMP2024,Sales,Sales Executive,3,36,Female,Active Directory,Write,Stable,No,9,7,3,4,Travel_Rarely,No,3,10,2,30,Medium
EMP2024,Sales,Sales Executive,3,36,Female,Salesforce,Write,Stable,No,9,7,3,4,Travel_Rarely,No,3,10,2,30,Medium
EMP2024,Sales,Sales Executive,3,36,Female,SharePoint,Write,Stable,No,9,7,3,4,Travel_Rarely,No,3,10,2,30,Medium
EMP2024,Sales,Sales Executive,3,36,Female,ServiceNow,Write,Stable,No,9,7,3,4,Travel_Rarely,No,3,10,2,30,Medium
EMP2024,Sales,Sales Executive,3,36,Female,CRM Portal,Write,Stable,No,9,7,3,4,Travel_Rarely,No,3,10,2,30,Medium
EMP2025,Research & Development,Manufacturing Director,2,36,Female,Active Directory,Write,Stable,No,4,2,0,2,Travel_Frequently,No,3,18,3,25,Low
EMP2025,Research & Development,Manufacturing Director,2,36,Female,SAP,Write,Stable,No,4,2,0,2,Travel_Frequently,No,3,18,3,25,Low
EMP2025,Research & Development,Manufacturing Director,2,36,Female,SharePoint,Write,Stable,No,4,2,0,2,Travel_Frequently,No,3,18,3,25,Low
EMP2025,Research & Development,Manufacturing Director,2,36,Female,ServiceNow,Write,Stable,No,4,2,0,2,Travel_Frequently,No,3,18,3,25,Low
EMP2025,Research & Development,Manufacturing Director,2,36,Female,Lab Systems,Write,Stable,No,4,2,0,2,Travel_Frequently,No,3,18,3,25,Low
EMP2026,Research & Development,Healthcare Representative,2,56,Male,Active Directory,Read,Stable,No,13,12,1,9,Non-Travel,No,4,13,2,20,Low
EMP2026,Research & Development,Healthcare Representative,2,56,Male,SAP,Read,Stable,No,13,12,1,9,Non-Travel,No,4,13,2,20,Low
EMP2026,Research & Development,Healthcare Representative,2,56,Male,SharePoint,Read,Stable,No,13,12,1,9,Non-Travel,No,4,13,2,20,Low
EMP2026,Research & Development,Healthcare Representative,2,56,Male,ServiceNow,Read,Stable,No,13,12,1,9,Non-Travel,No,4,13,2,20,Low
EMP2026,Research & Development,Healthcare Representative,2,56,Male,Lab Systems,Read,Stable,No,13,12,1,9,Non-Travel,No,4,13,2,20,Low
EMP2027,Research & Development,Research Scientist,1,29,Male,Active Directory,Write,Leaver,Yes,2,2,2,2,Travel_Rarely,Yes,3,4,3,70,Critical
EMP2027,Research & Development,Research Scientist,1,29,Male,SAP,Write,Leaver,Yes,2,2,2,2,Travel_Rarely,Yes,3,4,3,70,Critical
EMP2027,Research & Development,Research Scientist,1,29,Male,SharePoint,Write,Leaver,Yes,2,2,2,2,Travel_Rarely,Yes,3,4,3,70,Critical
EMP2027,Research & Development,Research Scientist,1,29,Male,ServiceNow,Write,Leaver,Yes,2,2,2,2,Travel_Rarely,Yes,3,4,3,70,Critical
EMP2027,Research & Development,Research Scientist,1,29,Male,Lab Systems,Write,Leaver,Yes,2,2,2,2,Travel_Rarely,Yes,3,4,3,70,Critical
EMP2031,Research & Development,Manager,5,42,Male,Active Directory,Write,Stable,No,22,6,4,14,Travel_Rarely,No,3,24,2,35,Medium
EMP2031,Research & Development,Manager,5,42,Male,SAP,Write,Stable,No,22,6,4,14,Travel_Rarely,No,3,24,2,35,Medium
EMP2031,Research & Development,Manager,5,42,Male,SharePoint,Write,Stable,No,22,6,4,14,Travel_Rarely,No,3,24,2,35,Medium
EMP2031,Research & Development,Manager,5,42,Male,ServiceNow,Write,Stable,No,22,6,4,14,Travel_Rarely,No,3,24,2,35,Medium
EMP2031,Research & Development,Manager,5,42,Male,Lab Systems,Write,Stable,No,22,6,4,14,Travel_Rarely,No,3,24,2,35,Medium
EMP2032,Research & Development,Laboratory Technician,1,56,Male,Active Directory,Read,Leaver,Yes,10,9,9,8,Travel_Rarely,No,3,14,4,60,High
EMP2032,Research & Development,Laboratory Technician,1,56,Male,SAP,Read,Leaver,Yes,10,9,9,8,Travel_Rarely,No,3,14,4,60,High
EMP2032,Research & Development,Laboratory Technician,1,56,Male,SharePoint,Read,Leaver,Yes,10,9,9,8,Travel_Rarely,No,3,14,4,60,High
EMP2032,Research & Development,Laboratory Technician,1,56,Male,ServiceNow,Read,Leaver,Yes,10,9,9,8,Travel_Rarely,No,3,14,4,60,High
EMP2032,Research & Development,Laboratory Technician,1,56,Male,Lab Systems,Read,Leaver,Yes,10,9,9,8,Travel_Rarely,No,3,14,4,60,High
EMP2034,Research & Development,Manufacturing Director,4,41,Female,Active Directory,Write,Stable,No,20,7,0,10,Travel_Rarely,No,4,21,3,35,Medium
EMP2034,Research & Development,Manufacturing Director,4,41,Female,SAP,Write,Stable,No,20,7,0,10,Travel_Rarely,No,4,21,3,35,Medium
EMP2034,Research & Development,Manufacturing Director,4,41,Female,SharePoint,Write,Stable,No,20,7,0,10,Travel_Rarely,No,4,21,3,35,Medium
EMP2034,Research & Development,Manufacturing Director,4,41,Female,ServiceNow,Write,Stable,No,20,7,0,10,Travel_Rarely,No,4,21,3,35,Medium
EMP2034,Research & Development,Manufacturing Director,4,41,Female,Lab Systems,Write,Stable,No,20,7,0,10,Travel_Rarely,No,4,21,3,35,Medium
EMP2035,Sales,Sales Executive,2,34,Female,Active Directory,Write,Stable,No,8,7,1,7,Travel_Rarely,No,4,8,2,30,Medium
EMP2035,Sales,Sales Executive,2,34,Female,Salesforce,Write,Stable,No,8,7,1,7,Travel_Rarely,No,4,8,2,30,Medium
EMP2035,Sales,Sales Executive,2,34,Female,SharePoint,Write,Stable,No,8,7,1,7,Travel_Rarely,No,4,8,2,30,Medium
EMP2035,Sales,Sales Executive,2,34,Female,ServiceNow,Write,Stable,No,8,7,1,7,Travel_Rarely,No,4,8,2,30,Medium
EMP2035,Sales,Sales Executive,2,34,Female,CRM Portal,Write,Stable,No,8,7,1,7,Travel_Rarely,No,4,8,2,30,Medium
EMP2036,Sales,Sales Executive,2,36,Male,Active Directory,Write,Stable,No,15,12,11,11,Non-Travel,No,4,15,4,30,Medium
EMP2036,Sales,Sales Executive,2,36,Male,Salesforce,Write,Stable,No,15,12,11,11,Non-Travel,No,4,15,4,30,Medium
EMP2036,Sales,Sales Executive,2,36,Male,SharePoint,Write,Stable,No,15,12,11,11,Non-Travel,No,4,15,4,30,Medium
EMP2036,Sales,Sales Executive,2,36,Male,ServiceNow,Write,Stable,No,15,12,11,11,Non-Travel,No,4,15,4,30,Medium
EMP2036,Sales,Sales Executive,2,36,Male,CRM Portal,Write,Stable,No,15,12,11,11,Non-Travel,No,4,15,4,30,Medium
EMP2037,Sales,Sales Executive,2,41,Male,Active Directory,Write,Stable,No,5,4,0,4,Travel_Rarely,No,3,14,5,20,Low
EMP2037,Sales,Sales Executive,2,41,Male,Salesforce,Write,Stable,No,5,4,0,4,Travel_Rarely,No,3,14,5,20,Low
EMP2037,Sales,Sales Executive,2,41,Male,SharePoint,Write,Stable,No,5,4,0,4,Travel_Rarely,No,3,14,5,20,Low
EMP2037,Sales,Sales Executive,2,41,Male,ServiceNow,Write,Stable,No,5,4,0,4,Travel_Rarely,No,3,14,5,20,Low
EMP2037,Sales,Sales Executive,2,41,Male,CRM Portal,Write,Stable,No,5,4,0,4,Travel_Rarely,No,3,14,5,20,Low
EMP2038,Research & Development,Research Scientist,1,32,Male,Active Directory,Write,Stable,No,4,2,1,2,Travel_Rarely,No,3,4,4,20,Low
EMP2038,Research & Development,Research Scientist,1,32,Male,SAP,Write,Stable,No,4,2,1,2,Travel_Rarely,No,3,4,4,20,Low
EMP2038,Research & Development,Research Scientist,1,32,Male,SharePoint,Write,Stable,No,4,2,1,2,Travel_Rarely,No,3,4,4,20,Low
EMP2038,Research & Development,Research Scientist,1,32,Male,ServiceNow,Write,Stable,No,4,2,1,2,Travel_Rarely,No,3,4,4,20,Low
EMP2038,Research & Development,Research Scientist,1,32,Male,Lab Systems,Write,Stable,No,4,2,1,2,Travel_Rarely,No,3,4,4,20,Low
EMP2040,Human Resources,Human Resources,3,35,Female,Active Directory,Read,Mover,No,9,0,1,7,Travel_Rarely,Yes,3,9,2,50,High
EMP2040,Human Resources,Human Resources,3,35,Female,Workday,Read,Mover,No,9,0,1,7,Travel_Rarely,Yes,3,9,2,50,High
EMP2040,Human Resources,Human Resources,3,35,Female,SharePoint,Read,Mover,No,9,0,1,7,Travel_Rarely,Yes,3,9,2,50,High
EMP2040,Human Resources,Human Resources,3,35,Female,ServiceNow,Read,Mover,No,9,0,1,7,Travel_Rarely,Yes,3,9,2,50,High
EMP2040,Human Resources,Human Resources,3,35,Female,HR Portal,Read,Mover,No,9,0,1,7,Travel_Rarely,Yes,3,9,2,50,High
EMP2041,Sales,Sales Executive,2,38,Female,Active Directory,Write,Stable,No,10,7,1,9,Travel_Rarely,No,3,10,1,30,Medium
EMP2041,Sales,Sales Executive,2,38,Female,Salesforce,Write,Stable,No,10,7,1,9,Travel_Rarely,No,3,10,1,30,Medium
EMP2041,Sales,Sales Executive,2,38,Female,SharePoint,Write,Stable,No,10,7,1,9,Travel_Rarely,No,3,10,1,30,Medium
EMP2041,Sales,Sales Executive,2,38,Female,ServiceNow,Write,Stable,No,10,7,1,9,Travel_Rarely,No,3,10,1,30,Medium
EMP2041,Sales,Sales Executive,2,38,Female,CRM Portal,Write,Stable,No,10,7,1,9,Travel_Rarely,No,3,10,1,30,Medium
EMP2044,Sales,Sales Executive,2,50,Male,Active Directory,Write,Leaver,Yes,6,3,0,1,Travel_Frequently,No,3,12,3,85,Critical
EMP2044,Sales,Sales Executive,2,50,Male,Salesforce,Write,Leaver,Yes,6,3,0,1,Travel_Frequently,No,3,12,3,85,Critical
EMP2044,Sales,Sales Executive,2,50,Male,SharePoint,Write,Leaver,Yes,6,3,0,1,Travel_Frequently,No,3,12,3,85,Critical
EMP2044,Sales,Sales Executive,2,50,Male,ServiceNow,Write,Leaver,Yes,6,3,0,1,Travel_Frequently,No,3,12,3,85,Critical
EMP2044,Sales,Sales Executive,2,50,Male,CRM Portal,Write,Leaver,Yes,6,3,0,1,Travel_Frequently,No,3,12,3,85,Critical
EMP2045,Sales,Sales Executive,2,36,Female,Active Directory,Write,Stable,No,6,3,0,0,Travel_Rarely,No,3,8,2,40,Medium
EMP2045,Sales,Sales Executive,2,36,Female,Salesforce,Write,Stable,No,6,3,0,0,Travel_Rarely,No,3,8,2,40,Medium
EMP2045,Sales,Sales Executive,2,36,Female,SharePoint,Write,Stable,No,6,3,0,0,Travel_Rarely,No,3,8,2,40,Medium
EMP2045,Sales,Sales Executive,2,36,Female,ServiceNow,Write,Stable,No,6,3,0,0,Travel_Rarely,No,3,8,2,40,Medium
EMP2045,Sales,Sales Executive,2,36,Female,CRM Portal,Write,Stable,No,6,3,0,0,Travel_Rarely,No,3,8,2,40,Medium
EMP2046,Sales,Sales Executive,2,45,Female,Active Directory,Write,Stable,No,5,3,0,1,Travel_Rarely,No,3,8,3,30,Medium
EMP2046,Sales,Sales Executive,2,45,Female,Salesforce,Write,Stable,No,5,3,0,1,Travel_Rarely,No,3,8,3,30,Medium
EMP2046,Sales,Sales Executive,2,45,Female,SharePoint,Write,Stable,No,5,3,0,1,Travel_Rarely,No,3,8,3,30,Medium
EMP2046,Sales,Sales Executive,2,45,Female,ServiceNow,Write,Stable,No,5,3,0,1,Travel_Rarely,No,3,8,3,30,Medium
EMP2046,Sales,Sales Executive,2,45,Female,CRM Portal,Write,Stable,No,5,3,0,1,Travel_Rarely,No,3,8,3,30,Medium
EMP2048,Research & Development,Research Scientist,1,40,Male,Active Directory,Write,Stable,No,2,2,2,2,Travel_Rarely,No,3,8,2,20,Low
EMP2048,Research & Development,Research Scientist,1,40,Male,SAP,Write,Stable,No,2,2,2,2,Travel_Rarely,No,3,8,2,20,Low
EMP2048,Research & Development,Research Scientist,1,40,Male,SharePoint,Write,Stable,No,2,2,2,2,Travel_Rarely,No,3,8,2,20,Low
EMP2048,Research & Development,Research Scientist,1,40,Male,ServiceNow,Write,Stable,No,2,2,2,2,Travel_Rarely,No,3,8,2,20,Low
EMP2048,Research & Development,Research Scientist,1,40,Male,Lab Systems,Write,Stable,No,2,2,2,2,Travel_Rarely,No,3,8,2,20,Low
EMP2049,Research & Development,Healthcare Representative,2,35,Male,Active Directory,Read,Stable,No,10,2,0,2,Travel_Frequently,Yes,3,10,2,35,Medium
EMP2049,Research & Development,Healthcare Representative,2,35,Male,SAP,Read,Stable,No,10,2,0,2,Travel_Frequently,Yes,3,10,2,35,Medium
EMP2049,Research & Development,Healthcare Representative,2,35,Male,SharePoint,Read,Stable,No,10,2,0,2,Travel_Frequently,Yes,3,10,2,35,Medium
EMP2049,Research & Development,Healthcare Representative,2,35,Male,ServiceNow,Read,Stable,No,10,2,0,2,Travel_Frequently,Yes,3,10,2,35,Medium
EMP2049,Research & Development,Healthcare Representative,2,35,Male,Lab Systems,Read,Stable,No,10,2,0,2,Travel_Frequently,Yes,3,10,2,35,Medium
EMP2051,Research & Development,Research Scientist,1,40,Female,Active Directory,Write,Stable,No,5,3,0,2,Travel_Rarely,No,3,20,2,20,Low
EMP2051,Research & Development,Research Scientist,1,40,Female,SAP,Write,Stable,No,5,3,0,2,Travel_Rarely,No,3,20,2,20,Low
EMP2051,Research & Development,Research Scientist,1,40,Female,SharePoint,Write,Stable,No,5,3,0,2,Travel_Rarely,No,3,20,2,20,Low
EMP2051,Research & Development,Research Scientist,1,40,Female,ServiceNow,Write,Stable,No,5,3,0,2,Travel_Rarely,No,3,20,2,20,Low
EMP2051,Research & Development,Research Scientist,1,40,Female,Lab Systems,Write,Stable,No,5,3,0,2,Travel_Rarely,No,3,20,2,20,Low
EMP2052,Research & Development,Research Scientist,1,35,Female,Active Directory,Write,Stable,No,4,3,1,1,Travel_Rarely,No,3,4,5,30,Medium
EMP2052,Research & Development,Research Scientist,1,35,Female,SAP,Write,Stable,No,4,3,1,1,Travel_Rarely,No,3,4,5,30,Medium
EMP2052,Research & Development,Research Scientist,1,35,Female,SharePoint,Write,Stable,No,4,3,1,1,Travel_Rarely,No,3,4,5,30,Medium
EMP2052,Research & Development,Research Scientist,1,35,Female,ServiceNow,Write,Stable,No,4,3,1,1,Travel_Rarely,No,3,4,5,30,Medium
EMP2052,Research & Development,Research Scientist,1,35,Female,Lab Systems,Write,Stable,No,4,3,1,1,Travel_Rarely,No,3,4,5,30,Medium
EMP2053,Research & Development,Laboratory Technician,2,29,Male,Active Directory,Read,Stable,No,4,3,0,3,Travel_Rarely,Yes,3,10,2,20,Low
EMP2053,Research & Development,Laboratory Technician,2,29,Male,SAP,Read,Stable,No,4,3,0,3,Travel_Rarely,Yes,3,10,2,20,Low
EMP2053,Research & Development,Laboratory Technician,2,29,Male,SharePoint,Read,Stable,No,4,3,0,3,Travel_Rarely,Yes,3,10,2,20,Low
EMP2053,Research & Development,Laboratory Technician,2,29,Male,ServiceNow,Read,Stable,No,4,3,0,3,Travel_Rarely,Yes,3,10,2,20,Low
EMP2053,Research & Development,Laboratory Technician,2,29,Male,Lab Systems,Read,Stable,No,4,3,0,3,Travel_Rarely,Yes,3,10,2,20,Low
EMP2054,Research & Development,Research Scientist,1,29,Female,Active Directory,Write,Stable,No,5,4,0,4,Travel_Rarely,No,3,5,3,20,Low
EMP2054,Research & Development,Research Scientist,1,29,Female,SAP,Write,Stable,No,5,4,0,4,Travel_Rarely,No,3,5,3,20,Low
EMP2054,Research & Development,Research Scientist,1,29,Female,SharePoint,Write,Stable,No,5,4,0,4,Travel_Rarely,No,3,5,3,20,Low
EMP2054,Research & Development,Research Scientist,1,29,Female,ServiceNow,Write,Stable,No,5,4,0,4,Travel_Rarely,No,3,5,3,20,Low
EMP2054,Research & Development,Research Scientist,1,29,Female,Lab Systems,Write,Stable,No,5,4,0,4,Travel_Rarely,No,3,5,3,20,Low
EMP2055,Sales,Sales Executive,3,50,Male,Active Directory,Write,Leaver,Yes,3,2,2,0,Travel_Rarely,Yes,3,20,3,80,Critical
EMP2055,Sales,Sales Executive,3,50,Male,Salesforce,Write,Leaver,Yes,3,2,2,0,Travel_Rarely,Yes,3,20,3,80,Critical
EMP2055,Sales,Sales Executive,3,50,Male,SharePoint,Write,Leaver,Yes,3,2,2,0,Travel_Rarely,Yes,3,20,3,80,Critical
EMP2055,Sales,Sales Executive,3,50,Male,ServiceNow,Write,Leaver,Yes,3,2,2,0,Travel_Rarely,Yes,3,20,3,80,Critical
EMP2055,Sales,Sales Executive,3,50,Male,CRM Portal,Write,Leaver,Yes,3,2,2,0,Travel_Rarely,Yes,3,20,3,80,Critical
EMP2056,Sales,Sales Executive,4,39,Female,Active Directory,Write,Stable,No,20,9,9,6,Travel_Rarely,No,3,21,2,35,Medium
EMP2056,Sales,Sales Executive,4,39,Female,Salesforce,Write,Stable,No,20,9,9,6,Travel_Rarely,No,3,21,2,35,Medium
EMP2056,Sales,Sales Executive,4,39,Female,SharePoint,Write,Stable,No,20,9,9,6,Travel_Rarely,No,3,21,2,35,Medium
EMP2056,Sales,Sales Executive,4,39,Female,ServiceNow,Write,Stable,No,20,9,9,6,Travel_Rarely,No,3,21,2,35,Medium
EMP2056,Sales,Sales Executive,4,39,Female,CRM Portal,Write,Stable,No,20,9,9,6,Travel_Rarely,No,3,21,2,35,Medium
EMP2057,Research & Development,Manufacturing Director,2,31,Male,Active Directory,Write,Stable,No,9,4,1,7,Non-Travel,No,3,10,2,25,Low
EMP2057,Research & Development,Manufacturing Director,2,31,Male,SAP,Write,Stable,No,9,4,1,7,Non-Travel,No,3,10,2,25,Low
EMP2057,Research & Development,Manufacturing Director,2,31,Male,SharePoint,Write,Stable,No,9,4,1,7,Non-Travel,No,3,10,2,25,Low
EMP2057,Research & Development,Manufacturing Director,2,31,Male,ServiceNow,Write,Stable,No,9,4,1,7,Non-Travel,No,3,10,2,25,Low
EMP2057,Research & Development,Manufacturing Director,2,31,Male,Lab Systems,Write,Stable,No,9,4,1,7,Non-Travel,No,3,10,2,25,Low
EMP2060,Sales,Sales Representative,1,26,Female,Active Directory,Read,Stable,No,4,2,0,0,Travel_Rarely,No,3,5,2,20,Low
EMP2060,Sales,Sales Representative,1,26,Female,Salesforce,Read,Stable,No,4,2,0,0,Travel_Rarely,No,3,5,2,20,Low
EMP2060,Sales,Sales Representative,1,26,Female,SharePoint,Read,Stable,No,4,2,0,0,Travel_Rarely,No,3,5,2,20,Low
EMP2060,Sales,Sales Representative,1,26,Female,ServiceNow,Read,Stable,No,4,2,0,0,Travel_Rarely,No,3,5,2,20,Low
EMP2060,Sales,Sales Representative,1,26,Female,CRM Portal,Read,Stable,No,4,2,0,0,Travel_Rarely,No,3,5,2,20,Low
EMP2061,Research & Development,Laboratory Technician,2,36,Male,Active Directory,Read,Stable,No,5,2,0,3,Travel_Frequently,No,3,17,3,15,Low
EMP2061,Research & Development,Laboratory Technician,2,36,Male,SAP,Read,Stable,No,5,2,0,3,Travel_Frequently,No,3,17,3,15,Low
EMP2061,Research & Development,Laboratory Technician,2,36,Male,SharePoint,Read,Stable,No,5,2,0,3,Travel_Frequently,No,3,17,3,15,Low
EMP2061,Research & Development,Laboratory Technician,2,36,Male,ServiceNow,Read,Stable,No,5,2,0,3,Travel_Frequently,No,3,17,3,15,Low
EMP2061,Research & Development,Laboratory Technician,2,36,Male,Lab Systems,Read,Stable,No,5,2,0,3,Travel_Frequently,No,3,17,3,15,Low
EMP2062,Research & Development,Healthcare Representative,3,39,Male,Active Directory,Read,Stable,No,7,7,1,7,Travel_Rarely,No,3,9,5,20,Low
EMP2062,Research & Development,Healthcare Representative,3,39,Male,SAP,Read,Stable,No,7,7,1,7,Travel_Rarely,No,3,9,5,20,Low
EMP2062,Research & Development,Healthcare Representative,3,39,Male,SharePoint,Read,Stable,No,7,7,1,7,Travel_Rarely,No,3,9,5,20,Low
EMP2062,Research & Development,Healthcare Representative,3,39,Male,ServiceNow,Read,Stable,No,7,7,1,7,Travel_Rarely,No,3,9,5,20,Low
EMP2062,Research & Development,Healthcare Representative,3,39,Male,Lab Systems,Read,Stable,No,7,7,1,7,Travel_Rarely,No,3,9,5,20,Low
EMP2064,Research & Development,Manufacturing Director,2,27,Male,Active Directory,Write,Stable,No,6,2,0,3,Travel_Rarely,Yes,4,6,0,40,Medium
EMP2064,Research & Development,Manufacturing Director,2,27,Male,SAP,Write,Stable,No,6,2,0,3,Travel_Rarely,Yes,4,6,0,40,Medium
EMP2064,Research & Development,Manufacturing Director,2,27,Male,SharePoint,Write,Stable,No,6,2,0,3,Travel_Rarely,Yes,4,6,0,40,Medium
EMP2064,Research & Development,Manufacturing Director,2,27,Male,ServiceNow,Write,Stable,No,6,2,0,3,Travel_Rarely,Yes,4,6,0,40,Medium
EMP2064,Research & Development,Manufacturing Director,2,27,Male,Lab Systems,Write,Stable,No,6,2,0,3,Travel_Rarely,Yes,4,6,0,40,Medium
EMP2065,Sales,Sales Executive,2,49,Male,Active Directory,Write,Stable,No,9,6,0,8,Travel_Frequently,No,3,17,3,35,Medium
EMP2065,Sales,Sales Executive,2,49,Male,Salesforce,Write,Stable,No,9,6,0,8,Travel_Frequently,No,3,17,3,35,Medium
EMP2065,Sales,Sales Executive,2,49,Male,SharePoint,Write,Stable,No,9,6,0,8,Travel_Frequently,No,3,17,3,35,Medium
EMP2065,Sales,Sales Executive,2,49,Male,ServiceNow,Write,Stable,No,9,6,0,8,Travel_Frequently,No,3,17,3,35,Medium
EMP2065,Sales,Sales Executive,2,49,Male,CRM Portal,Write,Stable,No,9,6,0,8,Travel_Frequently,No,3,17,3,35,Medium
EMP2068,Research & Development,Laboratory Technician,2,34,Male,Active Directory,Read,Stable,No,4,3,1,2,Travel_Rarely,No,3,6,3,10,Low
EMP2068,Research & Development,Laboratory Technician,2,34,Male,SAP,Read,Stable,No,4,3,1,2,Travel_Rarely,No,3,6,3,10,Low
EMP2068,Research & Development,Laboratory Technician,2,34,Male,SharePoint,Read,Stable,No,4,3,1,2,Travel_Rarely,No,3,6,3,10,Low
EMP2068,Research & Development,Laboratory Technician,2,34,Male,ServiceNow,Read,Stable,No,4,3,1,2,Travel_Rarely,No,3,6,3,10,Low
EMP2068,Research & Development,Laboratory Technician,2,34,Male,Lab Systems,Read,Stable,No,4,3,1,2,Travel_Rarely,No,3,6,3,10,Low
